shortcode,ig_handle,group_name,posted_at,snapshot_ts,hours_since_upload,likes,comments,shares,saves,views,likes_delta,comments_delta
DVvQS_zFKHM,itzy.all.in.us,ITZY,2026-03-11T18:00:00+09:00,2026-03-14T14:29:15.543539+09:00,68.5,174959,487,0,0,2025523,10331,487
DVxSuy7EjoR,itzy.all.in.us,ITZY,2026-03-12T13:00:00+09:00,2026-03-14T14:29:15.543539+09:00,49.5,106654,514,0,0,1038494,6416,514
DVxnZBKROCx,itzy.all.in.us,ITZY,2026-03-12T16:00:00+09:00,2026-03-14T14:29:15.543539+09:00,46.5,109686,367,0,0,1329829,53,367
DV0q65bkuon,itzy.all.in.us,ITZY,2026-03-13T20:30:36+09:00,2026-03-14T14:29:15.543539+09:00,18.0,57906,269,0,0,831012,3295,269
DV0zqapEhKl,itzy.all.in.us,ITZY,2026-03-13T21:48:24+09:00,2026-03-14T14:29:15.543539+09:00,16.7,135943,1154,0,0,1284093,5227,1154
DVvTr1bkw3z,we.madein.u,MADEIN,2026-03-11T18:30:00+09:00,2026-03-14T15:29:15.370500+09:00,69.0,3007,12,0,0,46402,4,12
DVvaoNLk4JN,we.madein.u,MADEIN,2026-03-11T19:30:00+09:00,2026-03-14T15:29:15.370500+09:00,68.0,5016,14,0,0,59146,4,14
DVveA-_E1Eu,we.madein.u,MADEIN,2026-03-11T20:00:00+09:00,2026-03-14T15:29:15.370500+09:00,67.5,4928,7,0,0,301152,4,7
DVx1GhwE5Zz,we.madein.u,MADEIN,2026-03-12T18:00:00+09:00,2026-03-14T15:29:15.370500+09:00,45.5,2281,15,0,0,68422,9,15
DVyCyi4EzRI,we.madein.u,MADEIN,2026-03-12T20:00:00+09:00,2026-03-14T15:29:15.370500+09:00,43.5,3576,6,0,0,72551,14,6
DVyGP4ek5TY,we.madein.u,MADEIN,2026-03-12T20:30:00+09:00,2026-03-14T15:29:15.370500+09:00,43.0,3440,25,0,0,59527,16,25
DV0Z40NEypb,we.madein.u,MADEIN,2026-03-13T18:00:00+09:00,2026-03-14T15:29:15.370500+09:00,21.5,3875,18,0,0,62347,61,18
DV0gyIsEwBU,we.madein.u,MADEIN,2026-03-13T19:00:00+09:00,2026-03-14T15:29:15.370500+09:00,20.5,2445,18,0,0,39063,28,18
DV0kMzZkxUI,we.madein.u,MADEIN,2026-03-13T19:30:00+09:00,2026-03-14T15:29:15.370500+09:00,20.0,2755,16,0,0,46149,28,16
DV2cYEIk7uz,we.madein.u,MADEIN,2026-03-14T13:00:00+09:00,2026-03-14T15:29:15.370500+09:00,2.5,1383,14,0,0,18005,273,14
DVv5hgbElYY,dragonpony_,Dragon Pony,2026-03-12T00:00:00+09:00,2026-03-14T15:29:15.370500+09:00,63.5,2503,41,0,0,31442,1,41
DVxiJ-FEqJq,dragonpony_,Dragon Pony,2026-03-12T15:12:45+09:00,2026-03-14T15:29:15.370500+09:00,48.3,1798,29,0,0,24498,1,29
DVyFqp7kXiW,dragonpony_,Dragon Pony,2026-03-12T20:28:54+09:00,2026-03-14T15:29:15.370500+09:00,43.0,2560,19,0,0,33116,3,19
DVz-ZQkkgYa,dragonpony_,Dragon Pony,2026-03-13T14:00:00+09:00,2026-03-14T15:29:15.370500+09:00,25.5,30377,444,0,0,434483,236,444
DV0AuSYEsrG,dragonpony_,Dragon Pony,2026-03-13T14:15:23+09:00,2026-03-14T15:29:15.370500+09:00,25.2,1456,8,0,0,20727,4,8
DV0ByXzErKX,dragonpony_,Dragon Pony,2026-03-13T14:30:00+09:00,2026-03-14T15:29:15.370500+09:00,25.0,1765,9,0,0,27469,7,9
DV0CYSPEkcG,dragonpony_,Dragon Pony,2026-03-13T14:35:00+09:00,2026-03-14T15:29:15.370500+09:00,24.9,2188,16,0,0,28931,5,16
DV0Iq_zklWZ,dragonpony_,Dragon Pony,2026-03-13T15:30:00+09:00,2026-03-14T15:29:15.370500+09:00,24.0,2309,27,0,0,35233,18,27
DV0JTNtEs6J,dragonpony_,Dragon Pony,2026-03-13T15:35:00+09:00,2026-03-14T15:29:15.370500+09:00,23.9,2299,24,0,0,30215,12,24
DV2cWUbkr7C,dragonpony_,Dragon Pony,2026-03-14T13:00:00+09:00,2026-03-14T15:29:15.370500+09:00,2.5,2996,23,0,0,67127,502,23
DV2qDK7EsEK,dragonpony_,Dragon Pony,2026-03-14T14:00:00+09:00,2026-03-14T15:29:15.370500+09:00,1.5,822,8,0,0,13301,271,8
DVu8Siykpcr,dragonpony_,Dragon Pony,2026-03-11T15:00:25+09:00,2026-03-14T15:29:15.370500+09:00,72.5,2361,22,0,0,30556,2,22
DVu8PlEkq5O,dragonpony_,Dragon Pony,2026-03-11T15:00:27+09:00,2026-03-14T15:29:15.370500+09:00,72.5,1268,7,0,0,18001,0,7
DVu8Nclkleo,dragonpony_,Dragon Pony,2026-03-11T15:00:40+09:00,2026-03-14T15:29:15.370500+09:00,72.5,1218,11,0,0,18173,0,11
DVvrwt1EiKn,dragonpony_,Dragon Pony,2026-03-11T22:00:00+09:00,2026-03-14T15:29:15.370500+09:00,65.5,2291,10,0,0,29097,0,10
DVvt_lpks7q,dragonpony_,Dragon Pony,2026-03-11T22:05:15+09:00,2026-03-14T15:29:15.370500+09:00,65.4,3316,16,0,0,39691,2,16
DVvXJ-TvYkh,idid_starship,IDID,2026-03-11T19:00:00+09:00,2026-03-14T15:29:15.370500+09:00,68.5,28980,405,0,0,186041,66,405
DV0nirHvxQ3,idid_starship,IDID,2026-03-13T20:00:00+09:00,2026-03-14T15:29:15.370500+09:00,19.5,6560,103,0,0,47628,85,103
DV2VgmZvUQQ,idid_starship,IDID,2026-03-14T12:00:00+09:00,2026-03-14T15:29:15.370500+09:00,3.5,5590,127,0,0,36111,503,127
DVx1pHakob3,cortis,CORTIS,2026-03-12T18:00:43+09:00,2026-03-14T15:29:15.370500+09:00,45.5,848962,10642,0,0,7882884,2047,10642
DV02gR6EqfH,cortis,CORTIS,2026-03-13T22:01:48+09:00,2026-03-14T15:29:15.370500+09:00,17.5,574489,4000,0,0,4372264,8112,4000
DV2ViEtAL7p,cortis,CORTIS,2026-03-14T12:02:03+09:00,2026-03-14T15:29:15.370500+09:00,3.5,367218,2142,0,0,2730981,42088,2142
DVu81XpjBia,ald1.official,ALPHA DRIVE ONE,2026-03-11T15:11:10+09:00,2026-03-14T15:29:15.370500+09:00,72.3,115692,3277,0,0,1203764,97,3277
DVxj4MjD6u7,ald1.official,ALPHA DRIVE ONE,2026-03-12T15:30:52+09:00,2026-03-14T15:29:15.370500+09:00,48.0,114817,1094,0,0,1216710,191,1094
DVx9AKZDXyT,ald1.official,ALPHA DRIVE ONE,2026-03-12T19:10:35+09:00,2026-03-14T15:29:15.370500+09:00,44.3,84788,435,0,0,861130,170,435
DVx-jnfDtOz,ald1.official,ALPHA DRIVE ONE,2026-03-12T19:23:47+09:00,2026-03-14T15:29:15.370500+09:00,44.1,75809,399,0,0,914597,196,399
DV0S4lZD9ky,ald1.official,ALPHA DRIVE ONE,2026-03-13T17:00:02+09:00,2026-03-14T15:29:15.370500+09:00,22.5,121211,1450,0,0,1266107,810,1450
DV0UC3cmdFT,ald1.official,ALPHA DRIVE ONE,2026-03-13T17:10:04+09:00,2026-03-14T15:29:15.370500+09:00,22.3,209160,1897,0,0,2146130,1542,1897
DV0VI-CjCVv,ald1.official,ALPHA DRIVE ONE,2026-03-13T17:19:49+09:00,2026-03-14T15:29:15.370500+09:00,22.2,132305,1700,0,0,1465051,898,1700
DVveANulJJa,axmxp_official,AxMxP,2026-03-11T20:00:00+09:00,2026-03-14T15:29:15.370500+09:00,67.5,4315,63,0,0,33420,2,63
DVvk1yAEy2b,axmxp_official,AxMxP,2026-03-11T21:00:00+09:00,2026-03-14T15:29:15.370500+09:00,66.5,2838,31,0,0,28433,2,31
DVyCOmFE2OF,axmxp_official,AxMxP,2026-03-12T20:00:23+09:00,2026-03-14T15:29:15.370500+09:00,43.5,5321,58,0,0,36300,29,58
DVyJnsYlB4t,axmxp_official,AxMxP,2026-03-12T21:00:00+09:00,2026-03-14T15:29:15.370500+09:00,42.5,2503,21,0,0,24630,12,21
DVvXIv-Emmn,yuhz_official,YUHZ,2026-03-11T19:00:00+09:00,2026-03-14T15:29:15.370500+09:00,68.5,1795,57,0,0,18380,1,57
DVvXG1ckk3a,yuhz_official,YUHZ,2026-03-11T21:00:00+09:00,2026-03-14T15:29:15.370500+09:00,66.5,1510,28,0,0,16074,0,28
DVx793eErbO,yuhz_official,YUHZ,2026-03-12T19:00:00+09:00,2026-03-14T15:29:15.370500+09:00,44.5,3258,58,0,0,33033,10,58
DVyJthakuUf,yuhz_official,YUHZ,2026-03-12T21:00:00+09:00,2026-03-14T15:29:15.370500+09:00,42.5,1157,19,0,0,12640,3,19
DV0gsa0ktvW,yuhz_official,YUHZ,2026-03-13T19:30:00+09:00,2026-03-14T15:29:15.370500+09:00,20.0,1339,39,0,0,14122,5,39
DVvJuTHAgFn,tunexx_official,TUNEXX,2026-03-11T17:03:53+09:00,2026-03-14T15:29:15.370500+09:00,70.4,18401,194,0,0,173583,28,194
DVvQUKUDQ25,tunexx_official,TUNEXX,2026-03-11T18:01:17+09:00,2026-03-14T15:29:15.370500+09:00,69.5,11585,136,0,0,77045,13,136
DVvk7cpDcGO,tunexx_official,TUNEXX,2026-03-11T21:01:24+09:00,2026-03-14T15:29:15.370500+09:00,66.5,14579,88,0,0,103383,25,88
DVxLx1TjGT-,tunexx_official,TUNEXX,2026-03-12T12:00:01+09:00,2026-03-14T15:29:15.370500+09:00,51.5,5780,111,0,0,48570,8,111
DVyCwZ9DY-w,tunexx_official,TUNEXX,2026-03-12T20:00:35+09:00,2026-03-14T15:29:15.370500+09:00,43.5,5190,28,0,0,40135,13,28
DVyD5BZiFWk,tunexx_official,TUNEXX,2026-03-12T20:10:35+09:00,2026-03-14T15:29:15.370500+09:00,43.3,6290,27,0,0,48306,14,27
DV0B0G8FePj,tunexx_official,TUNEXX,2026-03-13T14:30:40+09:00,2026-03-14T15:29:15.370500+09:00,25.0,6426,30,0,0,44562,35,30
DV0FXi3jKHM,tunexx_official,TUNEXX,2026-03-13T15:01:43+09:00,2026-03-14T15:29:15.370500+09:00,24.5,8151,76,0,0,60854,68,76
DV0I4GZiP7O,tunexx_official,TUNEXX,2026-03-13T15:32:26+09:00,2026-03-14T15:29:15.370500+09:00,23.9,3707,33,0,0,28905,27,33
DV2nrilAvoM,tunexx_official,TUNEXX,2026-03-14T14:40:05+09:00,2026-03-14T15:29:15.370500+09:00,0.8,1200,8,0,0,8204,1047,8
DV0Zto3oIfJ,csr.offcl,CSR,2026-03-13T18:00:30+09:00,2026-03-14T15:29:15.370500+09:00,21.5,2702,80,0,0,35574,16,80
DV0ZifKk4rZ,primrose_0fficial,PRIMROSE,2026-03-13T17:59:08+09:00,2026-03-14T15:29:15.370500+09:00,21.5,362,11,0,0,3403,3,11
DVvxhvgE1cP,uspeer.official,USPEER,2026-03-11T23:10:06+09:00,2026-03-14T15:29:15.370500+09:00,64.3,1243,17,0,0,8676,1,17
DV0Z576ktUt,uspeer.official,USPEER,2026-03-13T18:00:00+09:00,2026-03-14T15:29:15.370500+09:00,21.5,1099,8,0,0,8374,9,8
DV0RQcthgEI,smorz.official,SMORZ,2026-03-13T16:45:00+09:00,2026-03-14T15:29:15.370500+09:00,22.7,849,7,0,0,16166,6,7
DVyMQZTD0bl,babydontcry.offcl,Baby DONT Cry,2026-03-12T21:30:04+09:00,2026-03-14T15:29:15.370500+09:00,42.0,14943,39,0,0,1039803,51,39
DVyTFUiD4Ff,babydontcry.offcl,Baby DONT Cry,2026-03-12T22:30:05+09:00,2026-03-14T15:29:15.370500+09:00,41.0,5867,25,0,0,65456,15,25
DV0pmkHDwjb,babydontcry.offcl,Baby DONT Cry,2026-03-13T20:30:06+09:00,2026-03-14T15:29:15.370500+09:00,19.0,25725,84,0,0,220565,491,84
DV000qHj398,babydontcry.offcl,Baby DONT Cry,2026-03-13T22:00:09+09:00,2026-03-14T15:29:15.370500+09:00,17.5,4170,41,0,0,79774,19,41
DV04wJgAXeh,babydontcry.offcl,Baby DONT Cry,2026-03-13T22:30:00+09:00,2026-03-14T15:29:15.370500+09:00,17.0,4978,43,0,0,61933,54,43
DV2OlbvgVL2,babydontcry.offcl,Baby DONT Cry,2026-03-14T11:00:00+09:00,2026-03-14T15:29:15.370500+09:00,4.5,3816,30,0,0,105629,204,30
DV2R_y2gb1n,babydontcry.offcl,Baby DONT Cry,2026-03-14T11:30:00+09:00,2026-03-14T15:29:15.370500+09:00,4.0,3069,26,0,0,77651,173,26
DV2blxjD4HF,babydontcry.offcl,Baby DONT Cry,2026-03-14T13:00:17+09:00,2026-03-14T15:29:15.370500+09:00,2.5,1901,13,0,0,17410,262,13
DV2mIVPD275,babydontcry.offcl,Baby DONT Cry,2026-03-14T14:30:10+09:00,2026-03-14T15:29:15.370500+09:00,1.0,1095,13,0,0,12338,680,13
DVvdVakD95i,babydontcry.offcl,Baby DONT Cry,2026-03-11T20:00:07+09:00,2026-03-14T15:29:15.370500+09:00,67.5,10210,46,0,0,1972048,48,46
DVvkIiHj_jA,babydontcry.offcl,Baby DONT Cry,2026-03-11T21:00:17+09:00,2026-03-14T15:29:15.370500+09:00,66.5,7633,46,0,0,530567,7,46
DVvQ37hD4Qz,babydontcry.offcl,Baby DONT Cry,2026-03-11T18:07:26+09:00,2026-03-14T15:29:15.370500+09:00,69.4,12615,86,0,0,2279854,35,86
DV0Z0eUEo4o,allday_project,ALLDAY PROJECT,2026-03-13T18:00:00+09:00,2026-03-14T15:29:15.370500+09:00,21.5,56806,142,0,0,693695,692,142
DV2U71GFRFM,allday_project,ALLDAY PROJECT,2026-03-14T12:00:04+09:00,2026-03-14T15:29:15.370500+09:00,3.5,21563,48,0,0,273265,2453,48
DV2ixzdkxof,4x4crew_4x4studio,Afuture,2026-03-14T13:57:28+09:00,2026-03-14T15:29:15.370500+09:00,1.5,46,2,0,0,2087,18,2
DV0MH3LgZPG,realstraykids,Stray Kids,2026-03-13T16:01:28+09:00,2026-03-14T15:29:15.370500+09:00,23.5,290418,1576,0,0,3151190,1196,1576
DV0AuuHkRvV,nct_dream,NCT DREAM,2026-03-13T14:21:38+09:00,2026-03-14T15:29:15.370500+09:00,25.1,285108,2908,0,0,1980536,1044,2908
DV1EApfiUpr,zb1official,ZEROBASEONE,2026-03-14T00:09:32+09:00,2026-03-14T15:29:15.370500+09:00,15.3,115516,1064,0,0,835259,2679,1064
DVvd__ZEnk3,plave_official,PLAVE,2026-03-11T20:00:00+09:00,2026-03-14T15:29:15.370500+09:00,67.5,27813,183,0,0,262151,51,183
DV2VeZ3kkwe,plave_official,PLAVE,2026-03-14T12:00:00+09:00,2026-03-14T15:29:15.370500+09:00,3.5,18205,209,0,0,133287,1644,209
DV2cSU2keA1,plave_official,PLAVE,2026-03-14T13:00:37+09:00,2026-03-14T15:29:15.370500+09:00,2.5,20462,497,0,0,166780,3221,497
DVyQavSkbvC,yg_treasure_official,TREASURE,2026-03-12T22:00:14+09:00,2026-03-14T15:29:15.370500+09:00,41.5,179286,1765,0,0,1558786,387,1765
DVz-XOZy1E8,yg_treasure_official,TREASURE,2026-03-13T14:00:00+09:00,2026-03-14T15:29:15.370500+09:00,25.5,194079,1773,0,0,1551527,1056,1773
DVveDL1k1Ed,riize_official,RIIZE,2026-03-11T20:00:00+09:00,2026-03-14T15:29:15.370500+09:00,67.5,203735,3154,0,0,2058799,168,3154
DVyQhcGEhia,riize_official,RIIZE,2026-03-12T22:00:00+09:00,2026-03-14T15:29:15.370500+09:00,41.5,117763,1946,0,0,1428429,233,1946
DV0S9pGk6F3,riize_official,RIIZE,2026-03-13T17:00:51+09:00,2026-03-14T15:29:15.370500+09:00,22.5,370679,7316,0,0,2829688,2574,7316
DV0gsnFky4B,riize_official,RIIZE,2026-03-13T19:00:52+09:00,2026-03-14T15:29:15.370500+09:00,20.5,150562,2167,0,0,1111928,1265,2167
DV0SPeKSoJk,boynextdoor_official,BOYNEXTDOOR,2026-03-13T17:00:03+09:00,2026-03-14T15:29:15.370500+09:00,22.5,87382,194,0,0,875965,670,194
DVvQRguJyar,tws_pledis,TWS,2026-03-11T18:00:00+09:00,2026-03-14T15:29:15.370500+09:00,69.5,1287515,9715,0,0,9980638,2421,9715
DVveD3LJ6dO,tws_pledis,TWS,2026-03-11T20:00:00+09:00,2026-03-14T15:29:15.370500+09:00,67.5,229164,1025,0,0,1624964,451,1025
DVxnUQbJbp-,tws_pledis,TWS,2026-03-12T16:00:00+09:00,2026-03-14T15:29:15.370500+09:00,47.5,299032,4459,0,0,2931629,1001,4459
DVvClPEE0Yt,nowz_official,NOWZ,2026-03-11T16:00:00+09:00,2026-03-14T15:29:15.370500+09:00,71.5,2166,7,0,0,317452,2,7
DVxnSvtk_6j,nowz_official,NOWZ,2026-03-12T16:00:00+09:00,2026-03-14T15:29:15.370500+09:00,47.5,2654,16,0,0,329484,0,16
DV0FNgbkwr2,nowz_official,NOWZ,2026-03-13T15:00:00+09:00,2026-03-14T15:29:15.370500+09:00,24.5,3067,15,0,0,330538,13,15
DVvk5eZEwzC,illit_official,ILLIT,2026-03-11T21:00:00+09:00,2026-03-14T15:29:15.370500+09:00,66.5,64597,1044,0,0,1132138,62,1044
DVxghmOE9ll,illit_official,ILLIT,2026-03-12T15:00:00+09:00,2026-03-14T15:29:15.370500+09:00,48.5,806938,2547,0,0,6376982,2065,2547
DVx1Btjk3X9,illit_official,ILLIT,2026-03-12T18:00:00+09:00,2026-03-14T15:29:15.370500+09:00,45.5,571077,2204,0,0,4871631,1575,2204
DVyJsIiE1YG,illit_official,ILLIT,2026-03-12T21:00:00+09:00,2026-03-14T15:29:15.370500+09:00,42.5,53673,435,0,0,961846,96,435
DV0S9aHk36W,illit_official,ILLIT,2026-03-13T17:00:00+09:00,2026-03-14T15:29:15.370500+09:00,22.5,41437,286,0,0,491053,247,286
DV0nkiyk3Jn,illit_official,ILLIT,2026-03-13T20:00:00+09:00,2026-03-14T15:29:15.370500+09:00,19.5,60657,242,0,0,669423,552,242
DV0ugnoE6iT,illit_official,ILLIT,2026-03-13T21:00:00+09:00,2026-03-14T15:29:15.370500+09:00,18.5,392842,1341,0,0,3313847,3922,1341
DVzxz78E9Sg,stayc_highup,STAYC,2026-03-13T12:10:00+09:00,2026-03-14T15:29:15.370500+09:00,27.3,19828,337,0,0,267626,86,337
DVvJcZIEbJ8,meovv,MEOVV,2026-03-11T17:00:00+09:00,2026-03-14T15:29:15.370500+09:00,70.5,152282,1105,0,0,1219771,220,1105
DVveBHRkVWS,meovv,MEOVV,2026-03-11T20:00:00+09:00,2026-03-14T15:29:15.370500+09:00,67.5,78253,400,0,0,726268,92,400
DV0uYkdErlb,officialfromis_9,fromis_9,2026-03-13T21:00:34+09:00,2026-03-14T15:29:15.370500+09:00,18.5,50582,296,0,0,619217,506,296
DVxZoycAXn4,h1key_official,H1-KEY,2026-03-12T14:00:00+09:00,2026-03-14T15:29:15.370500+09:00,49.5,2370,23,0,0,35821,3,23
DVz-W_ek5R2,h1key_official,H1-KEY,2026-03-13T14:00:00+09:00,2026-03-14T15:29:15.370500+09:00,25.5,1866,11,0,0,24389,7,11
DV0MFt1gVnb,h1key_official,H1-KEY,2026-03-13T16:00:00+09:00,2026-03-14T15:29:15.370500+09:00,23.5,2182,30,0,0,36333,23,30
DVu91TskhNa,wooah_nv,WOOAH,2026-03-11T15:20:08+09:00,2026-03-14T15:29:15.370500+09:00,72.2,7276,98,0,0,72567,8,98
DV0Z56mSiOU,qwerband_official,QWER,2026-03-13T19:00:00+09:00,2026-03-14T15:29:15.370500+09:00,20.5,19755,113,0,0,313392,158,113
DV2VcAoS2W3,qwerband_official,QWER,2026-03-14T12:00:00+09:00,2026-03-14T15:29:15.370500+09:00,3.5,9121,103,0,0,90211,685,103
DVv4q-uAYv7,ab6ix_official,AB6IX,2026-03-12T00:00:05+09:00,2026-03-14T15:29:15.370500+09:00,63.5,5768,62,0,0,72552,1,62
DVygl6ggbDK,ab6ix_official,AB6IX,2026-03-13T00:23:31+09:00,2026-03-14T15:29:15.370500+09:00,39.1,3010,16,0,0,27359,6,16
DVzwcTagZiA,ab6ix_official,AB6IX,2026-03-13T12:01:05+09:00,2026-03-14T15:29:15.370500+09:00,27.5,2967,18,0,0,31971,13,18
DVyeAxEgbA6,ab6ix_official,AB6IX,2026-03-13T00:00:03+09:00,2026-03-14T15:29:15.370500+09:00,39.5,4234,21,0,0,61211,8,21
DV2VPXRkTpA,cravity_official,CRAVITY,2026-03-14T12:00:03+09:00,2026-03-14T15:29:15.370500+09:00,3.5,6448,78,0,0,67494,625,78
DV0guxmz_T3,cube_ptg,PENTAGON,2026-03-13T19:00:00+09:00,2026-03-14T15:29:15.370500+09:00,20.5,3192,45,0,0,31051,23,45
DVyJGvFiUED,epex.official,EPEX,2026-03-12T20:56:03+09:00,2026-03-14T15:29:15.370500+09:00,42.6,15149,89,0,0,124507,50,89
DVvXKvwkdnz,kickflip_jype,KickFlip,2026-03-11T19:00:00+09:00,2026-03-14T15:29:15.370500+09:00,68.5,21834,103,0,0,184605,14,103
DVvk61CEYx4,kickflip_jype,KickFlip,2026-03-11T21:00:00+09:00,2026-03-14T15:29:15.370500+09:00,66.5,25642,134,0,0,205955,20,134
DVvnV_GE19-,kickflip_jype,KickFlip,2026-03-11T21:22:50+09:00,2026-03-14T15:29:15.370500+09:00,66.1,43519,392,0,0,347189,24,392
DVvruXWkaBQ,kickflip_jype,KickFlip,2026-03-11T22:00:00+09:00,2026-03-14T15:29:15.370500+09:00,65.5,25810,109,0,0,200875,24,109
DVvymZtifa5,kickflip_jype,KickFlip,2026-03-11T23:00:00+09:00,2026-03-14T15:29:15.370500+09:00,64.5,30980,106,0,0,221421,43,106
DVyGPeykXjx,kickflip_jype,KickFlip,2026-03-12T20:30:00+09:00,2026-03-14T15:29:15.370500+09:00,43.0,23248,129,0,0,256051,41,129
DVyJqJlEefh,kickflip_jype,KickFlip,2026-03-12T21:00:00+09:00,2026-03-14T15:29:15.370500+09:00,42.5,18760,108,0,0,163854,37,108
DVyNEPrkaZJ,kickflip_jype,KickFlip,2026-03-12T21:30:00+09:00,2026-03-14T15:29:15.370500+09:00,42.0,19009,102,0,0,167332,48,102
DVyQkl9CeOZ,kickflip_jype,KickFlip,2026-03-12T22:00:00+09:00,2026-03-14T15:29:15.370500+09:00,41.5,17212,94,0,0,164646,42,94
DVyT9gRCQ3F,kickflip_jype,KickFlip,2026-03-12T22:30:00+09:00,2026-03-14T15:29:15.370500+09:00,41.0,40957,139,0,0,286264,139,139
DVyXcZZCWtK,kickflip_jype,KickFlip,2026-03-12T23:00:00+09:00,2026-03-14T15:29:15.370500+09:00,40.5,81298,522,0,0,713455,287,522
DVyecAmkyCj,kickflip_jype,KickFlip,2026-03-13T00:02:40+09:00,2026-03-14T15:29:15.370500+09:00,39.4,33787,1007,0,0,485186,33,1007
DV0kLSZk45c,kickflip_jype,KickFlip,2026-03-13T19:31:07+09:00,2026-03-14T15:29:15.370500+09:00,20.0,15653,93,0,0,148677,104,93
DV0nw5_k8AA,kickflip_jype,KickFlip,2026-03-13T20:02:35+09:00,2026-03-14T15:29:15.370500+09:00,19.4,17445,116,0,0,145411,162,116
DV00_EHE1lS,kickflip_jype,KickFlip,2026-03-13T21:57:57+09:00,2026-03-14T15:29:15.370500+09:00,17.5,21005,146,0,0,186485,157,146
DV01pDjE1EC,kickflip_jype,KickFlip,2026-03-13T22:04:00+09:00,2026-03-14T15:29:15.370500+09:00,17.4,24078,174,0,0,181919,370,174
DV04xtxibpX,kickflip_jype,KickFlip,2026-03-13T22:30:00+09:00,2026-03-14T15:29:15.370500+09:00,17.0,17304,58,0,0,134417,200,58
DV08LNpCYXp,kickflip_jype,KickFlip,2026-03-13T23:00:00+09:00,2026-03-14T15:29:15.370500+09:00,16.5,15931,98,0,0,127572,186,98
DVxL3K2kvQ-,lun8_official,LUN8,2026-03-12T12:00:00+09:00,2026-03-14T15:29:15.370500+09:00,51.5,4236,54,0,0,28064,8,54
DVzwezQkp6a,lun8_official,LUN8,2026-03-13T11:59:54+09:00,2026-03-14T15:29:15.370500+09:00,27.5,2569,35,0,0,28244,10,35
DV2VdBHEsJP,lun8_official,LUN8,2026-03-14T12:00:00+09:00,2026-03-14T15:29:15.370500+09:00,3.5,1250,32,0,0,8758,111,32
DVvPkk8CeCJ,p1h_official,P1Harmony,2026-03-11T18:00:07+09:00,2026-03-14T15:29:15.370500+09:00,69.5,97746,410,0,0,695378,74,410
DVvQvDvCZhp,p1h_official,P1Harmony,2026-03-11T18:05:16+09:00,2026-03-14T15:29:15.370500+09:00,69.4,168640,892,0,0,1064918,158,892
DV0FPlfyug8,p1h_official,P1Harmony,2026-03-13T15:00:00+09:00,2026-03-14T15:29:15.370500+09:00,24.5,142887,910,0,0,1148342,790,910
DV0Iqs6Sg7c,p1h_official,P1Harmony,2026-03-13T15:30:00+09:00,2026-03-14T15:29:15.370500+09:00,24.0,98495,796,0,0,620127,389,796
DV0gtXRSxFS,p1h_official,P1Harmony,2026-03-13T19:00:00+09:00,2026-03-14T15:29:15.370500+09:00,20.5,84066,205,0,0,554539,543,205
DV0ubXMyO34,p1h_official,P1Harmony,2026-03-13T21:00:00+09:00,2026-03-14T15:29:15.370500+09:00,18.5,112400,1614,0,0,750773,1098,1614
DV08LsghJoB,p1h_official,P1Harmony,2026-03-13T23:00:00+09:00,2026-03-14T15:29:15.370500+09:00,16.5,85599,424,0,0,523126,727,424
DVyQfVMp3oK,p1h_official,P1Harmony,2026-03-12T22:00:00+09:00,2026-03-14T15:29:15.370500+09:00,41.5,92627,479,0,0,665124,159,479
DVyXcSkJo1B,p1h_official,P1Harmony,2026-03-12T23:00:00+09:00,2026-03-14T15:29:15.370500+09:00,40.5,73524,391,0,0,532549,105,391
DVx1Jf0ifWh,p1h_official,P1Harmony,2026-03-12T18:01:57+09:00,2026-03-14T15:29:15.370500+09:00,45.5,93997,1065,0,0,1732677,102,1065
DVyJosZDy_f,sf9official,SF9,2026-03-12T21:00:00+09:00,2026-03-14T15:29:15.370500+09:00,42.5,12076,395,0,0,112029,20,395
DVyQiMCPL1y,tpst__official,TEMPEST,2026-03-12T22:00:00+09:00,2026-03-14T15:29:15.370500+09:00,41.5,20021,362,0,0,163900,68,362
DVvTstMCaCG,wearedrippin,DRIPPIN,2026-03-11T18:30:00+09:00,2026-03-14T15:29:15.370500+09:00,69.0,2472,29,0,0,24240,1,29
DVvk60EiQsm,wearedrippin,DRIPPIN,2026-03-11T21:00:00+09:00,2026-03-14T15:29:15.370500+09:00,66.5,2040,26,0,0,18153,3,26
DVxL3CSkbUX,wearedrippin,DRIPPIN,2026-03-12T12:00:51+09:00,2026-03-14T15:29:15.370500+09:00,51.5,1199,36,0,0,14136,2,36
DVx1EEzCTxu,wearedrippin,DRIPPIN,2026-03-12T18:00:00+09:00,2026-03-14T15:29:15.370500+09:00,45.5,1910,15,0,0,17768,4,15
DVyQmpZkQXY,wearedrippin,DRIPPIN,2026-03-12T22:01:41+09:00,2026-03-14T15:29:15.370500+09:00,41.5,1531,29,0,0,14470,2,29
DV0FMCLkYmT,wearedrippin,DRIPPIN,2026-03-13T15:02:37+09:00,2026-03-14T15:29:15.370500+09:00,24.4,2196,34,0,0,21604,15,34
DV0kIBUCWgj,wearedrippin,DRIPPIN,2026-03-13T19:30:00+09:00,2026-03-14T15:29:15.370500+09:00,20.0,1334,20,0,0,12959,10,20
DV0ucaBiQRr,wearedrippin,DRIPPIN,2026-03-13T21:00:00+09:00,2026-03-14T15:29:15.370500+09:00,18.5,4556,188,0,0,32872,77,188
DV2jJAbCZ23,wearedrippin,DRIPPIN,2026-03-14T14:00:00+09:00,2026-03-14T15:29:15.370500+09:00,1.5,307,11,0,0,3193,79,11
DVvRL6ViS6l,trendz_offcl,TRENDZ,2026-03-11T18:09:03+09:00,2026-03-14T15:29:15.370500+09:00,69.3,2491,46,0,0,17868,3,46
DVv-l-OiVeT,trendz_offcl,TRENDZ,2026-03-12T00:47:13+09:00,2026-03-14T15:29:15.370500+09:00,62.7,1088,17,0,0,12419,1,17
DVvCg15kYty,kiiikiii.official,KiiiKiii,2026-03-11T16:01:26+09:00,2026-03-14T15:29:15.370500+09:00,71.5,48927,113,0,0,475037,58,113
DVvd7A7EWDL,kiiikiii.official,KiiiKiii,2026-03-11T20:00:17+09:00,2026-03-14T15:29:15.370500+09:00,67.5,56707,117,0,0,458505,60,117
DVyCy5tmHxg,kiiikiii.official,KiiiKiii,2026-03-12T20:00:00+09:00,2026-03-14T15:29:15.370500+09:00,43.5,41505,146,0,0,451306,101,146
DV0npEkmD5l,kiiikiii.official,KiiiKiii,2026-03-13T20:00:00+09:00,2026-03-14T15:29:15.370500+09:00,19.5,37630,95,0,0,419752,331,95
DVx_XO0hNNC,official_rcpc_,Rocket Punch,2026-03-12T19:30:00+09:00,2026-03-14T15:29:15.370500+09:00,44.0,1236,25,0,0,15241,0,25
DVvSU8XAVbM,official_burvey,Burvey,2026-03-11T18:18:58+09:00,2026-03-14T15:29:15.370500+09:00,69.2,474,21,0,0,13043,0,21
DV0Q0auAVTa,official_burvey,Burvey,2026-03-13T16:42:00+09:00,2026-03-14T15:29:15.370500+09:00,22.8,463,21,0,0,17866,3,21
DVxnXjfAY7D,atheart.titan,AtHeart,2026-03-12T16:00:00+09:00,2026-03-14T15:29:15.370500+09:00,47.5,1571,27,0,0,16367,3,27
DVxuNBjAeYv,atheart.titan,AtHeart,2026-03-12T17:00:00+09:00,2026-03-14T15:29:15.370500+09:00,46.5,1249,22,0,0,13788,2,22
DV0MF1IAdnU,atheart.titan,AtHeart,2026-03-13T16:00:00+09:00,2026-03-14T15:29:15.370500+09:00,23.5,1142,20,0,0,12282,4,20
DV0S81jgRjs,atheart.titan,AtHeart,2026-03-13T17:00:00+09:00,2026-03-14T15:29:15.370500+09:00,22.5,1472,24,0,0,14997,11,24
DVveBlRgd5j,atheart.titan,AtHeart,2026-03-11T20:00:00+09:00,2026-03-14T15:29:15.370500+09:00,67.5,3593,38,0,0,52385,8,38
DVvk174Abgg,atheart.titan,AtHeart,2026-03-11T21:00:00+09:00,2026-03-14T15:29:15.370500+09:00,66.5,3140,42,0,0,33309,3,42
DVvQOf8AXW1,atheart.titan,AtHeart,2026-03-11T18:00:00+09:00,2026-03-14T15:29:15.370500+09:00,69.5,4766,52,0,0,91899,11,52
DVx6dIAETke,oddyouth_official,ODD YOUTH,2026-03-12T18:48:35+09:00,2026-03-14T15:29:15.370500+09:00,44.7,5056,54,0,0,45347,21,54
DVvd-XyE0nd,official.irise,IRISÉ,2026-03-11T20:00:00+09:00,2026-03-14T15:29:15.370500+09:00,67.5,1613,6,0,0,14899,0,6
DVyCwmOk0TT,official.irise,IRISÉ,2026-03-12T20:00:00+09:00,2026-03-14T15:29:15.370500+09:00,43.5,958,6,0,0,8972,4,6
DV0nkGEk3E1,official.irise,IRISÉ,2026-03-13T20:00:00+09:00,2026-03-14T15:29:15.370500+09:00,19.5,764,3,0,0,7444,9,3
DVvCjyyE1SU,hearts2hearts,Hearts2Hearts,2026-03-11T16:00:00+09:00,2026-03-14T15:29:15.370500+09:00,71.5,173903,429,0,0,1604118,145,429
DVvvOo-idJz,hearts2hearts,Hearts2Hearts,2026-03-11T22:31:31+09:00,2026-03-14T15:29:15.370500+09:00,65.0,874640,4867,0,0,7217526,1447,4867
DVxMHn0idM-,hearts2hearts,Hearts2Hearts,2026-03-12T12:03:20+09:00,2026-03-14T15:29:15.370500+09:00,51.4,149444,654,0,0,1234386,201,654
DVyGPKOkxqI,hearts2hearts,Hearts2Hearts,2026-03-12T20:30:00+09:00,2026-03-14T15:29:15.370500+09:00,43.0,151922,457,0,0,1324838,266,457
DVyQnBsCfzv,hearts2hearts,Hearts2Hearts,2026-03-12T22:01:39+09:00,2026-03-14T15:29:15.370500+09:00,41.5,176552,709,0,0,1613170,509,709
DV2VgbDE-jk,hearts2hearts,Hearts2Hearts,2026-03-13T12:03:39+09:00,2026-03-14T15:29:15.370500+09:00,27.4,255660,1498,0,0,2320303,1061,1498
DV0MZQfCdza,hearts2hearts,Hearts2Hearts,2026-03-13T16:03:16+09:00,2026-03-14T15:29:15.370500+09:00,23.4,74511,210,0,0,663235,401,210
DV01R89CSVf,hearts2hearts,Hearts2Hearts,2026-03-13T22:01:08+09:00,2026-03-14T15:29:15.370500+09:00,17.5,163374,637,0,0,1276453,1775,637
DV2Vb7Gif9H,hearts2hearts,Hearts2Hearts,2026-03-14T12:01:27+09:00,2026-03-14T15:29:15.370500+09:00,3.5,132196,391,0,0,988414,11341,391
DV0nl1dk1hw,am8ic_tov,AM8IC,2026-03-13T20:00:00+09:00,2026-03-14T15:29:15.370500+09:00,19.5,407,0,0,0,1345,1,0
DV0osl1k3Iv,am8ic_tov,AM8IC,2026-03-13T20:10:00+09:00,2026-03-14T15:29:15.370500+09:00,19.3,431,0,0,0,2992,3,0
DV0p4rCEw6V,am8ic_tov,AM8IC,2026-03-13T20:20:00+09:00,2026-03-14T15:29:15.370500+09:00,19.2,420,1,0,0,1636,1,1
DVvQS_zFKHM,itzy.all.in.us,ITZY,2026-03-11T18:00:00+09:00,2026-03-14T17:29:15.734305+09:00,71.5,176017,504,0,0,2041332,1058,17
DVxSuy7EjoR,itzy.all.in.us,ITZY,2026-03-12T13:00:00+09:00,2026-03-14T17:29:15.734305+09:00,52.5,107660,519,0,0,1047479,1006,5
DVxnZBKROCx,itzy.all.in.us,ITZY,2026-03-12T16:00:00+09:00,2026-03-14T17:29:15.734305+09:00,49.5,110439,367,0,0,1342857,753,0
DV0q65bkuon,itzy.all.in.us,ITZY,2026-03-13T20:30:36+09:00,2026-03-14T17:29:15.734305+09:00,21.0,61010,273,0,0,906601,3104,4
DV0zqapEhKl,itzy.all.in.us,ITZY,2026-03-13T21:48:24+09:00,2026-03-14T17:29:15.734305+09:00,19.7,141093,1175,0,0,1355198,5150,21
DVvTr1bkw3z,we.madein.u,MADEIN,2026-03-11T18:30:00+09:00,2026-03-14T18:29:15.473679+09:00,72.0,3019,12,0,0,46622,12,0
DVvaoNLk4JN,we.madein.u,MADEIN,2026-03-11T19:30:00+09:00,2026-03-14T18:29:15.473679+09:00,71.0,5047,14,0,0,59480,31,0
DVveA-_E1Eu,we.madein.u,MADEIN,2026-03-11T20:00:00+09:00,2026-03-14T18:29:15.473679+09:00,70.5,4951,7,0,0,301739,23,0
DVx1GhwE5Zz,we.madein.u,MADEIN,2026-03-12T18:00:00+09:00,2026-03-14T18:29:15.473679+09:00,48.5,2300,15,0,0,68750,19,0
DVyCyi4EzRI,we.madein.u,MADEIN,2026-03-12T20:00:00+09:00,2026-03-14T18:29:15.473679+09:00,46.5,3646,6,0,0,73695,70,0
DVyGP4ek5TY,we.madein.u,MADEIN,2026-03-12T20:30:00+09:00,2026-03-14T18:29:15.473679+09:00,46.0,3494,25,0,0,60705,54,0
DV0Z40NEypb,we.madein.u,MADEIN,2026-03-13T18:00:00+09:00,2026-03-14T18:29:15.473679+09:00,24.5,4051,18,0,0,66300,176,0
DV0gyIsEwBU,we.madein.u,MADEIN,2026-03-13T19:00:00+09:00,2026-03-14T18:29:15.473679+09:00,23.5,2562,18,0,0,42432,117,0
DV0kMzZkxUI,we.madein.u,MADEIN,2026-03-13T19:30:00+09:00,2026-03-14T18:29:15.473679+09:00,23.0,2880,16,0,0,49602,125,0
DV2cYEIk7uz,we.madein.u,MADEIN,2026-03-14T13:00:00+09:00,2026-03-14T18:29:15.473679+09:00,5.5,2008,16,0,0,28593,625,2
DVv5hgbElYY,dragonpony_,Dragon Pony,2026-03-12T00:00:00+09:00,2026-03-14T18:29:15.473679+09:00,66.5,2507,41,0,0,31556,4,0
DVxiJ-FEqJq,dragonpony_,Dragon Pony,2026-03-12T15:12:45+09:00,2026-03-14T18:29:15.473679+09:00,51.3,1804,29,0,0,24619,6,0
DVyFqp7kXiW,dragonpony_,Dragon Pony,2026-03-12T20:28:54+09:00,2026-03-14T18:29:15.473679+09:00,46.0,2580,19,0,0,33400,20,0
DVz-ZQkkgYa,dragonpony_,Dragon Pony,2026-03-13T14:00:00+09:00,2026-03-14T18:29:15.473679+09:00,28.5,30906,447,0,0,437969,529,3
DV0AuSYEsrG,dragonpony_,Dragon Pony,2026-03-13T14:15:23+09:00,2026-03-14T18:29:15.473679+09:00,28.2,1474,8,0,0,21020,18,0
DV0ByXzErKX,dragonpony_,Dragon Pony,2026-03-13T14:30:00+09:00,2026-03-14T18:29:15.473679+09:00,28.0,1802,10,0,0,28004,37,1
DV0CYSPEkcG,dragonpony_,Dragon Pony,2026-03-13T14:35:00+09:00,2026-03-14T18:29:15.473679+09:00,27.9,2226,16,0,0,29562,38,0
DV0Iq_zklWZ,dragonpony_,Dragon Pony,2026-03-13T15:30:00+09:00,2026-03-14T18:29:15.473679+09:00,27.0,2361,27,0,0,36121,52,0
DV0JTNtEs6J,dragonpony_,Dragon Pony,2026-03-13T15:35:00+09:00,2026-03-14T18:29:15.473679+09:00,26.9,2343,24,0,0,30869,44,0
DV2cWUbkr7C,dragonpony_,Dragon Pony,2026-03-14T13:00:00+09:00,2026-03-14T18:29:15.473679+09:00,5.5,4054,29,0,0,100085,1058,6
DV2qDK7EsEK,dragonpony_,Dragon Pony,2026-03-14T14:00:00+09:00,2026-03-14T18:29:15.473679+09:00,4.5,1202,10,0,0,22162,380,2
DVvrwt1EiKn,dragonpony_,Dragon Pony,2026-03-11T22:00:00+09:00,2026-03-14T18:29:15.473679+09:00,68.5,2299,10,0,0,29201,8,0
DVvt_lpks7q,dragonpony_,Dragon Pony,2026-03-11T22:05:15+09:00,2026-03-14T18:29:15.473679+09:00,68.4,3326,16,0,0,39819,10,0
DVvXJ-TvYkh,idid_starship,IDID,2026-03-11T19:00:00+09:00,2026-03-14T18:29:15.473679+09:00,71.5,29166,406,0,0,187414,186,1
DV0nirHvxQ3,idid_starship,IDID,2026-03-13T20:00:00+09:00,2026-03-14T18:29:15.473679+09:00,22.5,6791,103,0,0,50160,231,0
DV2VgmZvUQQ,idid_starship,IDID,2026-03-14T12:00:00+09:00,2026-03-14T18:29:15.473679+09:00,6.5,6827,145,0,0,45492,1237,18
DVx1pHakob3,cortis,CORTIS,2026-03-12T18:00:43+09:00,2026-03-14T18:29:15.473679+09:00,48.5,856292,10666,0,0,7946815,7330,24
DV02gR6EqfH,cortis,CORTIS,2026-03-13T22:01:48+09:00,2026-03-14T18:29:15.473679+09:00,20.5,598440,4072,0,0,4590044,23951,72
DV2ViEtAL7p,cortis,CORTIS,2026-03-14T12:02:03+09:00,2026-03-14T18:29:15.473679+09:00,6.5,480502,2390,0,0,3724020,113284,248
DVxj4MjD6u7,ald1.official,ALPHA DRIVE ONE,2026-03-12T15:30:52+09:00,2026-03-14T18:29:15.473679+09:00,51.0,115416,1097,0,0,1223189,599,3
DXoRN2uEvYj,itzy.all.in.us,ITZY,2026-04-27T18:03:59+09:00,2026-05-27T05:46:49.094853+09:00,707.7,154942,1424,0,0,1522902,36597,1424
DXs4wFjEkw6,itzy.all.in.us,ITZY,2026-04-29T12:59:50+09:00,2026-05-27T05:46:49.094853+09:00,664.8,340413,1706,0,0,5269292,340394,1706
DXyCelIS1Yn,itzy.all.in.us,ITZY,2026-05-01T13:00:00+09:00,2026-05-27T05:46:49.094853+09:00,616.8,69347,1178,0,0,926014,26369,1178
DYBtBLOSB18,itzy.all.in.us,ITZY,2026-05-07T15:00:00+09:00,2026-05-27T05:46:49.094853+09:00,470.8,195954,1258,0,0,2449638,50917,1258
DYEmU2eyVMP,itzy.all.in.us,ITZY,2026-05-08T18:00:32+09:00,2026-05-27T05:46:49.094853+09:00,443.8,85969,1139,0,0,1014888,31421,1139
DYANgkWF6L2,ivestarship,IVE,2026-05-07T01:10:10+09:00,2026-05-27T05:46:49.094853+09:00,484.6,146932,255,0,0,1563931,30709,255
DYCQenyPwq5,ivestarship,IVE,2026-05-07T20:12:53+09:00,2026-05-27T05:46:49.094853+09:00,465.6,207108,462,0,0,2959176,44215,462
DYE6atwvRBX,wjsn_cosmic,WJSN,2026-05-08T20:56:08+09:00,2026-05-27T05:46:49.094853+09:00,440.8,6418,23,0,0,94886,2107,23
DYUNPVaSr5J,itzy.all.in.us,ITZY,2026-05-14T19:29:34+09:00,2026-05-27T05:46:49.094853+09:00,298.3,202817,1393,0,0,1959670,49459,1393
DYRlH5KS4qf,itzy.all.in.us,ITZY,2026-05-13T18:59:58+09:00,2026-05-27T05:46:49.094853+09:00,322.8,338522,1629,0,0,4413330,41421,1629
DYWn819has9,itzy.all.in.us,ITZY,2026-05-15T18:00:00+09:00,2026-05-27T05:46:49.094853+09:00,275.8,73783,1141,0,0,885485,22349,1141
DYUruNMS8oh,itzy.all.in.us,ITZY,2026-05-15T00:00:07+09:00,2026-05-27T05:46:49.094853+09:00,293.8,357487,1563,0,0,3496738,65423,1563
DYgR-X_Swgv,itzy.all.in.us,ITZY,2026-05-19T12:00:00+09:00,2026-05-27T05:46:49.094853+09:00,185.8,46352,1131,0,0,577016,10507,1131
DYgYvrISauh,itzy.all.in.us,ITZY,2026-05-19T13:00:00+09:00,2026-05-27T05:46:49.094853+09:00,184.8,100846,1070,0,0,1222199,23683,1070
DYhPrgRB8Us,itzy.all.in.us,ITZY,2026-05-19T21:00:00+09:00,2026-05-27T05:46:49.094853+09:00,176.8,123263,1217,0,0,1345520,43059,1217
DYhTJP-ycOg,itzy.all.in.us,ITZY,2026-05-19T21:30:00+09:00,2026-05-27T05:46:49.094853+09:00,176.3,185926,1215,0,0,1764946,73077,1215
DYeIXoNIeod,itzy.all.in.us,ITZY,2026-05-18T15:59:34+09:00,2026-05-27T05:46:49.094853+09:00,205.8,46407,1070,0,0,702574,5636,1070
DYej7VESfyy,itzy.all.in.us,ITZY,2026-05-18T19:59:43+09:00,2026-05-27T05:46:49.094853+09:00,201.8,176238,1234,0,0,1431967,37479,1234
DYepzzUyLLA,itzy.all.in.us,ITZY,2026-05-18T21:00:12+09:00,2026-05-27T05:46:49.094853+09:00,200.8,322379,1383,0,0,2995964,77018,1383
DYeuEFuHpZT,itzy.all.in.us,ITZY,2026-05-18T21:29:38+09:00,2026-05-27T05:46:49.094853+09:00,200.3,195988,1300,0,0,1751672,37000,1300
DYe1KVfy5Qv,itzy.all.in.us,ITZY,2026-05-18T22:31:37+09:00,2026-05-27T05:46:49.094853+09:00,199.3,133060,1229,0,0,1272134,32057,1229
DYeoxr-Sdq9,itzy.all.in.us,ITZY,2026-05-18T20:47:05+09:00,2026-05-27T05:46:49.094853+09:00,201.0,95908,1251,0,0,839885,13208,1251
DYuBbguhkjC,itzy.all.in.us,ITZY,2026-05-24T20:04:09+09:00,2026-05-27T13:57:39.464091+09:00,65.9,61976,1022,0,0,811689,91,1022
DYuHq2_ydVr,itzy.all.in.us,ITZY,2026-05-24T21:00:09+09:00,2026-05-27T13:57:39.464091+09:00,65.0,105465,1072,0,0,987769,195,1072
DYuLHgvyCy0,itzy.all.in.us,ITZY,2026-05-24T21:30:10+09:00,2026-05-27T13:57:39.464091+09:00,64.5,204448,1274,0,0,2245358,293,1274
DYudc-tyoaV,itzy.all.in.us,ITZY,2026-05-25T00:10:10+09:00,2026-05-27T13:57:39.464091+09:00,61.8,134116,1144,0,0,1385642,230,1144
DYvuBZoS_MT,itzy.all.in.us,ITZY,2026-05-25T11:55:14+09:00,2026-05-27T13:57:39.464091+09:00,50.0,116212,1305,0,0,845796,187,1305
DYwX2sHSk21,itzy.all.in.us,ITZY,2026-05-25T18:00:11+09:00,2026-05-27T13:57:39.464091+09:00,44.0,146763,1137,0,0,1411547,455,1137
DYwlFYCyMHg,itzy.all.in.us,ITZY,2026-05-25T19:58:30+09:00,2026-05-27T13:57:39.464091+09:00,42.0,124256,1116,0,0,1105141,366,1116
DYysrcRy1jW,itzy.all.in.us,ITZY,2026-05-26T15:40:43+09:00,2026-05-27T13:57:39.464091+09:00,22.3,101785,1090,0,0,965199,1043,1090
DYy1x9ySdQm,itzy.all.in.us,ITZY,2026-05-26T17:00:11+09:00,2026-05-27T13:57:39.464091+09:00,21.0,88857,1131,0,0,978035,872,1131
DYzAJpnSZY6,itzy.all.in.us,ITZY,2026-05-26T18:31:08+09:00,2026-05-27T13:57:39.464091+09:00,19.4,48800,1044,0,0,625846,636,1044
DYzR1RhScLh,itzy.all.in.us,ITZY,2026-05-26T21:07:23+09:00,2026-05-27T13:57:39.464091+09:00,16.8,83404,1053,0,0,820478,1265,1053
DYthuaQvrSi,ivestarship,IVE,2026-05-24T15:29:43+09:00,2026-05-27T13:57:39.464091+09:00,70.5,128805,462,0,0,1744353,179,462
DYtlX1jRDvE,ivestarship,IVE,2026-05-24T16:00:10+09:00,2026-05-27T13:57:39.464091+09:00,70.0,134785,311,0,0,1635625,245,311
DYuOjHDRZZS,ivestarship,IVE,2026-05-24T22:00:11+09:00,2026-05-27T13:57:39.464091+09:00,64.0,161173,689,0,0,2147296,368,689
DYuV71EviWk,ivestarship,IVE,2026-05-24T23:07:16+09:00,2026-05-27T13:57:39.464091+09:00,62.8,73185,343,0,0,752428,139,343
DYwRDXOx8BN,ivestarship,IVE,2026-05-25T17:00:08+09:00,2026-05-27T13:57:39.464091+09:00,45.0,120359,332,0,0,1438746,361,332
DYwsLC4v2Vo,ivestarship,IVE,2026-05-25T20:59:18+09:00,2026-05-27T13:57:39.464091+09:00,41.0,115931,358,0,0,1413138,404,358
DYyu6H6BPt-,ivestarship,IVE,2026-05-26T16:00:12+09:00,2026-05-27T13:57:39.464091+09:00,22.0,94219,322,0,0,913354,915,322
DY04S4PyXtn,wjsn_cosmic,WJSN,2026-05-27T12:00:09+09:00,2026-05-27T13:57:39.464091+09:00,2.0,2567,63,0,0,17173,893,63
DYwzU8PPxhn,sa2m2nam3,SMN,2026-05-25T22:00:00+09:00,2026-05-27T13:57:39.464091+09:00,40.0,10569,105,0,0,92941,41,105
DYy8uCsT34v,we.madein.u,MADEIN,2026-05-26T18:00:08+09:00,2026-05-27T13:57:39.464091+09:00,20.0,1736,15,0,0,62200,26,15
DYy13iIB-0p,ifeye_official,ifeye,2026-05-26T17:00:13+09:00,2026-05-27T13:57:39.464091+09:00,21.0,2079,13,0,0,21912,32,13
DYy8roAB7e3,ifeye_official,ifeye,2026-05-26T18:00:10+09:00,2026-05-27T13:57:39.464091+09:00,20.0,4126,34,0,0,34086,64,34
DYy9O8lByMI,ifeye_official,ifeye,2026-05-26T18:05:08+09:00,2026-05-27T13:57:39.464091+09:00,19.9,2941,23,0,0,26625,62,23
DYzlLGhpVO_,xodiacofficial,XODIAC,2026-05-26T23:59:25+09:00,2026-05-27T13:57:39.464091+09:00,14.0,7772,564,0,0,92374,174,564
DYt2ZSNT0si,82major_official,82MAJOR,2026-05-24T18:37:33+09:00,2026-05-27T13:57:39.464091+09:00,67.3,10382,95,0,0,113483,15,95
DYt9awzvR1C,82major_official,82MAJOR,2026-05-24T19:30:08+09:00,2026-05-27T13:57:39.464091+09:00,66.5,10946,129,0,0,98399,22,129
DYwlpXVvyEv,82major_official,82MAJOR,2026-05-25T18:59:37+09:00,2026-05-27T13:57:39.464091+09:00,43.0,10076,53,0,0,77723,32,53
DYwlmzovAsP,82major_official,82MAJOR,2026-05-25T20:00:11+09:00,2026-05-27T13:57:39.464091+09:00,42.0,37946,140,0,0,360303,160,140
DYy8ouIPXvl,82major_official,82MAJOR,2026-05-26T18:00:28+09:00,2026-05-27T13:57:39.464091+09:00,20.0,6706,35,0,0,48565,96,35
DYzDgEMPQzb,82major_official,82MAJOR,2026-05-26T19:00:10+09:00,2026-05-27T13:57:39.464091+09:00,19.0,4028,38,0,0,36020,35,38
DYwXqqDTRI7,thewind.official,The Wind,2026-05-25T18:00:18+09:00,2026-05-27T13:57:39.464091+09:00,44.0,6870,50,0,0,44436,86,50
DYwEsswx-RQ,dxmon_hm,DXMON,2026-05-25T15:13:24+09:00,2026-05-27T13:57:39.464091+09:00,46.7,1775,18,0,0,28608,5,18
DYwZFmtRyhR,dxmon_hm,DXMON,2026-05-25T18:12:01+09:00,2026-05-27T13:57:39.464091+09:00,43.8,576,15,0,0,4889,3,15
DYyrf9tz7IC,dxmon_hm,DXMON,2026-05-26T15:30:12+09:00,2026-05-27T13:57:39.464091+09:00,22.5,988,22,0,0,6714,13,22
DYtXpuayiPV,xikers_official,xikers,2026-05-24T14:00:09+09:00,2026-05-27T13:57:39.464091+09:00,72.0,17220,186,0,0,119206,18,186
DYtlXbPShwN,xikers_official,xikers,2026-05-24T16:00:11+09:00,2026-05-27T13:57:39.464091+09:00,70.0,8409,46,0,0,119516,24,46
DYtzJn0yQSN,xikers_official,xikers,2026-05-24T18:00:13+09:00,2026-05-27T13:57:39.464091+09:00,68.0,16618,113,0,0,157907,68,113
DYt9bUKTZS5,xikers_official,xikers,2026-05-24T19:31:54+09:00,2026-05-27T13:57:39.464091+09:00,66.4,26490,191,0,0,142577,52,191
DYuAz-IyFXC,xikers_official,xikers,2026-05-24T20:00:09+09:00,2026-05-27T13:57:39.464091+09:00,66.0,9828,56,0,0,65697,18,56
DYuHqmIyN-x,xikers_official,xikers,2026-05-24T21:00:18+09:00,2026-05-27T13:57:39.464091+09:00,65.0,14195,135,0,0,82995,32,135
DYuVbmYT0h-,xikers_official,xikers,2026-05-24T23:01:12+09:00,2026-05-27T13:57:39.464091+09:00,62.9,10190,86,0,0,60031,14,86
DYwKN7OScBk,xikers_official,xikers,2026-05-25T16:00:10+09:00,2026-05-27T13:57:39.464091+09:00,46.0,8254,63,0,0,102477,33,63
DYwREASyvPh,xikers_official,xikers,2026-05-25T17:00:11+09:00,2026-05-27T13:57:39.464091+09:00,45.0,23934,69,0,0,176607,46,69
DYwlk2CSWC9,xikers_official,xikers,2026-05-25T20:00:14+09:00,2026-05-27T13:57:39.464091+09:00,42.0,15452,55,0,0,99019,48,55
DYwsiCZye8-,xikers_official,xikers,2026-05-25T21:00:11+09:00,2026-05-27T13:57:39.464091+09:00,41.0,10041,95,0,0,67299,39,95
DYwzXfEyJUG,xikers_official,xikers,2026-05-25T22:00:16+09:00,2026-05-27T13:57:39.464091+09:00,40.0,13333,64,0,0,100576,71,64
DYyW6w0SeZ6,xikers_official,xikers,2026-05-26T12:30:10+09:00,2026-05-27T13:57:39.464091+09:00,25.5,10855,94,0,0,75313,47,94
DYyd04nyn6t,xikers_official,xikers,2026-05-26T13:30:09+09:00,2026-05-27T13:57:39.464091+09:00,24.5,7569,32,0,0,54441,48,32
DYyybv2yxId,xikers_official,xikers,2026-05-26T16:30:12+09:00,2026-05-27T13:57:39.464091+09:00,21.5,6892,60,0,0,45349,83,60
DYzDklHSslc,xikers_official,xikers,2026-05-26T19:00:09+09:00,2026-05-27T13:57:39.464091+09:00,19.0,7331,59,0,0,47133,135,59
DYzRPtlyTBd,xikers_official,xikers,2026-05-26T21:00:09+09:00,2026-05-27T13:57:39.464091+09:00,17.0,6071,36,0,0,40012,112,36
DY0xZ8PS-t9,xikers_official,xikers,2026-05-27T11:00:12+09:00,2026-05-27T13:57:39.464091+09:00,3.0,10578,126,0,0,64680,2362,126
DY0_HrJy0yy,xikers_official,xikers,2026-05-27T13:00:12+09:00,2026-05-27T13:57:39.464091+09:00,1.0,4693,174,0,0,26617,4336,174
DYvuuKfjzwF,official.dkb,DKB,2026-05-25T12:01:14+09:00,2026-05-27T13:57:39.464091+09:00,49.9,1484,9,0,0,16996,2,9
DYwot1HTqLb,official.dkb,DKB,2026-05-25T20:28:36+09:00,2026-05-27T13:57:39.464091+09:00,41.5,1471,16,0,0,15595,2,16
DYwNlbVTlx_,close.your.eyes.official,CLOSE YOUR EYES,2026-05-25T16:30:11+09:00,2026-05-27T13:57:39.464091+09:00,45.5,7127,54,0,0,64587,27,54
DYwsia1zrY5,close.your.eyes.official,CLOSE YOUR EYES,2026-05-25T21:00:30+09:00,2026-05-27T13:57:39.464091+09:00,41.0,13054,140,0,0,106261,43,140
DYuKYlCJfhx,idid_starship,IDID,2026-05-24T21:30:03+09:00,2026-05-27T13:57:39.464091+09:00,64.5,9427,71,0,0,90765,18,71
DYuLHJZJX-l,idid_starship,IDID,2026-05-24T21:30:53+09:00,2026-05-27T13:57:39.464091+09:00,64.4,5185,51,0,0,51817,11,51
DYuLNtGJRPA,idid_starship,IDID,2026-05-24T21:31:49+09:00,2026-05-27T13:57:39.464091+09:00,64.4,5902,55,0,0,63927,10,55
DYuLUnop2VD,idid_starship,IDID,2026-05-24T21:32:40+09:00,2026-05-27T13:57:39.464091+09:00,64.4,4663,27,0,0,48412,15,27
DYuLa5OJEBE,idid_starship,IDID,2026-05-24T21:33:31+09:00,2026-05-27T13:57:39.464091+09:00,64.4,7650,50,0,0,76279,20,50
DYuLhIZJc0X,idid_starship,IDID,2026-05-24T21:34:20+09:00,2026-05-27T13:57:39.464091+09:00,64.4,6372,55,0,0,62912,15,55
DYuLohyJu-e,idid_starship,IDID,2026-05-24T21:35:21+09:00,2026-05-27T13:57:39.464091+09:00,64.4,8494,77,0,0,79969,20,77
DYwvPpVJ5Ra,idid_starship,IDID,2026-05-25T21:30:03+09:00,2026-05-27T13:57:39.464091+09:00,40.5,15933,159,0,0,169641,50,159
DYzUJ6FJuVF,idid_starship,IDID,2026-05-26T21:30:04+09:00,2026-05-27T13:57:39.464091+09:00,16.5,12605,86,0,0,105175,378,86
DYtsReLBu1Y,cortis,CORTIS,2026-05-24T17:00:09+09:00,2026-05-27T13:57:39.464091+09:00,69.0,623174,3450,0,0,5451075,1142,3450
DYt5_6QBM00,cortis,CORTIS,2026-05-24T19:00:09+09:00,2026-05-27T13:57:39.464091+09:00,67.0,692958,4569,0,0,6388585,1119,4569
DYuVeMlBxXI,cortis,CORTIS,2026-05-24T23:00:07+09:00,2026-05-27T13:57:39.464091+09:00,63.0,671379,3384,0,0,5855260,1421,3384
DYv2uN5BqWY,cortis,CORTIS,2026-05-25T13:00:04+09:00,2026-05-27T13:57:39.464091+09:00,49.0,992511,2903,0,0,9442652,3054,2903
DYwDPm8BGFK,cortis,CORTIS,2026-05-25T15:00:09+09:00,2026-05-27T13:57:39.464091+09:00,47.0,687693,5824,0,0,6915845,2233,5824
DYwewv_hCXQ,cortis,CORTIS,2026-05-25T19:00:10+09:00,2026-05-27T13:57:39.464091+09:00,43.0,573014,2179,0,0,5662780,2248,2179
DYw6QYchZob,cortis,CORTIS,2026-05-25T23:00:20+09:00,2026-05-27T13:57:39.464091+09:00,39.0,518284,1676,0,0,5423897,2676,1676
DYyhLRGBeJj,cortis,CORTIS,2026-05-26T14:00:10+09:00,2026-05-27T13:57:39.464091+09:00,24.0,638163,3079,0,0,5844855,5628,3079
DYy1z5EBY-t,cortis,CORTIS,2026-05-26T17:00:13+09:00,2026-05-27T13:57:39.464091+09:00,21.0,514125,1839,0,0,5224157,6850,1839
DYze-AOBbrD,cortis,CORTIS,2026-05-26T23:00:17+09:00,2026-05-27T13:57:39.464091+09:00,15.0,962760,6036,0,0,8595891,26465,6036
DY0xg2mAUuj,cortis,CORTIS,2026-05-27T11:02:04+09:00,2026-05-27T13:57:39.464091+09:00,2.9,248936,2196,0,0,2265907,35624,2196
DYt52NRt_OA,ald1.official,ALPHA DRIVE ONE,2026-05-24T19:01:24+09:00,2026-05-27T13:57:39.464091+09:00,66.9,83984,1404,0,0,817119,93,1404
DYuAs2itYv9,ald1.official,ALPHA DRIVE ONE,2026-05-24T20:00:02+09:00,2026-05-27T13:57:39.464091+09:00,66.0,76132,997,0,0,779439,107,997
DYuB4j9vNb4,ald1.official,ALPHA DRIVE ONE,2026-05-24T20:10:38+09:00,2026-05-27T13:57:39.464091+09:00,65.8,86292,792,0,0,869951,107,792
DYuDGgDuopB,ald1.official,ALPHA DRIVE ONE,2026-05-24T20:21:08+09:00,2026-05-27T13:57:39.464091+09:00,65.6,105045,1311,0,0,996385,127,1311
DYucTcQl-JK,ald1.official,ALPHA DRIVE ONE,2026-05-25T00:01:12+09:00,2026-05-27T13:57:39.464091+09:00,61.9,75631,2147,0,0,825556,69,2147
DYzA2KwsT90,ald1.official,ALPHA DRIVE ONE,2026-05-26T18:37:36+09:00,2026-05-27T13:57:39.464091+09:00,19.3,51840,659,0,0,565355,326,659
DYzBXCUM1k0,ald1.official,ALPHA DRIVE ONE,2026-05-26T18:42:08+09:00,2026-05-27T13:57:39.464091+09:00,19.3,73449,1202,0,0,651248,721,1202
DYzCXiAwE36,ald1.official,ALPHA DRIVE ONE,2026-05-26T18:51:09+09:00,2026-05-27T13:57:39.464091+09:00,19.1,47222,482,0,0,479279,432,482
DYzfCDRPsFS,ald1.official,ALPHA DRIVE ONE,2026-05-26T23:01:10+09:00,2026-05-27T13:57:39.464091+09:00,14.9,50155,573,0,0,406224,963,573
DYzfnmWRJqA,ald1.official,ALPHA DRIVE ONE,2026-05-26T23:06:20+09:00,2026-05-27T13:57:39.464091+09:00,14.9,46726,407,0,0,407201,1040,407
DYzgGiFSoDG,ald1.official,ALPHA DRIVE ONE,2026-05-26T23:10:29+09:00,2026-05-27T13:57:39.464091+09:00,14.8,50502,1022,0,0,442577,1177,1022
DYwlplSh3b-,axmxp_official,AxMxP,2026-05-25T20:00:12+09:00,2026-05-27T13:57:39.464091+09:00,42.0,3701,68,0,0,25948,10,68
DYt5-0bTkuM,lngshot4sho,LNGSHOT,2026-05-24T19:00:10+09:00,2026-05-27T13:57:39.464091+09:00,67.0,220346,1113,0,0,2081801,358,1113
DYuHuN4zWVy,lngshot4sho,LNGSHOT,2026-05-24T21:00:21+09:00,2026-05-27T13:57:39.464091+09:00,65.0,225492,859,0,0,1955237,405,859
DYvaGrnTwPu,lngshot4sho,LNGSHOT,2026-05-25T09:00:12+09:00,2026-05-27T13:57:39.464091+09:00,53.0,254218,2433,0,0,2050687,601,2433
DYvur9EzamY,lngshot4sho,LNGSHOT,2026-05-25T12:00:13+09:00,2026-05-27T13:57:39.464091+09:00,50.0,186238,1711,0,0,1534895,449,1711
DYwX6G9TNkA,lngshot4sho,LNGSHOT,2026-05-25T18:00:09+09:00,2026-05-27T13:57:39.464091+09:00,44.0,168986,1324,0,0,1374113,513,1324
DYx-2Olhyr6,lngshot4sho,LNGSHOT,2026-05-26T09:00:08+09:00,2026-05-27T13:57:39.464091+09:00,29.0,195139,1486,0,0,1541676,1125,1486
DYyoJZhBqxz,lngshot4sho,LNGSHOT,2026-05-26T15:00:10+09:00,2026-05-27T13:57:39.464091+09:00,23.0,174362,1309,0,0,1397520,1602,1309
DYy8ohJhEW8,lngshot4sho,LNGSHOT,2026-05-26T18:00:29+09:00,2026-05-27T13:57:39.464091+09:00,20.0,98369,439,0,0,876883,849,439
DY04RyXzJ5a,lngshot4sho,LNGSHOT,2026-05-27T12:00:11+09:00,2026-05-27T13:57:39.464091+09:00,2.0,71619,905,0,0,497567,20754,905
DYtsMqmBUOO,yuhz_official,YUHZ,2026-05-24T17:00:11+09:00,2026-05-27T13:57:39.464091+09:00,69.0,5190,61,0,0,59697,7,61
DYvt_5mSNw2,yuhz_official,YUHZ,2026-05-25T12:00:08+09:00,2026-05-27T13:57:39.464091+09:00,50.0,2775,50,0,0,26164,14,50
DYwyG5Vy676,yuhz_official,YUHZ,2026-05-25T22:00:34+09:00,2026-05-27T13:57:39.464091+09:00,40.0,1049,22,0,0,11571,2,22
DYwDRP6ytTI,tunexx_official,TUNEXX,2026-05-25T15:00:10+09:00,2026-05-27T13:57:39.464091+09:00,47.0,4280,27,0,0,31235,5,27
DYwX9jYzXkI,thessyndrome_official,THE SSYNDROME,2026-05-25T18:02:08+09:00,2026-05-27T13:57:39.464091+09:00,43.9,233,3,0,0,1839,0,3
DYy7ry6zpvA,thessyndrome_official,THE SSYNDROME,2026-05-26T18:01:00+09:00,2026-05-27T13:57:39.464091+09:00,19.9,169,2,0,0,1736,1,2
DYtbCW_hUr7,nmixx_official,NMIXX,2026-05-24T14:30:10+09:00,2026-05-27T13:57:39.464091+09:00,71.5,164378,417,0,0,1839423,279,417
DYt5-FARr1Z,nmixx_official,NMIXX,2026-05-24T19:00:09+09:00,2026-05-27T13:57:39.464091+09:00,67.0,201842,433,0,0,2011104,352,433
DYweyS1BugI,nmixx_official,NMIXX,2026-05-25T19:00:10+09:00,2026-05-27T13:57:39.464091+09:00,43.0,85631,202,0,0,983619,218,202
DYze_0MOnNK,nmixx_official,NMIXX,2026-05-26T23:04:20+09:00,2026-05-27T13:57:39.464091+09:00,14.9,165015,972,0,0,1275249,4176,972
DYzieSvOwiw,nmixx_official,NMIXX,2026-05-26T23:31:22+09:00,2026-05-27T13:57:39.464091+09:00,14.4,45605,211,0,0,447244,775,211
DYtXhfJvKUp,kiiras__official,KIIRAS,2026-05-24T14:00:27+09:00,2026-05-27T13:57:39.464091+09:00,72.0,2300,16,0,0,25975,1,16
DYtlM6zPlV4,kiiras__official,KIIRAS,2026-05-24T16:00:12+09:00,2026-05-27T13:57:39.464091+09:00,70.0,4916,54,0,0,55482,3,54
DYv8dWWvA5x,kiiras__official,KIIRAS,2026-05-25T14:01:50+09:00,2026-05-27T13:57:39.464091+09:00,47.9,1592,20,0,0,18389,3,20
DYyhlPqvc7M,kiiras__official,KIIRAS,2026-05-26T14:04:37+09:00,2026-05-27T13:57:39.464091+09:00,23.9,1863,16,0,0,19706,14,16
DYyoEbkpnV6,kiiras__official,KIIRAS,2026-05-26T15:00:10+09:00,2026-05-27T13:57:39.464091+09:00,23.0,2028,23,0,0,22150,18,23
DYytHmXvBEH,kiiras__official,KIIRAS,2026-05-26T15:47:41+09:00,2026-05-27T13:57:39.464091+09:00,22.2,5959,98,0,0,47964,70,98
DYyu5Mqv8qQ,kiiras__official,KIIRAS,2026-05-26T16:01:01+09:00,2026-05-27T13:57:39.464091+09:00,21.9,1260,11,0,0,19777,14,11
DYt2w49zNG5,smorz.official,SMORZ,2026-05-24T18:34:41+09:00,2026-05-27T13:57:39.464091+09:00,67.4,4652,8,0,0,78411,3,8
DYwYy_oyS5G,4x4crew_4x4studio,Afuture,2026-05-25T18:10:59+09:00,2026-05-27T13:57:39.464091+09:00,43.8,1201,29,0,0,170758,5,29
DYyTngwT3o8,4x4crew_4x4studio,Afuture,2026-05-26T08:00:24+09:00,2026-05-27T13:57:39.464091+09:00,30.0,146,2,0,0,4824,0,2
DYzSej5KBdT,4x4crew_4x4studio,Afuture,2026-05-26T21:11:41+09:00,2026-05-27T13:57:39.464091+09:00,16.8,222,2,0,0,10775,4,2
DYuHvjUBAL6,saythename_17,SEVENTEEN,2026-05-24T21:00:19+09:00,2026-05-27T13:57:39.464091+09:00,65.0,658073,6272,0,0,5842698,1157,6272
DYuVZEWh41B,saythename_17,SEVENTEEN,2026-05-24T23:00:13+09:00,2026-05-27T13:57:39.464091+09:00,63.0,428139,4259,0,0,3799899,648,4259
DYwlntdBx8a,saythename_17,SEVENTEEN,2026-05-25T20:00:17+09:00,2026-05-27T13:57:39.464091+09:00,42.0,359421,2347,0,0,3479448,831,2347
DYwmwzOhssb,saythename_17,SEVENTEEN,2026-05-25T20:10:11+09:00,2026-05-27T13:57:39.464091+09:00,41.8,308545,1296,0,0,3033770,912,1296
DYvvSswhThT,bts.bighitofficial,BTS,2026-05-25T12:01:05+09:00,2026-05-27T13:57:39.464091+09:00,49.9,844653,3025,0,0,11884829,1720,3025
DYzQ8CJzX6Y,realstraykids,Stray Kids,2026-05-26T20:58:04+09:00,2026-05-27T13:57:39.464091+09:00,17.0,945503,7657,0,0,7512234,8396,7657
DYtXrOLJgJI,zb1official,ZEROBASEONE,2026-05-24T14:01:30+09:00,2026-05-27T13:57:39.464091+09:00,71.9,80056,537,0,0,655335,96,537
DYubqGyJcEj,zb1official,ZEROBASEONE,2026-05-25T00:00:35+09:00,2026-05-27T13:57:39.464091+09:00,62.0,72918,705,0,0,741099,99,705
DYv1hDNpdV_,zb1official,ZEROBASEONE,2026-05-25T13:00:51+09:00,2026-05-27T13:57:39.464091+09:00,48.9,61302,597,0,0,538886,87,597
DYwssnxpajy,zb1official,ZEROBASEONE,2026-05-25T21:02:50+09:00,2026-05-27T13:57:39.464091+09:00,40.9,42356,203,0,0,411045,112,203
DYyallZJ1EB,zb1official,ZEROBASEONE,2026-05-26T13:03:29+09:00,2026-05-27T13:57:39.464091+09:00,24.9,52885,311,0,0,460708,252,311
DYy8G1eJDzJ,zb1official,ZEROBASEONE,2026-05-26T17:59:21+09:00,2026-05-27T13:57:39.464091+09:00,20.0,62893,212,0,0,492684,914,212
DYzfAOTpXXQ,zb1official,ZEROBASEONE,2026-05-26T23:02:30+09:00,2026-05-27T13:57:39.464091+09:00,14.9,62696,246,0,0,493196,1529,246
DYy8pgISdIT,plave_official,PLAVE,2026-05-26T18:00:25+09:00,2026-05-27T13:57:39.464091+09:00,20.0,34644,295,0,0,272243,295,295
DYzDj0Ryi9d,plave_official,PLAVE,2026-05-26T19:00:27+09:00,2026-05-27T13:57:39.464091+09:00,19.0,118854,2749,0,0,1097270,1372,2749
DYubRJYzBXz,riize_official,RIIZE,2026-05-25T00:00:31+09:00,2026-05-27T13:57:39.464091+09:00,62.0,187378,3200,0,0,2031057,191,3200
DYvusruzE2V,riize_official,RIIZE,2026-05-25T12:01:13+09:00,2026-05-27T13:57:39.464091+09:00,49.9,139942,1635,0,0,1181483,215,1635
DYwX5aUTfhI,riize_official,RIIZE,2026-05-25T18:01:05+09:00,2026-05-27T13:57:39.464091+09:00,43.9,200753,1487,0,0,1500997,467,1487
DYwzYEsze0F,riize_official,RIIZE,2026-05-25T22:01:09+09:00,2026-05-27T13:57:39.464091+09:00,39.9,195774,1358,0,0,1987705,496,1358
DYxAvb9zgro,riize_official,RIIZE,2026-05-26T00:00:23+09:00,2026-05-27T13:57:39.464091+09:00,38.0,115627,2657,0,0,1506714,218,2657
DYyYJD1TdJ9,riize_official,RIIZE,2026-05-26T12:41:57+09:00,2026-05-27T13:57:39.464091+09:00,25.3,124368,1659,0,0,1231232,591,1659
DYzllMMTujI,riize_official,RIIZE,2026-05-27T00:00:22+09:00,2026-05-27T13:57:39.464091+09:00,14.0,136644,3720,0,0,1402838,2561,3720
DYznXROTkZm,riize_official,RIIZE,2026-05-27T00:14:43+09:00,2026-05-27T13:57:39.464091+09:00,13.7,74274,1341,0,0,485004,1390,1341
DYznr1oTPLa,riize_official,RIIZE,2026-05-27T00:17:33+09:00,2026-05-27T13:57:39.464091+09:00,13.7,66553,881,0,0,411265,1394,881
DYzodd9zzdq,riize_official,RIIZE,2026-05-27T00:25:01+09:00,2026-05-27T13:57:39.464091+09:00,13.5,60995,708,0,0,403102,1380,708
DYzpPyZzZOV,riize_official,RIIZE,2026-05-27T00:30:54+09:00,2026-05-27T13:57:39.464091+09:00,13.4,97671,1109,0,0,629481,2682,1109
DY04R5hTfTP,riize_official,RIIZE,2026-05-27T12:01:05+09:00,2026-05-27T13:57:39.464091+09:00,1.9,71590,854,0,0,503631,20966,854
DYtegwHy11B,boynextdoor_official,BOYNEXTDOOR,2026-05-24T15:00:09+09:00,2026-05-27T13:57:39.464091+09:00,71.0,162474,851,0,0,1458324,107,851
DYuHq5bSf01,boynextdoor_official,BOYNEXTDOOR,2026-05-24T21:00:10+09:00,2026-05-27T13:57:39.464091+09:00,65.0,124896,230,0,0,995844,130,230
DYuVbrgS4L4,boynextdoor_official,BOYNEXTDOOR,2026-05-24T22:02:53+09:00,2026-05-27T13:57:39.464091+09:00,63.9,94507,421,0,0,668314,80,421
DYuVZP0S4Hv,boynextdoor_official,BOYNEXTDOOR,2026-05-24T23:00:11+09:00,2026-05-27T13:57:39.464091+09:00,63.0,136798,761,0,0,1170229,115,761
DYv8Z-Ny_AE,boynextdoor_official,BOYNEXTDOOR,2026-05-25T14:00:08+09:00,2026-05-27T13:57:39.464091+09:00,48.0,290291,1163,0,0,3037511,969,1163
DYweuUpSHnC,boynextdoor_official,BOYNEXTDOOR,2026-05-25T19:00:11+09:00,2026-05-27T13:57:39.464091+09:00,43.0,105295,252,0,0,915701,179,252
DYwpA44yHod,boynextdoor_official,BOYNEXTDOOR,2026-05-25T20:30:54+09:00,2026-05-27T13:57:39.464091+09:00,41.4,90561,156,0,0,804205,155,156
DYw6OFjSxLH,boynextdoor_official,BOYNEXTDOOR,2026-05-25T22:04:16+09:00,2026-05-27T13:57:39.464091+09:00,39.9,100413,416,0,0,708824,178,416
DYyYsvxBX93,boynextdoor_official,BOYNEXTDOOR,2026-05-26T12:46:35+09:00,2026-05-27T13:57:39.464091+09:00,25.2,140163,741,0,0,1128733,483,741
DYy3BtnPP5v,boynextdoor_official,BOYNEXTDOOR,2026-05-26T17:12:41+09:00,2026-05-27T13:57:39.464091+09:00,20.7,178952,550,0,0,1516340,1578,550
DYzGhI-PMif,boynextdoor_official,BOYNEXTDOOR,2026-05-26T19:30:24+09:00,2026-05-27T13:57:39.464091+09:00,18.5,84169,139,0,0,698347,804,139
DYzH5XXv-YA,boynextdoor_official,BOYNEXTDOOR,2026-05-26T19:40:03+09:00,2026-05-27T13:57:39.464091+09:00,18.3,108391,376,0,0,1009063,1066,376
DYze-tzR1Q0,boynextdoor_official,BOYNEXTDOOR,2026-05-26T22:02:38+09:00,2026-05-27T13:57:39.464091+09:00,15.9,94895,472,0,0,575270,1087,472
DY07r_oSPyp,boynextdoor_official,BOYNEXTDOOR,2026-05-27T12:30:08+09:00,2026-05-27T13:57:39.464091+09:00,1.5,47252,509,0,0,311886,18259,509
DY09e5MytZd,boynextdoor_official,BOYNEXTDOOR,2026-05-27T12:45:10+09:00,2026-05-27T13:57:39.464091+09:00,1.2,41863,398,0,0,248583,20375,398
DYt4l61hcL8,tws_pledis,TWS,2026-05-24T18:49:08+09:00,2026-05-27T13:57:39.464091+09:00,67.1,189494,1949,0,0,1596013,230,1949
DYuA2MypraG,tws_pledis,TWS,2026-05-24T20:00:12+09:00,2026-05-27T13:57:39.464091+09:00,66.0,189615,628,0,0,1576332,316,628
DYuOjSepjet,tws_pledis,TWS,2026-05-24T22:00:11+09:00,2026-05-27T13:57:39.464091+09:00,64.0,199597,847,0,0,2100409,396,847
DYwsgATJZHC,tws_pledis,TWS,2026-05-25T21:00:33+09:00,2026-05-27T13:57:39.464091+09:00,41.0,107591,1479,0,0,830528,238,1479
DYwzVaVJp6b,tws_pledis,TWS,2026-05-25T22:00:16+09:00,2026-05-27T13:57:39.464091+09:00,40.0,120040,862,0,0,910086,335,862
DYy2b9wJ-rR,tws_pledis,TWS,2026-05-26T17:03:59+09:00,2026-05-27T13:57:39.464091+09:00,20.9,68888,270,0,0,530168,526,270
DYzKYDGJb1J,tws_pledis,TWS,2026-05-26T20:00:44+09:00,2026-05-27T13:57:39.464091+09:00,17.9,92175,701,0,0,621790,991,701
DYzbmlIpLYs,tws_pledis,TWS,2026-05-26T22:30:13+09:00,2026-05-27T13:57:39.464091+09:00,15.5,74751,630,0,0,534052,1221,630
DYtXmYCzY3V,official_monsta_x,MONSTA X,2026-05-24T14:00:11+09:00,2026-05-27T13:57:39.464091+09:00,72.0,46389,493,0,0,366769,49,493
DYuHqMDTGui,official_monsta_x,MONSTA X,2026-05-24T21:00:11+09:00,2026-05-27T13:57:39.464091+09:00,65.0,23007,202,0,0,158416,59,202
DYvurKDuz8W,official_monsta_x,MONSTA X,2026-05-25T12:00:51+09:00,2026-05-27T13:57:39.464091+09:00,49.9,25800,279,0,0,225997,58,279
DYvyBiOOez-,official_monsta_x,MONSTA X,2026-05-25T12:30:11+09:00,2026-05-27T13:57:39.464091+09:00,49.5,11578,85,0,0,103401,25,85
DYv1c2_PMGJ,official_monsta_x,MONSTA X,2026-05-25T13:00:18+09:00,2026-05-27T13:57:39.464091+09:00,49.0,12048,150,0,0,169804,15,150
DYwDS_PT_Un,official_monsta_x,MONSTA X,2026-05-25T15:00:14+09:00,2026-05-27T13:57:39.464091+09:00,47.0,23943,234,0,0,262087,89,234
DYwKJQQTgce,official_monsta_x,MONSTA X,2026-05-25T16:00:13+09:00,2026-05-27T13:57:39.464091+09:00,46.0,16229,254,0,0,181012,32,254
DYteRaLMoYU,aespa_official,aespa,2026-05-24T14:58:59+09:00,2026-05-27T13:57:39.464091+09:00,71.0,361592,1925,0,0,3760900,387,1925
DYthu4DMXag,aespa_official,aespa,2026-05-24T15:29:26+09:00,2026-05-27T13:57:39.464091+09:00,70.5,245077,953,0,0,5403823,291,953
DYufICRMrPJ,aespa_official,aespa,2026-05-25T00:28:07+09:00,2026-05-27T13:57:39.464091+09:00,61.5,224086,3871,0,0,2799657,193,3871
DYwXVzoM3_6,aespa_official,aespa,2026-05-25T17:57:50+09:00,2026-05-27T13:57:39.464091+09:00,44.0,285875,688,0,0,3116022,765,688
DYwa4NPMhg5,aespa_official,aespa,2026-05-25T18:28:51+09:00,2026-05-27T13:57:39.464091+09:00,43.5,257422,1350,0,0,3290281,586,1350
DYy2f1ysMh2,aespa_official,aespa,2026-05-26T17:07:05+09:00,2026-05-27T13:57:39.464091+09:00,20.8,126273,291,0,0,1687133,1235,291
DYy4yb8Mhmj,aespa_official,aespa,2026-05-26T17:30:14+09:00,2026-05-27T13:57:39.464091+09:00,20.5,113491,560,0,0,1461374,1161,560
DYy8pETstdC,aespa_official,aespa,2026-05-26T18:00:39+09:00,2026-05-27T13:57:39.464091+09:00,20.0,107234,643,0,0,1324468,1202,643
DYzAIwJsAUS,aespa_official,aespa,2026-05-26T18:31:16+09:00,2026-05-27T13:57:39.464091+09:00,19.4,175319,813,0,0,2420555,1805,813
DYzDQ1OMLuC,aespa_official,aespa,2026-05-26T19:00:32+09:00,2026-05-27T13:57:39.464091+09:00,19.0,158241,552,0,0,2168371,2260,552
DYwr64cS8BI,redvelvet.smtown,Red Velvet,2026-05-25T20:56:31+09:00,2026-05-27T13:57:39.464091+09:00,41.0,55438,276,0,0,506653,258,276
DYv0xBlgg83,babymonster_ygofficial,BABYMONSTER,2026-05-25T13:00:05+09:00,2026-05-27T13:57:39.464091+09:00,49.0,247942,1096,0,0,3730843,537,1096
DYtwUDaSa5p,le_sserafim,LE SSERAFIM,2026-05-24T17:30:12+09:00,2026-05-27T13:57:39.464091+09:00,68.5,217357,391,0,0,3100320,290,391
DYuH0KLSbYi,le_sserafim,LE SSERAFIM,2026-05-24T21:00:11+09:00,2026-05-27T13:57:39.464091+09:00,65.0,381194,633,0,0,6426438,643,633
DYuI5xeyFNv,le_sserafim,LE SSERAFIM,2026-05-24T21:09:57+09:00,2026-05-27T13:57:39.464091+09:00,64.8,371757,313,0,0,4762164,599,313
DYuOpGQSM8B,le_sserafim,LE SSERAFIM,2026-05-24T22:00:17+09:00,2026-05-27T13:57:39.464091+09:00,64.0,199481,252,0,0,2942841,497,252
DYvTFamxK45,le_sserafim,LE SSERAFIM,2026-05-25T07:59:53+09:00,2026-05-27T13:57:39.464091+09:00,54.0,34040,238,0,0,797903,44,238
DYv-LxqSs5y,le_sserafim,LE SSERAFIM,2026-05-25T14:15:29+09:00,2026-05-27T13:57:39.464091+09:00,47.7,80122,176,0,0,1208151,152,176
DYv_8yjyQCw,le_sserafim,LE SSERAFIM,2026-05-25T14:29:54+09:00,2026-05-27T13:57:39.464091+09:00,47.5,97755,212,0,0,1218846,245,212
DYwKSYWyyAZ,le_sserafim,LE SSERAFIM,2026-05-25T16:00:09+09:00,2026-05-27T13:57:39.464091+09:00,46.0,153409,253,0,0,1545545,511,253
DYwK00IyQzg,le_sserafim,LE SSERAFIM,2026-05-25T16:05:02+09:00,2026-05-27T13:57:39.464091+09:00,45.9,114259,324,0,0,1238320,494,324
DYwL9iuyg-1,le_sserafim,LE SSERAFIM,2026-05-25T16:10:02+09:00,2026-05-27T13:57:39.464091+09:00,45.8,125221,369,0,0,1536985,432,369
DYwL59yy7Mw,le_sserafim,LE SSERAFIM,2026-05-25T16:14:59+09:00,2026-05-27T13:57:39.464091+09:00,45.7,126491,303,0,0,1379443,513,303
DYwMnJbyOJY,le_sserafim,LE SSERAFIM,2026-05-25T16:19:59+09:00,2026-05-27T13:57:39.464091+09:00,45.6,119662,376,0,0,1645557,424,376
DYwRBxryvsK,le_sserafim,LE SSERAFIM,2026-05-25T16:59:56+09:00,2026-05-27T13:57:39.464091+09:00,45.0,174425,460,0,0,1569232,405,460
DYwdnbcPm61,le_sserafim,LE SSERAFIM,2026-05-25T19:00:15+09:00,2026-05-27T13:57:39.464091+09:00,43.0,106064,130,0,0,1538575,427,130
DYwiQvESCM5,le_sserafim,LE SSERAFIM,2026-05-25T19:29:55+09:00,2026-05-27T13:57:39.464091+09:00,42.5,187213,224,0,0,2853495,551,224
DYw0CKeSH5x,le_sserafim,LE SSERAFIM,2026-05-25T22:00:50+09:00,2026-05-27T13:57:39.464091+09:00,39.9,597407,1162,0,0,5237141,2911,1162
DYw214kSyRX,le_sserafim,LE SSERAFIM,2026-05-25T22:29:56+09:00,2026-05-27T13:57:39.464091+09:00,39.5,323056,527,0,0,4261551,1322,527
DYw4gMNSkID,le_sserafim,LE SSERAFIM,2026-05-25T22:45:19+09:00,2026-05-27T13:57:39.464091+09:00,39.2,176668,283,0,0,2238745,573,283
DYy0IGgSbGO,le_sserafim,LE SSERAFIM,2026-05-26T16:29:56+09:00,2026-05-27T13:57:39.464091+09:00,21.5,121121,177,0,0,2436257,1599,177
DYy1p7DI0so,le_sserafim,LE SSERAFIM,2026-05-26T16:59:58+09:00,2026-05-27T13:57:39.464091+09:00,21.0,68999,179,0,0,983824,637,179
DYy80zqSySQ,le_sserafim,LE SSERAFIM,2026-05-26T17:45:16+09:00,2026-05-27T13:57:39.464091+09:00,20.2,43675,95,0,0,604898,475,95
DYzAzImydR2,le_sserafim,LE SSERAFIM,2026-05-26T18:29:58+09:00,2026-05-27T13:57:39.464091+09:00,19.5,106582,269,0,0,1684652,1441,269
DYzDsz0SbLU,le_sserafim,LE SSERAFIM,2026-05-26T18:59:58+09:00,2026-05-27T13:57:39.464091+09:00,19.0,80117,103,0,0,1445790,1545,103
DYzHFxYJE22,le_sserafim,LE SSERAFIM,2026-05-26T19:35:41+09:00,2026-05-27T13:57:39.464091+09:00,18.4,198858,541,0,0,2167050,2877,541
DYzNVdbBcCJ,le_sserafim,LE SSERAFIM,2026-05-26T20:30:04+09:00,2026-05-27T13:57:39.464091+09:00,17.5,52456,70,0,0,641603,756,70
DYzRXAcSonT,le_sserafim,LE SSERAFIM,2026-05-26T20:59:58+09:00,2026-05-27T13:57:39.464091+09:00,17.0,57955,133,0,0,815508,842,133
DYzU0Gjyhlu,le_sserafim,LE SSERAFIM,2026-05-26T21:29:53+09:00,2026-05-27T13:57:39.464091+09:00,16.5,116779,265,0,0,1252647,1922,265
DYzYyS0SiXt,le_sserafim,LE SSERAFIM,2026-05-26T22:00:53+09:00,2026-05-27T13:57:39.464091+09:00,15.9,169635,408,0,0,1641842,2787,408
DYz6f11p78H,le_sserafim,LE SSERAFIM,2026-05-27T03:02:17+09:00,2026-05-27T13:57:39.464091+09:00,10.9,42803,108,0,0,780919,5136,108
DYtXngbz6Og,illit_official,ILLIT,2026-05-24T14:00:11+09:00,2026-05-27T13:57:39.464091+09:00,72.0,222275,1039,0,0,2570300,264,1039
DYtsPsPTcVv,illit_official,ILLIT,2026-05-24T17:00:11+09:00,2026-05-27T13:57:39.464091+09:00,69.0,148863,602,0,0,1854809,274,602
DYuA0BazfzJ,illit_official,ILLIT,2026-05-24T20:00:09+09:00,2026-05-27T13:57:39.464091+09:00,66.0,168173,748,0,0,1870472,253,748
DYv8aPtTCZp,illit_official,ILLIT,2026-05-25T14:00:12+09:00,2026-05-27T13:57:39.464091+09:00,48.0,92851,253,0,0,1059725,350,253
DYy8u6nzSc1,illit_official,ILLIT,2026-05-26T18:00:12+09:00,2026-05-27T13:57:39.464091+09:00,20.0,186688,526,0,0,2176552,2416,526
DYzRUlPzDKr,illit_official,ILLIT,2026-05-26T21:00:49+09:00,2026-05-27T13:57:39.464091+09:00,16.9,60480,214,0,0,895345,1063,214
DYteedwzAt2,stayc_highup,STAYC,2026-05-24T15:00:00+09:00,2026-05-27T13:57:39.464091+09:00,71.0,34393,171,0,0,642553,101,171
DYuHs6sJCpR,officialfromis_9,fromis_9,2026-05-24T21:00:19+09:00,2026-05-27T13:57:39.464091+09:00,65.0,21516,78,0,0,524741,29,78
DYwseqApaaf,officialfromis_9,fromis_9,2026-05-25T21:00:27+09:00,2026-05-27T13:57:39.464091+09:00,41.0,23832,85,0,0,412038,90,85
DYzG7p8zt9s,wooah_nv,WOOAH,2026-05-26T19:30:16+09:00,2026-05-27T13:57:39.464091+09:00,18.5,6062,69,0,0,65601,83,69
DYtzFJyPP-z,billlie.official,Billlie,2026-05-24T18:00:09+09:00,2026-05-27T13:57:39.464091+09:00,68.0,5601,38,0,0,96433,12,38
DYt6BG9vDHF,billlie.official,Billlie,2026-05-24T19:00:10+09:00,2026-05-27T13:57:39.464091+09:00,67.0,12023,88,0,0,196738,9,88
DYuEP1XPnti,billlie.official,Billlie,2026-05-24T20:30:08+09:00,2026-05-27T13:57:39.464091+09:00,65.5,23898,133,0,0,533822,27,133
DYuLKKbP3NV,billlie.official,Billlie,2026-05-24T21:30:13+09:00,2026-05-27T13:57:39.464091+09:00,64.5,18016,105,0,0,211469,26,105
DYuWYicPpAZ,billlie.official,Billlie,2026-05-24T23:10:14+09:00,2026-05-27T13:57:39.464091+09:00,62.8,12809,98,0,0,159837,20,98
DYwKH84RjPB,billlie.official,Billlie,2026-05-25T16:00:09+09:00,2026-05-27T13:57:39.464091+09:00,46.0,7111,42,0,0,71801,21,42
DYwQ-SmxQRm,billlie.official,Billlie,2026-05-25T17:00:11+09:00,2026-05-27T13:57:39.464091+09:00,45.0,8085,27,0,0,140905,12,27
DYwpAUXPDOD,billlie.official,Billlie,2026-05-25T20:30:09+09:00,2026-05-27T13:57:39.464091+09:00,41.5,25986,104,0,0,241164,47,104
DYwseIwv_0V,billlie.official,Billlie,2026-05-25T21:00:12+09:00,2026-05-27T13:57:39.464091+09:00,41.0,22892,229,0,0,172769,73,229
DYyhz4IPrR-,billlie.official,Billlie,2026-05-26T14:06:28+09:00,2026-05-27T13:57:39.464091+09:00,23.9,6843,48,0,0,80860,66,48
DYyoIUsvvPk,billlie.official,Billlie,2026-05-26T15:00:10+09:00,2026-05-27T13:57:39.464091+09:00,23.0,8056,26,0,0,133657,86,26
DYzALZFx6bc,billlie.official,Billlie,2026-05-26T18:30:10+09:00,2026-05-27T13:57:39.464091+09:00,19.5,4092,24,0,0,59023,41,24
DYzG-33vbcR,billlie.official,Billlie,2026-05-26T19:30:11+09:00,2026-05-27T13:57:39.464091+09:00,18.5,2993,13,0,0,37192,40,13
DYzN2rfPIxF,billlie.official,Billlie,2026-05-26T20:30:11+09:00,2026-05-27T13:57:39.464091+09:00,17.5,9714,52,0,0,98598,122,52
DYzYPexvT3A,billlie.official,Billlie,2026-05-26T22:02:46+09:00,2026-05-27T13:57:39.464091+09:00,15.9,5641,36,0,0,55599,96,36
DYt5rvvPWDo,qwerband_official,QWER,2026-05-24T19:00:41+09:00,2026-05-27T13:57:39.464091+09:00,66.9,21389,129,0,0,211064,40,129
DYt6Drkv1pW,qwerband_official,QWER,2026-05-24T19:04:01+09:00,2026-05-27T13:57:39.464091+09:00,66.9,15360,109,0,0,167415,21,109
DYt6WGcPd2d,qwerband_official,QWER,2026-05-24T19:05:32+09:00,2026-05-27T13:57:39.464091+09:00,66.9,13094,103,0,0,146643,20,103
DYt6ZI2P8-s,qwerband_official,QWER,2026-05-24T19:06:21+09:00,2026-05-27T13:57:39.464091+09:00,66.9,10866,119,0,0,159248,11,119
DYwDjdSPW8m,qwerband_official,QWER,2026-05-25T15:03:26+09:00,2026-05-27T13:57:39.464091+09:00,46.9,16327,117,0,0,332814,43,117
DYvujyQp50e,lun8_official,LUN8,2026-05-25T12:00:09+09:00,2026-05-27T13:57:39.464091+09:00,50.0,14128,307,0,0,94892,27,307
DYyTdCdSLwP,lun8_official,LUN8,2026-05-26T12:00:52+09:00,2026-05-27T13:57:39.464091+09:00,25.9,2638,32,0,0,20927,21,32
DY04H5IyJhx,lun8_official,LUN8,2026-05-27T12:00:00+09:00,2026-05-27T13:57:39.464091+09:00,2.0,888,23,0,0,7733,192,23
DYzDm4gBw2r,official_oneus,ONEUS,2026-05-26T19:01:08+09:00,2026-05-27T13:57:39.464091+09:00,18.9,9250,89,0,0,83767,85,89
DYt0D1cROZV,s2it_official,S2IT,2026-05-24T18:09:28+09:00,2026-05-27T13:57:39.464091+09:00,67.8,1003,32,0,0,23030,0,32
DYwDOcGRt2N,s2it_official,S2IT,2026-05-25T15:00:24+09:00,2026-05-27T13:57:39.464091+09:00,47.0,713,23,0,0,16888,2,23
DYw6NmSzPVD,s2it_official,S2IT,2026-05-25T23:00:59+09:00,2026-05-27T13:57:39.464091+09:00,38.9,1088,33,0,0,22736,3,33
DYyhQ2CPwdt,tpst__official,TEMPEST,2026-05-26T14:00:09+09:00,2026-05-27T13:57:39.464091+09:00,24.0,1954,24,0,0,13253,24,24
DYzKagAv3nz,tpst__official,TEMPEST,2026-05-26T20:00:43+09:00,2026-05-27T13:57:39.464091+09:00,17.9,12222,152,0,0,77868,268,152
DYtXpiDBGCW,wearedrippin,DRIPPIN,2026-05-24T14:00:11+09:00,2026-05-27T13:57:39.464091+09:00,72.0,1181,5,0,0,13628,0,5
DYtxy_cxSLM,wearedrippin,DRIPPIN,2026-05-24T17:49:36+09:00,2026-05-27T13:57:39.464091+09:00,68.1,1193,6,0,0,16332,2,6
DYuOhhuB5zd,wearedrippin,DRIPPIN,2026-05-24T22:00:11+09:00,2026-05-27T13:57:39.464091+09:00,64.0,1560,20,0,0,15811,3,20
DYv1h0QB_qR,wearedrippin,DRIPPIN,2026-05-25T13:00:09+09:00,2026-05-27T13:57:39.464091+09:00,49.0,1654,14,0,0,19002,3,14
DYwbTaXBioV,wearedrippin,DRIPPIN,2026-05-25T18:30:09+09:00,2026-05-27T13:57:39.464091+09:00,43.5,1175,7,0,0,12728,2,7
DYwzTqzhHPE,wearedrippin,DRIPPIN,2026-05-25T22:00:16+09:00,2026-05-27T13:57:39.464091+09:00,40.0,1345,53,0,0,14113,5,53
DYyThkUB7ZC,wearedrippin,DRIPPIN,2026-05-26T12:00:10+09:00,2026-05-27T13:57:39.464091+09:00,26.0,1105,10,0,0,12115,6,10
DYybjIBh4cO,wearedrippin,DRIPPIN,2026-05-26T12:49:09+09:00,2026-05-27T13:57:39.464091+09:00,25.1,2023,23,0,0,23119,6,23
DYyaVeVBJ5t,wearedrippin,DRIPPIN,2026-05-26T13:00:10+09:00,2026-05-27T13:57:39.464091+09:00,25.0,921,13,0,0,9600,5,13
DYyhPhShoVV,wearedrippin,DRIPPIN,2026-05-26T14:00:11+09:00,2026-05-27T13:57:39.464091+09:00,24.0,837,6,0,0,8936,5,6
DYzHRCuRhhO,wearedrippin,DRIPPIN,2026-05-26T19:34:53+09:00,2026-05-27T13:57:39.464091+09:00,18.4,621,4,0,0,7613,9,4
DYzN4m-Btvw,wearedrippin,DRIPPIN,2026-05-26T20:01:49+09:00,2026-05-27T13:57:39.464091+09:00,17.9,624,4,0,0,5708,7,4
DYzOcu4hBr1,wearedrippin,DRIPPIN,2026-05-26T20:02:24+09:00,2026-05-27T13:57:39.464091+09:00,17.9,990,12,0,0,9379,15,12
DYzYIwHBKL5,wearedrippin,DRIPPIN,2026-05-26T22:00:19+09:00,2026-05-27T13:57:39.464091+09:00,16.0,812,5,0,0,8569,7,5
DYvze51SLny,wena_official_,We;Na,2026-05-25T12:43:25+09:00,2026-05-27T13:57:39.464091+09:00,49.2,457,11,0,0,9075,0,11
DYy7VQpS5wt,wena_official_,We;Na,2026-05-26T17:49:35+09:00,2026-05-27T13:57:39.464091+09:00,20.1,423,12,0,0,8328,12,12
DYt6C0EBzSz,kiiikiii.official,KiiiKiii,2026-05-24T19:00:49+09:00,2026-05-27T13:57:39.464091+09:00,66.9,35435,78,0,0,613068,80,78
DYzKfjghjFZ,kiiikiii.official,KiiiKiii,2026-05-26T20:00:20+09:00,2026-05-27T13:57:39.464091+09:00,18.0,81785,225,0,0,828742,1230,225
DYwpfHry3bN,official_burvey,Burvey,2026-05-25T20:34:40+09:00,2026-05-27T13:57:39.464091+09:00,41.4,346,14,0,0,7457,1,14
DYzRPh2ToBt,official.irise,IRISÉ,2026-05-26T21:00:08+09:00,2026-05-27T13:57:39.464091+09:00,17.0,873,6,0,0,8000,13,6
DYy8YBAhY9H,we_fiftyfifty,FIFTY FIFTY,2026-05-26T18:00:04+09:00,2026-05-27T13:57:39.464091+09:00,20.0,11424,142,0,0,114067,129,142
DYuBbguhkjC,itzy.all.in.us,ITZY,2026-05-24T20:04:09+09:00,2026-05-27T17:57:39.623843+09:00,69.9,62429,1022,0,0,817240,453,0
DYuHq2_ydVr,itzy.all.in.us,ITZY,2026-05-24T21:00:09+09:00,2026-05-27T17:57:39.623843+09:00,69.0,106386,1073,0,0,996458,921,1
DYuLHgvyCy0,itzy.all.in.us,ITZY,2026-05-24T21:30:10+09:00,2026-05-27T17:57:39.623843+09:00,68.5,205670,1276,0,0,2257910,1222,2
DYudc-tyoaV,itzy.all.in.us,ITZY,2026-05-25T00:10:10+09:00,2026-05-27T17:57:39.623843+09:00,65.8,134999,1144,0,0,1394346,883,0
DYvuBZoS_MT,itzy.all.in.us,ITZY,2026-05-25T11:55:14+09:00,2026-05-27T17:57:39.623843+09:00,54.0,117057,1307,0,0,853339,845,2
DYwX2sHSk21,itzy.all.in.us,ITZY,2026-05-25T18:00:11+09:00,2026-05-27T17:57:39.623843+09:00,48.0,148479,1139,0,0,1430397,1716,2
DYwlFYCyMHg,itzy.all.in.us,ITZY,2026-05-25T19:58:30+09:00,2026-05-27T17:57:39.623843+09:00,46.0,125699,1116,0,0,1117532,1443,0
DYysrcRy1jW,itzy.all.in.us,ITZY,2026-05-26T15:40:43+09:00,2026-05-27T17:57:39.623843+09:00,26.3,104993,1099,0,0,1014973,3208,9
DYy1x9ySdQm,itzy.all.in.us,ITZY,2026-05-26T17:00:11+09:00,2026-05-27T17:57:39.623843+09:00,25.0,91473,1144,0,0,1027763,2616,13
DYzAJpnSZY6,itzy.all.in.us,ITZY,2026-05-26T18:31:08+09:00,2026-05-27T17:57:39.623843+09:00,23.4,50888,1047,0,0,667570,2088,3
DYzR1RhScLh,itzy.all.in.us,ITZY,2026-05-26T21:07:23+09:00,2026-05-27T17:57:39.623843+09:00,20.8,88091,1067,0,0,922244,4687,14
DYuOjHDRZZS,ivestarship,IVE,2026-05-24T22:00:11+09:00,2026-05-27T17:57:39.623843+09:00,68.0,162441,692,0,0,2161941,1268,3
DYuV71EviWk,ivestarship,IVE,2026-05-24T23:07:16+09:00,2026-05-27T17:57:39.623843+09:00,66.8,73733,344,0,0,760323,548,1
DYwRDXOx8BN,ivestarship,IVE,2026-05-25T17:00:08+09:00,2026-05-27T17:57:39.623843+09:00,49.0,122147,337,0,0,1458314,1788,5
DYwsLC4v2Vo,ivestarship,IVE,2026-05-25T20:59:18+09:00,2026-05-27T17:57:39.623843+09:00,45.0,118023,366,0,0,1450937,2092,8
DYyu6H6BPt-,ivestarship,IVE,2026-05-26T16:00:12+09:00,2026-05-27T17:57:39.623843+09:00,26.0,97801,343,0,0,960418,3582,21
DY04S4PyXtn,wjsn_cosmic,WJSN,2026-05-27T12:00:09+09:00,2026-05-27T17:57:39.623843+09:00,6.0,4213,83,0,0,29284,1646,20
DYwzU8PPxhn,sa2m2nam3,SMN,2026-05-25T22:00:00+09:00,2026-05-27T17:57:39.623843+09:00,44.0,10744,107,0,0,94405,175,2
DYy8uCsT34v,we.madein.u,MADEIN,2026-05-26T18:00:08+09:00,2026-05-27T17:57:39.623843+09:00,24.0,1820,16,0,0,68640,84,1
DYy13iIB-0p,ifeye_official,ifeye,2026-05-26T17:00:13+09:00,2026-05-27T17:57:39.623843+09:00,25.0,2154,13,0,0,23094,75,0
DYy8roAB7e3,ifeye_official,ifeye,2026-05-26T18:00:10+09:00,2026-05-27T17:57:39.623843+09:00,24.0,4290,34,0,0,36571,164,0
DYy9O8lByMI,ifeye_official,ifeye,2026-05-26T18:05:08+09:00,2026-05-27T17:57:39.623843+09:00,23.9,3135,24,0,0,29124,194,1
DYzlLGhpVO_,xodiacofficial,XODIAC,2026-05-26T23:59:25+09:00,2026-05-27T17:57:39.623843+09:00,18.0,8366,584,0,0,103896,594,20
DYt2ZSNT0si,82major_official,82MAJOR,2026-05-24T18:37:33+09:00,2026-05-27T17:57:39.623843+09:00,71.3,10455,95,0,0,114042,73,0
DYt9awzvR1C,82major_official,82MAJOR,2026-05-24T19:30:08+09:00,2026-05-27T17:57:39.623843+09:00,70.5,11031,129,0,0,99131,85,0
DYwlpXVvyEv,82major_official,82MAJOR,2026-05-25T18:59:37+09:00,2026-05-27T17:57:39.623843+09:00,47.0,10210,53,0,0,78605,134,0
DYwlmzovAsP,82major_official,82MAJOR,2026-05-25T20:00:11+09:00,2026-05-27T17:57:39.623843+09:00,46.0,38639,140,0,0,363467,693,0
DYy8ouIPXvl,82major_official,82MAJOR,2026-05-26T18:00:28+09:00,2026-05-27T17:57:39.623843+09:00,24.0,6993,35,0,0,51877,287,0
DYzDgEMPQzb,82major_official,82MAJOR,2026-05-26T19:00:10+09:00,2026-05-27T17:57:39.623843+09:00,23.0,4145,38,0,0,38240,117,0
DYwXqqDTRI7,thewind.official,The Wind,2026-05-25T18:00:18+09:00,2026-05-27T17:57:39.623843+09:00,48.0,7295,51,0,0,46935,425,1
DYwEsswx-RQ,dxmon_hm,DXMON,2026-05-25T15:13:24+09:00,2026-05-27T17:57:39.623843+09:00,50.7,1785,18,0,0,28845,10,0
DYwZFmtRyhR,dxmon_hm,DXMON,2026-05-25T18:12:01+09:00,2026-05-27T17:57:39.623843+09:00,47.8,581,15,0,0,4950,5,0
DYyrf9tz7IC,dxmon_hm,DXMON,2026-05-26T15:30:12+09:00,2026-05-27T17:57:39.623843+09:00,26.5,1030,22,0,0,7101,42,0
DYtzJn0yQSN,xikers_official,xikers,2026-05-24T18:00:13+09:00,2026-05-27T17:57:39.623843+09:00,72.0,17157,113,0,0,174145,539,0
DYt9bUKTZS5,xikers_official,xikers,2026-05-24T19:31:54+09:00,2026-05-27T17:57:39.623843+09:00,70.4,26667,191,0,0,143495,177,0
DYuAz-IyFXC,xikers_official,xikers,2026-05-24T20:00:09+09:00,2026-05-27T17:57:39.623843+09:00,70.0,9895,56,0,0,66042,67,0
DYuHqmIyN-x,xikers_official,xikers,2026-05-24T21:00:18+09:00,2026-05-27T17:57:39.623843+09:00,69.0,14287,135,0,0,83429,92,0
DYuVbmYT0h-,xikers_official,xikers,2026-05-24T23:01:12+09:00,2026-05-27T17:57:39.623843+09:00,66.9,10249,86,0,0,60435,59,0
DYwKN7OScBk,xikers_official,xikers,2026-05-25T16:00:10+09:00,2026-05-27T17:57:39.623843+09:00,50.0,8349,63,0,0,106610,95,0
DYwREASyvPh,xikers_official,xikers,2026-05-25T17:00:11+09:00,2026-05-27T17:57:39.623843+09:00,49.0,24119,69,0,0,178030,185,0
DYwlk2CSWC9,xikers_official,xikers,2026-05-25T20:00:14+09:00,2026-05-27T17:57:39.623843+09:00,46.0,15672,58,0,0,100323,220,3
DYwsiCZye8-,xikers_official,xikers,2026-05-25T21:00:11+09:00,2026-05-27T17:57:39.623843+09:00,45.0,10185,96,0,0,68218,144,1
DYwzXfEyJUG,xikers_official,xikers,2026-05-25T22:00:16+09:00,2026-05-27T17:57:39.623843+09:00,44.0,13533,64,0,0,103826,200,0
DYyW6w0SeZ6,xikers_official,xikers,2026-05-26T12:30:10+09:00,2026-05-27T17:57:39.623843+09:00,29.5,11024,94,0,0,76710,169,0
DYyd04nyn6t,xikers_official,xikers,2026-05-26T13:30:09+09:00,2026-05-27T17:57:39.623843+09:00,28.5,7733,32,0,0,55486,164,0
DYyybv2yxId,xikers_official,xikers,2026-05-26T16:30:12+09:00,2026-05-27T17:57:39.623843+09:00,25.5,7140,62,0,0,48464,248,2
DYzDklHSslc,xikers_official,xikers,2026-05-26T19:00:09+09:00,2026-05-27T17:57:39.623843+09:00,23.0,7687,60,0,0,51399,356,1
DYzRPtlyTBd,xikers_official,xikers,2026-05-26T21:00:09+09:00,2026-05-27T17:57:39.623843+09:00,21.0,6382,39,0,0,43805,311,3
DY0xZ8PS-t9,xikers_official,xikers,2026-05-27T11:00:12+09:00,2026-05-27T17:57:39.623843+09:00,7.0,18064,163,0,0,110626,7486,37
DY0_HrJy0yy,xikers_official,xikers,2026-05-27T13:00:12+09:00,2026-05-27T17:57:39.623843+09:00,5.0,14846,371,0,0,93376,10153,197
DYvuuKfjzwF,official.dkb,DKB,2026-05-25T12:01:14+09:00,2026-05-27T17:57:39.623843+09:00,53.9,1492,9,0,0,17085,8,0
DYwot1HTqLb,official.dkb,DKB,2026-05-25T20:28:36+09:00,2026-05-27T17:57:39.623843+09:00,45.5,1478,16,0,0,15731,7,0
DYwNlbVTlx_,close.your.eyes.official,CLOSE YOUR EYES,2026-05-25T16:30:11+09:00,2026-05-27T17:57:39.623843+09:00,49.5,7198,54,0,0,65286,71,0
DYwsia1zrY5,close.your.eyes.official,CLOSE YOUR EYES,2026-05-25T21:00:30+09:00,2026-05-27T17:57:39.623843+09:00,45.0,13204,140,0,0,107914,150,0
DYuKYlCJfhx,idid_starship,IDID,2026-05-24T21:30:03+09:00,2026-05-27T17:57:39.623843+09:00,68.5,9492,71,0,0,91401,65,0
DYuLHJZJX-l,idid_starship,IDID,2026-05-24T21:30:53+09:00,2026-05-27T17:57:39.623843+09:00,68.4,5224,51,0,0,52230,39,0
DYuLNtGJRPA,idid_starship,IDID,2026-05-24T21:31:49+09:00,2026-05-27T17:57:39.623843+09:00,68.4,5938,55,0,0,64383,36,0
DYuLUnop2VD,idid_starship,IDID,2026-05-24T21:32:40+09:00,2026-05-27T17:57:39.623843+09:00,68.4,4706,27,0,0,48987,43,0
DYuLa5OJEBE,idid_starship,IDID,2026-05-24T21:33:31+09:00,2026-05-27T17:57:39.623843+09:00,68.4,7696,50,0,0,76867,46,0
DYuLhIZJc0X,idid_starship,IDID,2026-05-24T21:34:20+09:00,2026-05-27T17:57:39.623843+09:00,68.4,6415,55,0,0,63432,43,0
DYuLohyJu-e,idid_starship,IDID,2026-05-24T21:35:21+09:00,2026-05-27T17:57:39.623843+09:00,68.4,8548,77,0,0,80756,54,0
DYwvPpVJ5Ra,idid_starship,IDID,2026-05-25T21:30:03+09:00,2026-05-27T17:57:39.623843+09:00,44.5,16124,159,0,0,171733,191,0
DYzUJ6FJuVF,idid_starship,IDID,2026-05-26T21:30:04+09:00,2026-05-27T17:57:39.623843+09:00,20.5,14005,87,0,0,118840,1400,1
DYt5_6QBM00,cortis,CORTIS,2026-05-24T19:00:09+09:00,2026-05-27T17:57:39.623843+09:00,71.0,697988,4579,0,0,6429321,5030,10
DYuVeMlBxXI,cortis,CORTIS,2026-05-24T23:00:07+09:00,2026-05-27T17:57:39.623843+09:00,67.0,676902,3393,0,0,5901242,5523,9
DYv2uN5BqWY,cortis,CORTIS,2026-05-25T13:00:04+09:00,2026-05-27T17:57:39.623843+09:00,53.0,1005576,2928,0,0,9560737,13065,25
DYwDPm8BGFK,cortis,CORTIS,2026-05-25T15:00:09+09:00,2026-05-27T17:57:39.623843+09:00,51.0,696110,5836,0,0,6996837,8417,12
DYwewv_hCXQ,cortis,CORTIS,2026-05-25T19:00:10+09:00,2026-05-27T17:57:39.623843+09:00,47.0,581659,2187,0,0,5742166,8645,8
DYw6QYchZob,cortis,CORTIS,2026-05-25T23:00:20+09:00,2026-05-27T17:57:39.623843+09:00,43.0,528678,1685,0,0,5509319,10394,9
DYyhLRGBeJj,cortis,CORTIS,2026-05-26T14:00:10+09:00,2026-05-27T17:57:39.623843+09:00,28.0,658024,3120,0,0,6008138,19861,41
DYy1z5EBY-t,cortis,CORTIS,2026-05-26T17:00:13+09:00,2026-05-27T17:57:39.623843+09:00,25.0,537847,1859,0,0,5557124,23722,20
DYze-AOBbrD,cortis,CORTIS,2026-05-26T23:00:17+09:00,2026-05-27T17:57:39.623843+09:00,19.0,1075337,6398,0,0,9799419,112577,362
DY0xg2mAUuj,cortis,CORTIS,2026-05-27T11:02:04+09:00,2026-05-27T17:57:39.623843+09:00,6.9,336327,2508,0,0,3210925,87391,312
DYt52NRt_OA,ald1.official,ALPHA DRIVE ONE,2026-05-24T19:01:24+09:00,2026-05-27T17:57:39.623843+09:00,70.9,84490,1412,0,0,820920,506,8
DYuAs2itYv9,ald1.official,ALPHA DRIVE ONE,2026-05-24T20:00:02+09:00,2026-05-27T17:57:39.623843+09:00,70.0,76660,998,0,0,783551,528,1
DYuB4j9vNb4,ald1.official,ALPHA DRIVE ONE,2026-05-24T20:10:38+09:00,2026-05-27T17:57:39.623843+09:00,69.8,86824,792,0,0,874663,532,0
DYuDGgDuopB,ald1.official,ALPHA DRIVE ONE,2026-05-24T20:21:08+09:00,2026-05-27T17:57:39.623843+09:00,69.6,105709,1312,0,0,1002454,664,1
DYucTcQl-JK,ald1.official,ALPHA DRIVE ONE,2026-05-25T00:01:12+09:00,2026-05-27T17:57:39.623843+09:00,65.9,75922,2148,0,0,829105,291,1
DYzA2KwsT90,ald1.official,ALPHA DRIVE ONE,2026-05-26T18:37:36+09:00,2026-05-27T17:57:39.623843+09:00,23.3,53246,664,0,0,598340,1406,5
DYzBXCUM1k0,ald1.official,ALPHA DRIVE ONE,2026-05-26T18:42:08+09:00,2026-05-27T17:57:39.623843+09:00,23.3,77182,1211,0,0,694667,3733,9
DYzCXiAwE36,ald1.official,ALPHA DRIVE ONE,2026-05-26T18:51:09+09:00,2026-05-27T17:57:39.623843+09:00,23.1,49571,488,0,0,511076,2349,6
DYzfCDRPsFS,ald1.official,ALPHA DRIVE ONE,2026-05-26T23:01:10+09:00,2026-05-27T17:57:39.623843+09:00,18.9,55197,589,0,0,451428,5042,16
DYzfnmWRJqA,ald1.official,ALPHA DRIVE ONE,2026-05-26T23:06:20+09:00,2026-05-27T17:57:39.623843+09:00,18.9,51377,425,0,0,457639,4651,18
DYzgGiFSoDG,ald1.official,ALPHA DRIVE ONE,2026-05-26T23:10:29+09:00,2026-05-27T17:57:39.623843+09:00,18.8,56080,1033,0,0,498080,5578,11
DYwlplSh3b-,axmxp_official,AxMxP,2026-05-25T20:00:12+09:00,2026-05-27T17:57:39.623843+09:00,46.0,3763,68,0,0,26391,62,0
DYt5-0bTkuM,lngshot4sho,LNGSHOT,2026-05-24T19:00:10+09:00,2026-05-27T17:57:39.623843+09:00,71.0,221781,1114,0,0,2094150,1435,1
DYuHuN4zWVy,lngshot4sho,LNGSHOT,2026-05-24T21:00:21+09:00,2026-05-27T17:57:39.623843+09:00,69.0,227152,858,0,0,1968814,1660,-1
DYvaGrnTwPu,lngshot4sho,LNGSHOT,2026-05-25T09:00:12+09:00,2026-05-27T17:57:39.623843+09:00,57.0,256732,2449,0,0,2066674,2514,16
DYvur9EzamY,lngshot4sho,LNGSHOT,2026-05-25T12:00:13+09:00,2026-05-27T17:57:39.623843+09:00,54.0,187968,1715,0,0,1546701,1730,4
DYwX6G9TNkA,lngshot4sho,LNGSHOT,2026-05-25T18:00:09+09:00,2026-05-27T17:57:39.623843+09:00,48.0,171083,1328,0,0,1387319,2097,4
DYx-2Olhyr6,lngshot4sho,LNGSHOT,2026-05-26T09:00:08+09:00,2026-05-27T17:57:39.623843+09:00,33.0,199283,1491,0,0,1565808,4144,5
DYyoJZhBqxz,lngshot4sho,LNGSHOT,2026-05-26T15:00:10+09:00,2026-05-27T17:57:39.623843+09:00,27.0,179661,1322,0,0,1437601,5299,13
DYy8ohJhEW8,lngshot4sho,LNGSHOT,2026-05-26T18:00:29+09:00,2026-05-27T17:57:39.623843+09:00,24.0,100999,513,0,0,919138,2630,74
DY04RyXzJ5a,lngshot4sho,LNGSHOT,2026-05-27T12:00:11+09:00,2026-05-27T17:57:39.623843+09:00,6.0,114855,1188,0,0,838261,43236,283
DYvt_5mSNw2,yuhz_official,YUHZ,2026-05-25T12:00:08+09:00,2026-05-27T17:57:39.623843+09:00,54.0,2814,50,0,0,26467,39,0
DYwyG5Vy676,yuhz_official,YUHZ,2026-05-25T22:00:34+09:00,2026-05-27T17:57:39.623843+09:00,44.0,1070,22,0,0,11727,21,0
DYwDRP6ytTI,tunexx_official,TUNEXX,2026-05-25T15:00:10+09:00,2026-05-27T17:57:39.623843+09:00,51.0,4340,27,0,0,31721,60,0
DYwX9jYzXkI,thessyndrome_official,THE SSYNDROME,2026-05-25T18:02:08+09:00,2026-05-27T17:57:39.623843+09:00,47.9,235,3,0,0,1868,2,0
DYy7ry6zpvA,thessyndrome_official,THE SSYNDROME,2026-05-26T18:01:00+09:00,2026-05-27T17:57:39.623843+09:00,23.9,181,2,0,0,1872,12,0
DYt5-FARr1Z,nmixx_official,NMIXX,2026-05-24T19:00:09+09:00,2026-05-27T17:57:39.623843+09:00,71.0,203600,433,0,0,2026676,1758,0
DYweyS1BugI,nmixx_official,NMIXX,2026-05-25T19:00:10+09:00,2026-05-27T17:57:39.623843+09:00,47.0,86598,202,0,0,994134,967,0
DYze_0MOnNK,nmixx_official,NMIXX,2026-05-26T23:04:20+09:00,2026-05-27T17:57:39.623843+09:00,18.9,179034,1020,0,0,1415314,14019,48
DYzieSvOwiw,nmixx_official,NMIXX,2026-05-26T23:31:22+09:00,2026-05-27T17:57:39.623843+09:00,18.4,48678,226,0,0,493414,3073,15
DYv8dWWvA5x,kiiras__official,KIIRAS,2026-05-25T14:01:50+09:00,2026-05-27T17:57:39.623843+09:00,51.9,1606,20,0,0,18536,14,0
DYyhlPqvc7M,kiiras__official,KIIRAS,2026-05-26T14:04:37+09:00,2026-05-27T17:57:39.623843+09:00,27.9,1911,16,0,0,20188,48,0
DYyoEbkpnV6,kiiras__official,KIIRAS,2026-05-26T15:00:10+09:00,2026-05-27T17:57:39.623843+09:00,27.0,2096,23,0,0,22956,68,0
DYytHmXvBEH,kiiras__official,KIIRAS,2026-05-26T15:47:41+09:00,2026-05-27T17:57:39.623843+09:00,26.2,6291,101,0,0,51350,332,3
DYyu5Mqv8qQ,kiiras__official,KIIRAS,2026-05-26T16:01:01+09:00,2026-05-27T17:57:39.623843+09:00,25.9,1320,12,0,0,21006,60,1
DYt2w49zNG5,smorz.official,SMORZ,2026-05-24T18:34:41+09:00,2026-05-27T17:57:39.623843+09:00,71.4,4678,8,0,0,78787,26,0
DYwYy_oyS5G,4x4crew_4x4studio,Afuture,2026-05-25T18:10:59+09:00,2026-05-27T17:57:39.623843+09:00,47.8,1237,29,0,0,172967,36,0
DYyTngwT3o8,4x4crew_4x4studio,Afuture,2026-05-26T08:00:24+09:00,2026-05-27T17:57:39.623843+09:00,34.0,149,2,0,0,4998,3,0
DYzSej5KBdT,4x4crew_4x4studio,Afuture,2026-05-26T21:11:41+09:00,2026-05-27T17:57:39.623843+09:00,20.8,235,2,0,0,11594,13,0
DYuHvjUBAL6,saythename_17,SEVENTEEN,2026-05-24T21:00:19+09:00,2026-05-27T17:57:39.623843+09:00,69.0,663235,6281,0,0,5884200,5162,9
DYuVZEWh41B,saythename_17,SEVENTEEN,2026-05-24T23:00:13+09:00,2026-05-27T17:57:39.623843+09:00,67.0,430949,4261,0,0,3824727,2810,2
DYwlntdBx8a,saythename_17,SEVENTEEN,2026-05-25T20:00:17+09:00,2026-05-27T17:57:39.623843+09:00,46.0,362425,2351,0,0,3511682,3004,4
DYwmwzOhssb,saythename_17,SEVENTEEN,2026-05-25T20:10:11+09:00,2026-05-27T17:57:39.623843+09:00,45.8,311950,1305,0,0,3069030,3405,9
DYvvSswhThT,bts.bighitofficial,BTS,2026-05-25T12:01:05+09:00,2026-05-27T17:57:39.623843+09:00,53.9,852443,3069,0,0,11985385,7790,44
DYzQ8CJzX6Y,realstraykids,Stray Kids,2026-05-26T20:58:04+09:00,2026-05-27T17:57:39.623843+09:00,21.0,976212,7826,0,0,7913429,30709,169
DYubqGyJcEj,zb1official,ZEROBASEONE,2026-05-25T00:00:35+09:00,2026-05-27T17:57:39.623843+09:00,66.0,73255,705,0,0,743699,337,0
DYv1hDNpdV_,zb1official,ZEROBASEONE,2026-05-25T13:00:51+09:00,2026-05-27T17:57:39.623843+09:00,52.9,61666,598,0,0,541655,364,1
DYwssnxpajy,zb1official,ZEROBASEONE,2026-05-25T21:02:50+09:00,2026-05-27T17:57:39.623843+09:00,44.9,42802,203,0,0,414382,446,0
DYyallZJ1EB,zb1official,ZEROBASEONE,2026-05-26T13:03:29+09:00,2026-05-27T17:57:39.623843+09:00,28.9,53749,312,0,0,467210,864,1
DYy8G1eJDzJ,zb1official,ZEROBASEONE,2026-05-26T17:59:21+09:00,2026-05-27T17:57:39.623843+09:00,24.0,65529,215,0,0,527118,2636,3
DYzfAOTpXXQ,zb1official,ZEROBASEONE,2026-05-26T23:02:30+09:00,2026-05-27T17:57:39.623843+09:00,18.9,66967,261,0,0,537571,4271,15
DYy8pgISdIT,plave_official,PLAVE,2026-05-26T18:00:25+09:00,2026-05-27T17:57:39.623843+09:00,24.0,35919,304,0,0,290532,1275,9
DYzDj0Ryi9d,plave_official,PLAVE,2026-05-26T19:00:27+09:00,2026-05-27T17:57:39.623843+09:00,23.0,124068,2802,0,0,1178269,5214,53
DYubRJYzBXz,riize_official,RIIZE,2026-05-25T00:00:31+09:00,2026-05-27T17:57:39.623843+09:00,66.0,188055,3203,0,0,2039071,677,3
DYvusruzE2V,riize_official,RIIZE,2026-05-25T12:01:13+09:00,2026-05-27T17:57:39.623843+09:00,53.9,141001,1641,0,0,1190389,1059,6
DYwX5aUTfhI,riize_official,RIIZE,2026-05-25T18:01:05+09:00,2026-05-27T17:57:39.623843+09:00,47.9,202821,1491,0,0,1519347,2068,4
DYwzYEsze0F,riize_official,RIIZE,2026-05-25T22:01:09+09:00,2026-05-27T17:57:39.623843+09:00,43.9,198074,1357,0,0,2011814,2300,-1
DYxAvb9zgro,riize_official,RIIZE,2026-05-26T00:00:23+09:00,2026-05-27T17:57:39.623843+09:00,42.0,116537,2661,0,0,1519846,910,4
DYyYJD1TdJ9,riize_official,RIIZE,2026-05-26T12:41:57+09:00,2026-05-27T17:57:39.623843+09:00,29.3,126761,1672,0,0,1262191,2393,13
DYzllMMTujI,riize_official,RIIZE,2026-05-27T00:00:22+09:00,2026-05-27T17:57:39.623843+09:00,18.0,144677,3781,0,0,1554537,8033,61
DYznXROTkZm,riize_official,RIIZE,2026-05-27T00:14:43+09:00,2026-05-27T17:57:39.623843+09:00,17.7,78757,1356,0,0,531773,4483,15
DYznr1oTPLa,riize_official,RIIZE,2026-05-27T00:17:33+09:00,2026-05-27T17:57:39.623843+09:00,17.7,71900,888,0,0,455919,5347,7
DYzodd9zzdq,riize_official,RIIZE,2026-05-27T00:25:01+09:00,2026-05-27T17:57:39.623843+09:00,17.5,66449,715,0,0,453121,5454,7
DYzpPyZzZOV,riize_official,RIIZE,2026-05-27T00:30:54+09:00,2026-05-27T17:57:39.623843+09:00,17.4,105917,1135,0,0,696017,8246,26
DY04R5hTfTP,riize_official,RIIZE,2026-05-27T12:01:05+09:00,2026-05-27T17:57:39.623843+09:00,5.9,128249,1134,0,0,913758,56659,280
DYuHq5bSf01,boynextdoor_official,BOYNEXTDOOR,2026-05-24T21:00:10+09:00,2026-05-27T17:57:39.623843+09:00,69.0,125573,230,0,0,1000446,677,0
DYuVbrgS4L4,boynextdoor_official,BOYNEXTDOOR,2026-05-24T22:02:53+09:00,2026-05-27T17:57:39.623843+09:00,67.9,94962,421,0,0,671949,455,0
DYuVZP0S4Hv,boynextdoor_official,BOYNEXTDOOR,2026-05-24T23:00:11+09:00,2026-05-27T17:57:39.623843+09:00,67.0,137394,762,0,0,1175552,596,1
DYv8Z-Ny_AE,boynextdoor_official,BOYNEXTDOOR,2026-05-25T14:00:08+09:00,2026-05-27T17:57:39.623843+09:00,52.0,294033,1173,0,0,3098235,3742,10
DYweuUpSHnC,boynextdoor_official,BOYNEXTDOOR,2026-05-25T19:00:11+09:00,2026-05-27T17:57:39.623843+09:00,47.0,106308,252,0,0,923328,1013,0
DYwpA44yHod,boynextdoor_official,BOYNEXTDOOR,2026-05-25T20:30:54+09:00,2026-05-27T17:57:39.623843+09:00,45.4,91498,156,0,0,811795,937,0
DYw6OFjSxLH,boynextdoor_official,BOYNEXTDOOR,2026-05-25T22:04:16+09:00,2026-05-27T17:57:39.623843+09:00,43.9,101429,417,0,0,717263,1016,1
DYyYsvxBX93,boynextdoor_official,BOYNEXTDOOR,2026-05-26T12:46:35+09:00,2026-05-27T17:57:39.623843+09:00,29.2,142727,743,0,0,1148618,2564,2
DYy3BtnPP5v,boynextdoor_official,BOYNEXTDOOR,2026-05-26T17:12:41+09:00,2026-05-27T17:57:39.623843+09:00,24.7,185231,559,0,0,1597646,6279,9
DYzGhI-PMif,boynextdoor_official,BOYNEXTDOOR,2026-05-26T19:30:24+09:00,2026-05-27T17:57:39.623843+09:00,22.5,88183,142,0,0,752881,4014,3
DYzH5XXv-YA,boynextdoor_official,BOYNEXTDOOR,2026-05-26T19:40:03+09:00,2026-05-27T17:57:39.623843+09:00,22.3,113390,383,0,0,1090934,4999,7
DYze-tzR1Q0,boynextdoor_official,BOYNEXTDOOR,2026-05-26T22:02:38+09:00,2026-05-27T17:57:39.623843+09:00,19.9,99813,479,0,0,629666,4918,7
DY07r_oSPyp,boynextdoor_official,BOYNEXTDOOR,2026-05-27T12:30:08+09:00,2026-05-27T17:57:39.623843+09:00,5.5,96090,785,0,0,719060,48838,276
DY09e5MytZd,boynextdoor_official,BOYNEXTDOOR,2026-05-27T12:45:10+09:00,2026-05-27T17:57:39.623843+09:00,5.2,97772,691,0,0,672025,55909,293
DYt4l61hcL8,tws_pledis,TWS,2026-05-24T18:49:08+09:00,2026-05-27T17:57:39.623843+09:00,71.1,190707,1955,0,0,1606829,1213,6
DYuA2MypraG,tws_pledis,TWS,2026-05-24T20:00:12+09:00,2026-05-27T17:57:39.623843+09:00,70.0,191210,629,0,0,1590007,1595,1
DYuOjSepjet,tws_pledis,TWS,2026-05-24T22:00:11+09:00,2026-05-27T17:57:39.623843+09:00,68.0,201375,849,0,0,2119772,1778,2
DYwsgATJZHC,tws_pledis,TWS,2026-05-25T21:00:33+09:00,2026-05-27T17:57:39.623843+09:00,45.0,108766,1485,0,0,839762,1175,6
DYwzVaVJp6b,tws_pledis,TWS,2026-05-25T22:00:16+09:00,2026-05-27T17:57:39.623843+09:00,44.0,121935,867,0,0,925924,1895,5
DYy2b9wJ-rR,tws_pledis,TWS,2026-05-26T17:03:59+09:00,2026-05-27T17:57:39.623843+09:00,24.9,71011,281,0,0,551389,2123,11
DYzKYDGJb1J,tws_pledis,TWS,2026-05-26T20:00:44+09:00,2026-05-27T17:57:39.623843+09:00,21.9,96001,706,0,0,658140,3826,5
DYzbmlIpLYs,tws_pledis,TWS,2026-05-26T22:30:13+09:00,2026-05-27T17:57:39.623843+09:00,19.5,80273,663,0,0,582777,5522,33
DYuHqMDTGui,official_monsta_x,MONSTA X,2026-05-24T21:00:11+09:00,2026-05-27T17:57:39.623843+09:00,69.0,23177,202,0,0,159429,170,0
DYvurKDuz8W,official_monsta_x,MONSTA X,2026-05-25T12:00:51+09:00,2026-05-27T17:57:39.623843+09:00,53.9,26003,280,0,0,227615,203,1
DYvyBiOOez-,official_monsta_x,MONSTA X,2026-05-25T12:30:11+09:00,2026-05-27T17:57:39.623843+09:00,53.5,11673,85,0,0,104043,95,0
DYv1c2_PMGJ,official_monsta_x,MONSTA X,2026-05-25T13:00:18+09:00,2026-05-27T17:57:39.623843+09:00,53.0,12145,150,0,0,171354,97,0
DYwDS_PT_Un,official_monsta_x,MONSTA X,2026-05-25T15:00:14+09:00,2026-05-27T17:57:39.623843+09:00,51.0,24176,235,0,0,264017,233,1
DYwKJQQTgce,official_monsta_x,MONSTA X,2026-05-25T16:00:13+09:00,2026-05-27T17:57:39.623843+09:00,50.0,16355,254,0,0,182560,126,0
DYufICRMrPJ,aespa_official,aespa,2026-05-25T00:28:07+09:00,2026-05-27T17:57:39.623843+09:00,65.5,224996,3875,0,0,2811105,910,4
DYwXVzoM3_6,aespa_official,aespa,2026-05-25T17:57:50+09:00,2026-05-27T17:57:39.623843+09:00,48.0,289301,692,0,0,3152335,3426,4
DYwa4NPMhg5,aespa_official,aespa,2026-05-25T18:28:51+09:00,2026-05-27T17:57:39.623843+09:00,47.5,260118,1355,0,0,3326884,2696,5
DYy2f1ysMh2,aespa_official,aespa,2026-05-26T17:07:05+09:00,2026-05-27T17:57:39.623843+09:00,24.8,130616,298,0,0,2030981,4343,7
DYy4yb8Mhmj,aespa_official,aespa,2026-05-26T17:30:14+09:00,2026-05-27T17:57:39.623843+09:00,24.5,117997,588,0,0,1543386,4506,28
DYy8pETstdC,aespa_official,aespa,2026-05-26T18:00:39+09:00,2026-05-27T17:57:39.623843+09:00,24.0,112458,702,0,0,1413006,5224,59
DYzAIwJsAUS,aespa_official,aespa,2026-05-26T18:31:16+09:00,2026-05-27T17:57:39.623843+09:00,23.4,183022,832,0,0,2590213,7703,19
DYzDQ1OMLuC,aespa_official,aespa,2026-05-26T19:00:32+09:00,2026-05-27T17:57:39.623843+09:00,23.0,166894,583,0,0,2588124,8653,31
DYwr64cS8BI,redvelvet.smtown,Red Velvet,2026-05-25T20:56:31+09:00,2026-05-27T17:57:39.623843+09:00,45.0,56303,281,0,0,514300,865,5
DYv0xBlgg83,babymonster_ygofficial,BABYMONSTER,2026-05-25T13:00:05+09:00,2026-05-27T17:57:39.623843+09:00,53.0,250604,1101,0,0,3761411,2662,5
DYuH0KLSbYi,le_sserafim,LE SSERAFIM,2026-05-24T21:00:11+09:00,2026-05-27T17:57:39.623843+09:00,69.0,385010,636,0,0,6505051,3816,3
DYuI5xeyFNv,le_sserafim,LE SSERAFIM,2026-05-24T21:09:57+09:00,2026-05-27T17:57:39.623843+09:00,68.8,374692,315,0,0,4801021,2935,2
DYuOpGQSM8B,le_sserafim,LE SSERAFIM,2026-05-24T22:00:17+09:00,2026-05-27T17:57:39.623843+09:00,68.0,201631,253,0,0,2972168,2150,1
DYvTFamxK45,le_sserafim,LE SSERAFIM,2026-05-25T07:59:53+09:00,2026-05-27T17:57:39.623843+09:00,58.0,34267,249,0,0,804393,227,11
DYv-LxqSs5y,le_sserafim,LE SSERAFIM,2026-05-25T14:15:29+09:00,2026-05-27T17:57:39.623843+09:00,51.7,80796,178,0,0,1220756,674,2
DYv_8yjyQCw,le_sserafim,LE SSERAFIM,2026-05-25T14:29:54+09:00,2026-05-27T17:57:39.623843+09:00,51.5,98691,212,0,0,1233872,936,0
DYwKSYWyyAZ,le_sserafim,LE SSERAFIM,2026-05-25T16:00:09+09:00,2026-05-27T17:57:39.623843+09:00,50.0,155311,253,0,0,1565968,1902,0
DYwK00IyQzg,le_sserafim,LE SSERAFIM,2026-05-25T16:05:02+09:00,2026-05-27T17:57:39.623843+09:00,49.9,116268,325,0,0,1259475,2009,1
DYwL9iuyg-1,le_sserafim,LE SSERAFIM,2026-05-25T16:10:02+09:00,2026-05-27T17:57:39.623843+09:00,49.8,126890,371,0,0,1575699,1669,2
DYwL59yy7Mw,le_sserafim,LE SSERAFIM,2026-05-25T16:14:59+09:00,2026-05-27T17:57:39.623843+09:00,49.7,128205,307,0,0,1399116,1714,4
DYwMnJbyOJY,le_sserafim,LE SSERAFIM,2026-05-25T16:19:59+09:00,2026-05-27T17:57:39.623843+09:00,49.6,121203,377,0,0,1686839,1541,1
DYwRBxryvsK,le_sserafim,LE SSERAFIM,2026-05-25T16:59:56+09:00,2026-05-27T17:57:39.623843+09:00,49.0,176468,468,0,0,1588306,2043,8
DYwdnbcPm61,le_sserafim,LE SSERAFIM,2026-05-25T19:00:15+09:00,2026-05-27T17:57:39.623843+09:00,47.0,108454,131,0,0,1572555,2390,1
DYwiQvESCM5,le_sserafim,LE SSERAFIM,2026-05-25T19:29:55+09:00,2026-05-27T17:57:39.623843+09:00,46.5,189807,225,0,0,2895947,2594,1
DYw0CKeSH5x,le_sserafim,LE SSERAFIM,2026-05-25T22:00:50+09:00,2026-05-27T17:57:39.623843+09:00,43.9,609089,1185,0,0,5345571,11682,23
DYw214kSyRX,le_sserafim,LE SSERAFIM,2026-05-25T22:29:56+09:00,2026-05-27T17:57:39.623843+09:00,43.5,330538,533,0,0,4359580,7482,6
DYw4gMNSkID,le_sserafim,LE SSERAFIM,2026-05-25T22:45:19+09:00,2026-05-27T17:57:39.623843+09:00,43.2,179501,283,0,0,2279245,2833,0
DYy0IGgSbGO,le_sserafim,LE SSERAFIM,2026-05-26T16:29:56+09:00,2026-05-27T17:57:39.623843+09:00,25.5,127068,180,0,0,2807244,5947,3
DYy1p7DI0so,le_sserafim,LE SSERAFIM,2026-05-26T16:59:58+09:00,2026-05-27T17:57:39.623843+09:00,25.0,71655,180,0,0,1032043,2656,1
DYy80zqSySQ,le_sserafim,LE SSERAFIM,2026-05-26T17:45:16+09:00,2026-05-27T17:57:39.623843+09:00,24.2,45657,95,0,0,646798,1982,0
DYzAzImydR2,le_sserafim,LE SSERAFIM,2026-05-26T18:29:58+09:00,2026-05-27T17:57:39.623843+09:00,23.5,111649,275,0,0,1805052,5067,6
DYzDsz0SbLU,le_sserafim,LE SSERAFIM,2026-05-26T18:59:58+09:00,2026-05-27T17:57:39.623843+09:00,23.0,85323,103,0,0,1562815,5206,0
DYzHFxYJE22,le_sserafim,LE SSERAFIM,2026-05-26T19:35:41+09:00,2026-05-27T17:57:39.623843+09:00,22.4,209818,563,0,0,2311476,10960,22
DYzNVdbBcCJ,le_sserafim,LE SSERAFIM,2026-05-26T20:30:04+09:00,2026-05-27T17:57:39.623843+09:00,21.5,55907,73,0,0,689602,3451,3
DYzRXAcSonT,le_sserafim,LE SSERAFIM,2026-05-26T20:59:58+09:00,2026-05-27T17:57:39.623843+09:00,21.0,61329,135,0,0,876703,3374,2
DYzU0Gjyhlu,le_sserafim,LE SSERAFIM,2026-05-26T21:29:53+09:00,2026-05-27T17:57:39.623843+09:00,20.5,125027,273,0,0,1358059,8248,8
DYzYyS0SiXt,le_sserafim,LE SSERAFIM,2026-05-26T22:00:53+09:00,2026-05-27T17:57:39.623843+09:00,19.9,180073,434,0,0,1828604,10438,26
DYz6f11p78H,le_sserafim,LE SSERAFIM,2026-05-27T03:02:17+09:00,2026-05-27T17:57:39.623843+09:00,14.9,63021,127,0,0,1113335,20218,19
DYuA0BazfzJ,illit_official,ILLIT,2026-05-24T20:00:09+09:00,2026-05-27T17:57:39.623843+09:00,70.0,169335,752,0,0,1883558,1162,4
DYv8aPtTCZp,illit_official,ILLIT,2026-05-25T14:00:12+09:00,2026-05-27T17:57:39.623843+09:00,52.0,94240,255,0,0,1076465,1389,2
DYy8u6nzSc1,illit_official,ILLIT,2026-05-26T18:00:12+09:00,2026-05-27T17:57:39.623843+09:00,24.0,196394,542,0,0,2321643,9706,16
DYzRUlPzDKr,illit_official,ILLIT,2026-05-26T21:00:49+09:00,2026-05-27T17:57:39.623843+09:00,20.9,64674,227,0,0,967601,4194,13
DYuHs6sJCpR,officialfromis_9,fromis_9,2026-05-24T21:00:19+09:00,2026-05-27T17:57:39.623843+09:00,69.0,21670,78,0,0,527577,154,0
DYwseqApaaf,officialfromis_9,fromis_9,2026-05-25T21:00:27+09:00,2026-05-27T17:57:39.623843+09:00,45.0,24283,86,0,0,421002,451,1
DYzG7p8zt9s,wooah_nv,WOOAH,2026-05-26T19:30:16+09:00,2026-05-27T17:57:39.623843+09:00,22.5,6397,73,0,0,70710,335,4
DYt6BG9vDHF,billlie.official,Billlie,2026-05-24T19:00:10+09:00,2026-05-27T17:57:39.623843+09:00,71.0,12065,88,0,0,197218,42,0
DYuEP1XPnti,billlie.official,Billlie,2026-05-24T20:30:08+09:00,2026-05-27T17:57:39.623843+09:00,69.5,24000,133,0,0,534719,102,0
DYuLKKbP3NV,billlie.official,Billlie,2026-05-24T21:30:13+09:00,2026-05-27T17:57:39.623843+09:00,68.5,18092,105,0,0,212217,76,0
DYuWYicPpAZ,billlie.official,Billlie,2026-05-24T23:10:14+09:00,2026-05-27T17:57:39.623843+09:00,66.8,12879,99,0,0,160640,70,1
DYwKH84RjPB,billlie.official,Billlie,2026-05-25T16:00:09+09:00,2026-05-27T17:57:39.623843+09:00,50.0,7198,42,0,0,72540,87,0
DYwQ-SmxQRm,billlie.official,Billlie,2026-05-25T17:00:11+09:00,2026-05-27T17:57:39.623843+09:00,49.0,8180,27,0,0,141888,95,0
DYwpAUXPDOD,billlie.official,Billlie,2026-05-25T20:30:09+09:00,2026-05-27T17:57:39.623843+09:00,45.5,26222,104,0,0,243078,236,0
DYwseIwv_0V,billlie.official,Billlie,2026-05-25T21:00:12+09:00,2026-05-27T17:57:39.623843+09:00,45.0,23221,229,0,0,174998,329,0
DYyhz4IPrR-,billlie.official,Billlie,2026-05-26T14:06:28+09:00,2026-05-27T17:57:39.623843+09:00,27.9,7056,49,0,0,83102,213,1
DYyoIUsvvPk,billlie.official,Billlie,2026-05-26T15:00:10+09:00,2026-05-27T17:57:39.623843+09:00,27.0,8320,28,0,0,138853,264,2
DYzALZFx6bc,billlie.official,Billlie,2026-05-26T18:30:10+09:00,2026-05-27T17:57:39.623843+09:00,23.5,4266,26,0,0,62746,174,2
DYzG-33vbcR,billlie.official,Billlie,2026-05-26T19:30:11+09:00,2026-05-27T17:57:39.623843+09:00,22.5,3135,13,0,0,39948,142,0
DYzN2rfPIxF,billlie.official,Billlie,2026-05-26T20:30:11+09:00,2026-05-27T17:57:39.623843+09:00,21.5,10365,54,0,0,106836,651,2
DYzYPexvT3A,billlie.official,Billlie,2026-05-26T22:02:46+09:00,2026-05-27T17:57:39.623843+09:00,19.9,5940,36,0,0,59418,299,0
DYt5rvvPWDo,qwerband_official,QWER,2026-05-24T19:00:41+09:00,2026-05-27T17:57:39.623843+09:00,70.9,21622,130,0,0,213134,233,1
DYt6Drkv1pW,qwerband_official,QWER,2026-05-24T19:04:01+09:00,2026-05-27T17:57:39.623843+09:00,70.9,15487,109,0,0,168725,127,0
DYt6WGcPd2d,qwerband_official,QWER,2026-05-24T19:05:32+09:00,2026-05-27T17:57:39.623843+09:00,70.9,13187,103,0,0,147658,93,0
DYt6ZI2P8-s,qwerband_official,QWER,2026-05-24T19:06:21+09:00,2026-05-27T17:57:39.623843+09:00,70.9,10930,119,0,0,160164,64,0
DYwDjdSPW8m,qwerband_official,QWER,2026-05-25T15:03:26+09:00,2026-05-27T17:57:39.623843+09:00,50.9,16512,117,0,0,336282,185,0
DYvujyQp50e,lun8_official,LUN8,2026-05-25T12:00:09+09:00,2026-05-27T17:57:39.623843+09:00,54.0,14221,308,0,0,95419,93,1
DYyTdCdSLwP,lun8_official,LUN8,2026-05-26T12:00:52+09:00,2026-05-27T17:57:39.623843+09:00,29.9,2700,32,0,0,21291,62,0
DY04H5IyJhx,lun8_official,LUN8,2026-05-27T12:00:00+09:00,2026-05-27T17:57:39.623843+09:00,6.0,1367,35,0,0,12995,479,12
DYzDm4gBw2r,official_oneus,ONEUS,2026-05-26T19:01:08+09:00,2026-05-27T17:57:39.623843+09:00,22.9,9583,89,0,0,88765,333,0
DYt0D1cROZV,s2it_official,S2IT,2026-05-24T18:09:28+09:00,2026-05-27T17:57:39.623843+09:00,71.8,1009,32,0,0,23118,6,0
DYwDOcGRt2N,s2it_official,S2IT,2026-05-25T15:00:24+09:00,2026-05-27T17:57:39.623843+09:00,51.0,717,23,0,0,17078,4,0
DYw6NmSzPVD,s2it_official,S2IT,2026-05-25T23:00:59+09:00,2026-05-27T17:57:39.623843+09:00,42.9,1106,33,0,0,23058,18,0
DYyhQ2CPwdt,tpst__official,TEMPEST,2026-05-26T14:00:09+09:00,2026-05-27T17:57:39.623843+09:00,28.0,2001,24,0,0,13742,47,0
DYzKagAv3nz,tpst__official,TEMPEST,2026-05-26T20:00:43+09:00,2026-05-27T17:57:39.623843+09:00,21.9,13342,159,0,0,85797,1120,7
DYuOhhuB5zd,wearedrippin,DRIPPIN,2026-05-24T22:00:11+09:00,2026-05-27T17:57:39.623843+09:00,68.0,1566,20,0,0,15859,6,0
DYv1h0QB_qR,wearedrippin,DRIPPIN,2026-05-25T13:00:09+09:00,2026-05-27T17:57:39.623843+09:00,53.0,1671,14,0,0,19111,17,0
DYwbTaXBioV,wearedrippin,DRIPPIN,2026-05-25T18:30:09+09:00,2026-05-27T17:57:39.623843+09:00,47.5,1184,7,0,0,12803,9,0
DYwzTqzhHPE,wearedrippin,DRIPPIN,2026-05-25T22:00:16+09:00,2026-05-27T17:57:39.623843+09:00,44.0,1357,53,0,0,14271,12,0
DYyThkUB7ZC,wearedrippin,DRIPPIN,2026-05-26T12:00:10+09:00,2026-05-27T17:57:39.623843+09:00,30.0,1138,10,0,0,12442,33,0
DYybjIBh4cO,wearedrippin,DRIPPIN,2026-05-26T12:49:09+09:00,2026-05-27T17:57:39.623843+09:00,29.1,2070,23,0,0,23633,47,0
DYyaVeVBJ5t,wearedrippin,DRIPPIN,2026-05-26T13:00:10+09:00,2026-05-27T17:57:39.623843+09:00,29.0,942,13,0,0,9854,21,0
DYyhPhShoVV,wearedrippin,DRIPPIN,2026-05-26T14:00:11+09:00,2026-05-27T17:57:39.623843+09:00,28.0,857,7,0,0,9135,20,1
DYzHRCuRhhO,wearedrippin,DRIPPIN,2026-05-26T19:34:53+09:00,2026-05-27T17:57:39.623843+09:00,22.4,647,4,0,0,8264,26,0
DYzN4m-Btvw,wearedrippin,DRIPPIN,2026-05-26T20:01:49+09:00,2026-05-27T17:57:39.623843+09:00,21.9,650,4,0,0,5969,26,0
DYzOcu4hBr1,wearedrippin,DRIPPIN,2026-05-26T20:02:24+09:00,2026-05-27T17:57:39.623843+09:00,21.9,1047,12,0,0,9937,57,0
DYzYIwHBKL5,wearedrippin,DRIPPIN,2026-05-26T22:00:19+09:00,2026-05-27T17:57:39.623843+09:00,20.0,855,5,0,0,9313,43,0
DYvze51SLny,wena_official_,We;Na,2026-05-25T12:43:25+09:00,2026-05-27T17:57:39.623843+09:00,53.2,461,11,0,0,9159,4,0
DYy7VQpS5wt,wena_official_,We;Na,2026-05-26T17:49:35+09:00,2026-05-27T17:57:39.623843+09:00,24.1,453,13,0,0,9078,30,1
DYt6C0EBzSz,kiiikiii.official,KiiiKiii,2026-05-24T19:00:49+09:00,2026-05-27T17:57:39.623843+09:00,70.9,35815,79,0,0,618789,380,1
DYzKfjghjFZ,kiiikiii.official,KiiiKiii,2026-05-26T20:00:20+09:00,2026-05-27T17:57:39.623843+09:00,22.0,87343,231,0,0,911976,5558,6
DYwpfHry3bN,official_burvey,Burvey,2026-05-25T20:34:40+09:00,2026-05-27T17:57:39.623843+09:00,45.4,349,14,0,0,7531,3,0
DYzRPh2ToBt,official.irise,IRISÉ,2026-05-26T21:00:08+09:00,2026-05-27T17:57:39.623843+09:00,21.0,925,6,0,0,8598,52,0
DYy8YBAhY9H,we_fiftyfifty,FIFTY FIFTY,2026-05-26T18:00:04+09:00,2026-05-27T17:57:39.623843+09:00,24.0,12006,144,0,0,147478,582,2
DYthuaQvrSi,ivestarship,IVE,2026-05-24T15:29:43+09:00,2026-05-27T20:57:39.599440+09:00,77.5,130156,463,0,0,1760366,1351,1
DYtlX1jRDvE,ivestarship,IVE,2026-05-24T16:00:10+09:00,2026-05-27T20:57:39.599440+09:00,77.0,136555,312,0,0,1659015,1770,1
DYuOjHDRZZS,ivestarship,IVE,2026-05-24T22:00:11+09:00,2026-05-27T20:57:39.599440+09:00,71.0,163386,695,0,0,2172735,945,3
DYuV71EviWk,ivestarship,IVE,2026-05-24T23:07:16+09:00,2026-05-27T20:57:39.599440+09:00,69.8,74215,345,0,0,767001,482,1
DYwRDXOx8BN,ivestarship,IVE,2026-05-25T17:00:08+09:00,2026-05-27T20:57:39.599440+09:00,52.0,123384,338,0,0,1473116,1237,1
DYwsLC4v2Vo,ivestarship,IVE,2026-05-25T20:59:18+09:00,2026-05-27T20:57:39.599440+09:00,48.0,120090,368,0,0,1479675,2067,2
DYyu6H6BPt-,ivestarship,IVE,2026-05-26T16:00:12+09:00,2026-05-27T20:57:39.599440+09:00,29.0,100120,346,0,0,985142,2319,3
DY04S4PyXtn,wjsn_cosmic,WJSN,2026-05-27T12:00:09+09:00,2026-05-27T20:57:39.599440+09:00,9.0,4771,93,0,0,34323,558,10
DYwzU8PPxhn,sa2m2nam3,SMN,2026-05-25T22:00:00+09:00,2026-05-27T20:57:39.599440+09:00,47.0,10894,108,0,0,95743,150,1
DYy8uCsT34v,we.madein.u,MADEIN,2026-05-26T18:00:08+09:00,2026-05-27T20:57:39.599440+09:00,27.0,1889,17,0,0,73402,69,1
DYy13iIB-0p,ifeye_official,ifeye,2026-05-26T17:00:13+09:00,2026-05-27T20:57:39.599440+09:00,28.0,2197,13,0,0,23535,43,0
DYy8roAB7e3,ifeye_official,ifeye,2026-05-26T18:00:10+09:00,2026-05-27T20:57:39.599440+09:00,27.0,4401,35,0,0,37759,111,1
DYy9O8lByMI,ifeye_official,ifeye,2026-05-26T18:05:08+09:00,2026-05-27T20:57:39.599440+09:00,26.9,3268,24,0,0,30316,133,0
DYzlLGhpVO_,xodiacofficial,XODIAC,2026-05-26T23:59:25+09:00,2026-05-27T20:57:39.599440+09:00,21.0,8785,596,0,0,113028,419,12
DYwlpXVvyEv,82major_official,82MAJOR,2026-05-25T18:59:37+09:00,2026-05-27T20:57:39.599440+09:00,50.0,10295,53,0,0,79228,85,0
DYwlmzovAsP,82major_official,82MAJOR,2026-05-25T20:00:11+09:00,2026-05-27T20:57:39.599440+09:00,49.0,39265,140,0,0,366163,626,0
DYy8ouIPXvl,82major_official,82MAJOR,2026-05-26T18:00:28+09:00,2026-05-27T20:57:39.599440+09:00,27.0,7129,37,0,0,53013,136,2
DYzDgEMPQzb,82major_official,82MAJOR,2026-05-26T19:00:10+09:00,2026-05-27T20:57:39.599440+09:00,26.0,4248,38,0,0,39572,103,0
DYwXqqDTRI7,thewind.official,The Wind,2026-05-25T18:00:18+09:00,2026-05-27T20:57:39.599440+09:00,51.0,7648,54,0,0,49631,353,3
DYwEsswx-RQ,dxmon_hm,DXMON,2026-05-25T15:13:24+09:00,2026-05-27T20:57:39.599440+09:00,53.7,1797,18,0,0,28997,12,0
DYwZFmtRyhR,dxmon_hm,DXMON,2026-05-25T18:12:01+09:00,2026-05-27T20:57:39.599440+09:00,50.8,584,15,0,0,4984,3,0
DYyrf9tz7IC,dxmon_hm,DXMON,2026-05-26T15:30:12+09:00,2026-05-27T20:57:39.599440+09:00,29.5,1054,22,0,0,7295,24,0
DYtXpuayiPV,xikers_official,xikers,2026-05-24T14:00:09+09:00,2026-05-27T20:57:39.599440+09:00,79.0,17311,186,0,0,119819,91,0
DYtlXbPShwN,xikers_official,xikers,2026-05-24T16:00:11+09:00,2026-05-27T20:57:39.599440+09:00,77.0,8518,46,0,0,140634,109,0
DYuHqmIyN-x,xikers_official,xikers,2026-05-24T21:00:18+09:00,2026-05-27T20:57:39.599440+09:00,72.0,14334,135,0,0,83687,47,0
DYuVbmYT0h-,xikers_official,xikers,2026-05-24T23:01:12+09:00,2026-05-27T20:57:39.599440+09:00,69.9,10286,86,0,0,60677,37,0
DYwKN7OScBk,xikers_official,xikers,2026-05-25T16:00:10+09:00,2026-05-27T20:57:39.599440+09:00,53.0,8404,63,0,0,108994,55,0
DYwREASyvPh,xikers_official,xikers,2026-05-25T17:00:11+09:00,2026-05-27T20:57:39.599440+09:00,52.0,24222,69,0,0,178804,103,0
DYwlk2CSWC9,xikers_official,xikers,2026-05-25T20:00:14+09:00,2026-05-27T20:57:39.599440+09:00,49.0,15797,58,0,0,101122,125,0
DYwsiCZye8-,xikers_official,xikers,2026-05-25T21:00:11+09:00,2026-05-27T20:57:39.599440+09:00,48.0,10318,98,0,0,69046,133,2
DYwzXfEyJUG,xikers_official,xikers,2026-05-25T22:00:16+09:00,2026-05-27T20:57:39.599440+09:00,47.0,13639,64,0,0,106200,106,0
DYyW6w0SeZ6,xikers_official,xikers,2026-05-26T12:30:10+09:00,2026-05-27T20:57:39.599440+09:00,32.5,11111,94,0,0,77466,87,0
DYyd04nyn6t,xikers_official,xikers,2026-05-26T13:30:09+09:00,2026-05-27T20:57:39.599440+09:00,31.5,7822,32,0,0,56086,89,0
DYyybv2yxId,xikers_official,xikers,2026-05-26T16:30:12+09:00,2026-05-27T20:57:39.599440+09:00,28.5,7255,63,0,0,49438,115,1
DYzDklHSslc,xikers_official,xikers,2026-05-26T19:00:09+09:00,2026-05-27T20:57:39.599440+09:00,26.0,7836,60,0,0,53013,149,0
DYzRPtlyTBd,xikers_official,xikers,2026-05-26T21:00:09+09:00,2026-05-27T20:57:39.599440+09:00,24.0,6537,39,0,0,46229,155,0
DY0xZ8PS-t9,xikers_official,xikers,2026-05-27T11:00:12+09:00,2026-05-27T20:57:39.599440+09:00,10.0,21348,176,0,0,131879,3284,13
DY0_HrJy0yy,xikers_official,xikers,2026-05-27T13:00:12+09:00,2026-05-27T20:57:39.599440+09:00,8.0,20176,490,0,0,131618,5330,119
DYvuuKfjzwF,official.dkb,DKB,2026-05-25T12:01:14+09:00,2026-05-27T20:57:39.599440+09:00,56.9,1503,9,0,0,17174,11,0
DYwot1HTqLb,official.dkb,DKB,2026-05-25T20:28:36+09:00,2026-05-27T20:57:39.599440+09:00,48.5,1489,16,0,0,15860,11,0
DYwNlbVTlx_,close.your.eyes.official,CLOSE YOUR EYES,2026-05-25T16:30:11+09:00,2026-05-27T20:57:39.599440+09:00,52.5,7244,55,0,0,65708,46,1
DYwsia1zrY5,close.your.eyes.official,CLOSE YOUR EYES,2026-05-25T21:00:30+09:00,2026-05-27T20:57:39.599440+09:00,48.0,13324,140,0,0,109070,120,0
DYuKYlCJfhx,idid_starship,IDID,2026-05-24T21:30:03+09:00,2026-05-27T20:57:39.599440+09:00,71.5,9560,71,0,0,91890,68,0
DYuLHJZJX-l,idid_starship,IDID,2026-05-24T21:30:53+09:00,2026-05-27T20:57:39.599440+09:00,71.4,5285,51,0,0,52638,61,0
DYuLNtGJRPA,idid_starship,IDID,2026-05-24T21:31:49+09:00,2026-05-27T20:57:39.599440+09:00,71.4,5989,55,0,0,64800,51,0
DYuLUnop2VD,idid_starship,IDID,2026-05-24T21:32:40+09:00,2026-05-27T20:57:39.599440+09:00,71.4,4762,27,0,0,49548,56,0
DYuLa5OJEBE,idid_starship,IDID,2026-05-24T21:33:31+09:00,2026-05-27T20:57:39.599440+09:00,71.4,7770,50,0,0,77437,74,0
DYuLhIZJc0X,idid_starship,IDID,2026-05-24T21:34:20+09:00,2026-05-27T20:57:39.599440+09:00,71.4,6483,55,0,0,64055,68,0
DYuLohyJu-e,idid_starship,IDID,2026-05-24T21:35:21+09:00,2026-05-27T20:57:39.599440+09:00,71.4,8639,77,0,0,81719,91,0
DYwvPpVJ5Ra,idid_starship,IDID,2026-05-25T21:30:03+09:00,2026-05-27T20:57:39.599440+09:00,47.5,16335,160,0,0,173776,211,1
DYzUJ6FJuVF,idid_starship,IDID,2026-05-26T21:30:04+09:00,2026-05-27T20:57:39.599440+09:00,23.5,15156,88,0,0,131190,1151,1
DYtsReLBu1Y,cortis,CORTIS,2026-05-24T17:00:09+09:00,2026-05-27T20:57:39.599440+09:00,76.0,632178,3489,0,0,5521337,9004,39
DYuVeMlBxXI,cortis,CORTIS,2026-05-24T23:00:07+09:00,2026-05-27T20:57:39.599440+09:00,70.0,681679,3398,0,0,5935632,4777,5
DYv2uN5BqWY,cortis,CORTIS,2026-05-25T13:00:04+09:00,2026-05-27T20:57:39.599440+09:00,56.0,1014872,2939,0,0,9640794,9296,11
DYwDPm8BGFK,cortis,CORTIS,2026-05-25T15:00:09+09:00,2026-05-27T20:57:39.599440+09:00,54.0,701884,5849,0,0,7048419,5774,13
DYwewv_hCXQ,cortis,CORTIS,2026-05-25T19:00:10+09:00,2026-05-27T20:57:39.599440+09:00,50.0,588016,2192,0,0,5793476,6357,5
DYw6QYchZob,cortis,CORTIS,2026-05-25T23:00:20+09:00,2026-05-27T20:57:39.599440+09:00,46.0,537083,1693,0,0,5567965,8405,8
DYyhLRGBeJj,cortis,CORTIS,2026-05-26T14:00:10+09:00,2026-05-27T20:57:39.599440+09:00,31.0,671857,3135,0,0,6108736,13833,15
DYy1z5EBY-t,cortis,CORTIS,2026-05-26T17:00:13+09:00,2026-05-27T20:57:39.599440+09:00,28.0,553946,1874,0,0,5679419,16099,15
DYze-AOBbrD,cortis,CORTIS,2026-05-26T23:00:17+09:00,2026-05-27T20:57:39.599440+09:00,22.0,1143104,6626,0,0,10573390,67767,228
DY0xg2mAUuj,cortis,CORTIS,2026-05-27T11:02:04+09:00,2026-05-27T20:57:39.599440+09:00,9.9,376310,2622,0,0,3662440,39983,114
DYucTcQl-JK,ald1.official,ALPHA DRIVE ONE,2026-05-25T00:01:12+09:00,2026-05-27T20:57:39.599440+09:00,68.9,76183,2148,0,0,831937,261,0
DYzA2KwsT90,ald1.official,ALPHA DRIVE ONE,2026-05-26T18:37:36+09:00,2026-05-27T20:57:39.599440+09:00,26.3,54153,663,0,0,615893,907,-1
DYzBXCUM1k0,ald1.official,ALPHA DRIVE ONE,2026-05-26T18:42:08+09:00,2026-05-27T20:57:39.599440+09:00,26.3,80216,1234,0,0,806396,3034,23
DYzCXiAwE36,ald1.official,ALPHA DRIVE ONE,2026-05-26T18:51:09+09:00,2026-05-27T20:57:39.599440+09:00,26.1,50839,496,0,0,527177,1268,8
DYzfCDRPsFS,ald1.official,ALPHA DRIVE ONE,2026-05-26T23:01:10+09:00,2026-05-27T20:57:39.599440+09:00,21.9,58316,598,0,0,484608,3119,9
DYzfnmWRJqA,ald1.official,ALPHA DRIVE ONE,2026-05-26T23:06:20+09:00,2026-05-27T20:57:39.599440+09:00,21.9,54403,434,0,0,493150,3026,9
DYzgGiFSoDG,ald1.official,ALPHA DRIVE ONE,2026-05-26T23:10:29+09:00,2026-05-27T20:57:39.599440+09:00,21.8,59310,1044,0,0,535546,3230,11
DYwlplSh3b-,axmxp_official,AxMxP,2026-05-25T20:00:12+09:00,2026-05-27T20:57:39.599440+09:00,49.0,3790,69,0,0,26700,27,1
DYuHuN4zWVy,lngshot4sho,LNGSHOT,2026-05-24T21:00:21+09:00,2026-05-27T20:57:39.599440+09:00,72.0,228524,858,0,0,1979226,1372,0
DYvaGrnTwPu,lngshot4sho,LNGSHOT,2026-05-25T09:00:12+09:00,2026-05-27T20:57:39.599440+09:00,60.0,258688,2455,0,0,2078370,1956,6
DYvur9EzamY,lngshot4sho,LNGSHOT,2026-05-25T12:00:13+09:00,2026-05-27T20:57:39.599440+09:00,57.0,189239,1719,0,0,1554799,1271,4
DYwX6G9TNkA,lngshot4sho,LNGSHOT,2026-05-25T18:00:09+09:00,2026-05-27T20:57:39.599440+09:00,51.0,172455,1330,0,0,1395777,1372,2
DYx-2Olhyr6,lngshot4sho,LNGSHOT,2026-05-26T09:00:08+09:00,2026-05-27T20:57:39.599440+09:00,36.0,202436,1495,0,0,1582610,3153,4
DYyoJZhBqxz,lngshot4sho,LNGSHOT,2026-05-26T15:00:10+09:00,2026-05-27T20:57:39.599440+09:00,30.0,183530,1330,0,0,1460549,3869,8
DYy8ohJhEW8,lngshot4sho,LNGSHOT,2026-05-26T18:00:29+09:00,2026-05-27T20:57:39.599440+09:00,27.0,102578,517,0,0,929833,1579,4
DY04RyXzJ5a,lngshot4sho,LNGSHOT,2026-05-27T12:00:11+09:00,2026-05-27T20:57:39.599440+09:00,9.0,136199,1245,0,0,1009710,21344,57
DYtsMqmBUOO,yuhz_official,YUHZ,2026-05-24T17:00:11+09:00,2026-05-27T20:57:39.599440+09:00,76.0,5261,61,0,0,60103,71,0
DYvt_5mSNw2,yuhz_official,YUHZ,2026-05-25T12:00:08+09:00,2026-05-27T20:57:39.599440+09:00,57.0,2846,50,0,0,26763,32,0
DYwyG5Vy676,yuhz_official,YUHZ,2026-05-25T22:00:34+09:00,2026-05-27T20:57:39.599440+09:00,47.0,1078,22,0,0,11858,8,0
DYwDRP6ytTI,tunexx_official,TUNEXX,2026-05-25T15:00:10+09:00,2026-05-27T20:57:39.599440+09:00,54.0,4380,27,0,0,32064,40,0
DYwX9jYzXkI,thessyndrome_official,THE SSYNDROME,2026-05-25T18:02:08+09:00,2026-05-27T20:57:39.599440+09:00,50.9,237,3,0,0,1893,2,0
DYy7ry6zpvA,thessyndrome_official,THE SSYNDROME,2026-05-26T18:01:00+09:00,2026-05-27T20:57:39.599440+09:00,26.9,185,2,0,0,1928,4,0
DYtbCW_hUr7,nmixx_official,NMIXX,2026-05-24T14:30:10+09:00,2026-05-27T20:57:39.599440+09:00,78.5,166387,418,0,0,1857501,2009,1
DYweyS1BugI,nmixx_official,NMIXX,2026-05-25T19:00:10+09:00,2026-05-27T20:57:39.599440+09:00,50.0,87299,203,0,0,1001582,701,1
DYze_0MOnNK,nmixx_official,NMIXX,2026-05-26T23:04:20+09:00,2026-05-27T20:57:39.599440+09:00,21.9,190169,1046,0,0,1542438,11135,26
DYzieSvOwiw,nmixx_official,NMIXX,2026-05-26T23:31:22+09:00,2026-05-27T20:57:39.599440+09:00,21.4,50678,231,0,0,528291,2000,5
DYtXhfJvKUp,kiiras__official,KIIRAS,2026-05-24T14:00:27+09:00,2026-05-27T20:57:39.599440+09:00,79.0,2328,16,0,0,26184,28,0
DYtlM6zPlV4,kiiras__official,KIIRAS,2026-05-24T16:00:12+09:00,2026-05-27T20:57:39.599440+09:00,77.0,4960,54,0,0,55928,44,0
DYv8dWWvA5x,kiiras__official,KIIRAS,2026-05-25T14:01:50+09:00,2026-05-27T20:57:39.599440+09:00,54.9,1620,20,0,0,18639,14,0
DYyhlPqvc7M,kiiras__official,KIIRAS,2026-05-26T14:04:37+09:00,2026-05-27T20:57:39.599440+09:00,30.9,1946,16,0,0,20453,35,0
DYyoEbkpnV6,kiiras__official,KIIRAS,2026-05-26T15:00:10+09:00,2026-05-27T20:57:39.599440+09:00,30.0,2136,23,0,0,23299,40,0
DYytHmXvBEH,kiiras__official,KIIRAS,2026-05-26T15:47:41+09:00,2026-05-27T20:57:39.599440+09:00,29.2,6529,102,0,0,53120,238,1
DYyu5Mqv8qQ,kiiras__official,KIIRAS,2026-05-26T16:01:01+09:00,2026-05-27T20:57:39.599440+09:00,28.9,1340,13,0,0,21398,20,1
DYwYy_oyS5G,4x4crew_4x4studio,Afuture,2026-05-25T18:10:59+09:00,2026-05-27T20:57:39.599440+09:00,50.8,1255,30,0,0,174699,18,1
DYyTngwT3o8,4x4crew_4x4studio,Afuture,2026-05-26T08:00:24+09:00,2026-05-27T20:57:39.599440+09:00,37.0,155,3,0,0,5138,6,1
DYzSej5KBdT,4x4crew_4x4studio,Afuture,2026-05-26T21:11:41+09:00,2026-05-27T20:57:39.599440+09:00,23.8,243,3,0,0,12262,8,1
DYuVZEWh41B,saythename_17,SEVENTEEN,2026-05-24T23:00:13+09:00,2026-05-27T20:57:39.599440+09:00,70.0,433481,4352,0,0,3847521,2532,91
DYwlntdBx8a,saythename_17,SEVENTEEN,2026-05-25T20:00:17+09:00,2026-05-27T20:57:39.599440+09:00,49.0,364677,2471,0,0,3534658,2252,120
DYwmwzOhssb,saythename_17,SEVENTEEN,2026-05-25T20:10:11+09:00,2026-05-27T20:57:39.599440+09:00,48.8,314445,1635,0,0,3095909,2495,330
DYvvSswhThT,bts.bighitofficial,BTS,2026-05-25T12:01:05+09:00,2026-05-27T20:57:39.599440+09:00,56.9,859485,3089,0,0,12065780,7042,20
DYzQ8CJzX6Y,realstraykids,Stray Kids,2026-05-26T20:58:04+09:00,2026-05-27T20:57:39.599440+09:00,24.0,997894,7972,0,0,8243625,21682,146
DYtXrOLJgJI,zb1official,ZEROBASEONE,2026-05-24T14:01:30+09:00,2026-05-27T20:57:39.599440+09:00,78.9,80725,537,0,0,660291,669,0
DYubqGyJcEj,zb1official,ZEROBASEONE,2026-05-25T00:00:35+09:00,2026-05-27T20:57:39.599440+09:00,69.0,73540,705,0,0,745704,285,0
DYv1hDNpdV_,zb1official,ZEROBASEONE,2026-05-25T13:00:51+09:00,2026-05-27T20:57:39.599440+09:00,55.9,61897,598,0,0,543714,231,0
DYwssnxpajy,zb1official,ZEROBASEONE,2026-05-25T21:02:50+09:00,2026-05-27T20:57:39.599440+09:00,47.9,43123,203,0,0,416810,321,0
DYyallZJ1EB,zb1official,ZEROBASEONE,2026-05-26T13:03:29+09:00,2026-05-27T20:57:39.599440+09:00,31.9,54333,313,0,0,471602,584,1
DYy8G1eJDzJ,zb1official,ZEROBASEONE,2026-05-26T17:59:21+09:00,2026-05-27T20:57:39.599440+09:00,27.0,66941,219,0,0,539874,1412,4
DYzfAOTpXXQ,zb1official,ZEROBASEONE,2026-05-26T23:02:30+09:00,2026-05-27T20:57:39.599440+09:00,21.9,69356,269,0,0,565004,2389,8
DYy8pgISdIT,plave_official,PLAVE,2026-05-26T18:00:25+09:00,2026-05-27T20:57:39.599440+09:00,27.0,36722,308,0,0,297518,803,4
DYzDj0Ryi9d,plave_official,PLAVE,2026-05-26T19:00:27+09:00,2026-05-27T20:57:39.599440+09:00,26.0,127149,2827,0,0,1224378,3081,25
DYubRJYzBXz,riize_official,RIIZE,2026-05-25T00:00:31+09:00,2026-05-27T20:57:39.599440+09:00,69.0,188551,3205,0,0,2045334,496,2
DYvusruzE2V,riize_official,RIIZE,2026-05-25T12:01:13+09:00,2026-05-27T20:57:39.599440+09:00,56.9,141765,1644,0,0,1196680,764,3
DYwX5aUTfhI,riize_official,RIIZE,2026-05-25T18:01:05+09:00,2026-05-27T20:57:39.599440+09:00,50.9,204346,1496,0,0,1533780,1525,5
DYwzYEsze0F,riize_official,RIIZE,2026-05-25T22:01:09+09:00,2026-05-27T20:57:39.599440+09:00,46.9,199833,1358,0,0,2029990,1759,1
DYxAvb9zgro,riize_official,RIIZE,2026-05-26T00:00:23+09:00,2026-05-27T20:57:39.599440+09:00,45.0,117226,2662,0,0,1529210,689,1
DYyYJD1TdJ9,riize_official,RIIZE,2026-05-26T12:41:57+09:00,2026-05-27T20:57:39.599440+09:00,32.3,128641,1676,0,0,1285183,1880,4
DYzllMMTujI,riize_official,RIIZE,2026-05-27T00:00:22+09:00,2026-05-27T20:57:39.599440+09:00,21.0,149252,3814,0,0,1657472,4575,33
DYznXROTkZm,riize_official,RIIZE,2026-05-27T00:14:43+09:00,2026-05-27T20:57:39.599440+09:00,20.7,81609,1367,0,0,559978,2852,11
DYznr1oTPLa,riize_official,RIIZE,2026-05-27T00:17:33+09:00,2026-05-27T20:57:39.599440+09:00,20.7,75431,895,0,0,484729,3531,7
DYzodd9zzdq,riize_official,RIIZE,2026-05-27T00:25:01+09:00,2026-05-27T20:57:39.599440+09:00,20.5,69810,720,0,0,482706,3361,5
DYzpPyZzZOV,riize_official,RIIZE,2026-05-27T00:30:54+09:00,2026-05-27T20:57:39.599440+09:00,20.4,110538,1146,0,0,731843,4621,11
DY04R5hTfTP,riize_official,RIIZE,2026-05-27T12:01:05+09:00,2026-05-27T20:57:39.599440+09:00,8.9,153065,1241,0,0,1094110,24816,107
DYtegwHy11B,boynextdoor_official,BOYNEXTDOOR,2026-05-24T15:00:09+09:00,2026-05-27T20:57:39.599440+09:00,78.0,163647,850,0,0,1468476,1173,-1
DYuVbrgS4L4,boynextdoor_official,BOYNEXTDOOR,2026-05-24T22:02:53+09:00,2026-05-27T20:57:39.599440+09:00,70.9,95284,421,0,0,674363,322,0
DYuVZP0S4Hv,boynextdoor_official,BOYNEXTDOOR,2026-05-24T23:00:11+09:00,2026-05-27T20:57:39.599440+09:00,70.0,137798,762,0,0,1179144,404,0
DYv8Z-Ny_AE,boynextdoor_official,BOYNEXTDOOR,2026-05-25T14:00:08+09:00,2026-05-27T20:57:39.599440+09:00,55.0,296866,1189,0,0,3142990,2833,16
DYweuUpSHnC,boynextdoor_official,BOYNEXTDOOR,2026-05-25T19:00:11+09:00,2026-05-27T20:57:39.599440+09:00,50.0,106973,252,0,0,928138,665,0
DYwpA44yHod,boynextdoor_official,BOYNEXTDOOR,2026-05-25T20:30:54+09:00,2026-05-27T20:57:39.599440+09:00,48.4,92135,156,0,0,817215,637,0
DYw6OFjSxLH,boynextdoor_official,BOYNEXTDOOR,2026-05-25T22:04:16+09:00,2026-05-27T20:57:39.599440+09:00,46.9,102152,417,0,0,723240,723,0
DYyYsvxBX93,boynextdoor_official,BOYNEXTDOOR,2026-05-26T12:46:35+09:00,2026-05-27T20:57:39.599440+09:00,32.2,144677,746,0,0,1162046,1950,3
DYy3BtnPP5v,boynextdoor_official,BOYNEXTDOOR,2026-05-26T17:12:41+09:00,2026-05-27T20:57:39.599440+09:00,27.7,189261,585,0,0,1637145,4030,26
DYzGhI-PMif,boynextdoor_official,BOYNEXTDOOR,2026-05-26T19:30:24+09:00,2026-05-27T20:57:39.599440+09:00,25.5,90431,145,0,0,782658,2248,3
DYzH5XXv-YA,boynextdoor_official,BOYNEXTDOOR,2026-05-26T19:40:03+09:00,2026-05-27T20:57:39.599440+09:00,25.3,116686,385,0,0,1145509,3296,2
DYze-tzR1Q0,boynextdoor_official,BOYNEXTDOOR,2026-05-26T22:02:38+09:00,2026-05-27T20:57:39.599440+09:00,22.9,102716,482,0,0,666225,2903,3
DY07r_oSPyp,boynextdoor_official,BOYNEXTDOOR,2026-05-27T12:30:08+09:00,2026-05-27T20:57:39.599440+09:00,8.5,113133,871,0,0,886020,17043,86
DY09e5MytZd,boynextdoor_official,BOYNEXTDOOR,2026-05-27T12:45:10+09:00,2026-05-27T20:57:39.599440+09:00,8.2,117880,785,0,0,852918,20108,94
DYuOjSepjet,tws_pledis,TWS,2026-05-24T22:00:11+09:00,2026-05-27T20:57:39.599440+09:00,71.0,203175,856,0,0,2140076,1800,7
DYwsgATJZHC,tws_pledis,TWS,2026-05-25T21:00:33+09:00,2026-05-27T20:57:39.599440+09:00,48.0,110155,1492,0,0,849751,1389,7
DYwzVaVJp6b,tws_pledis,TWS,2026-05-25T22:00:16+09:00,2026-05-27T20:57:39.599440+09:00,47.0,123732,870,0,0,941478,1797,3
DYy2b9wJ-rR,tws_pledis,TWS,2026-05-26T17:03:59+09:00,2026-05-27T20:57:39.599440+09:00,27.9,72388,285,0,0,563400,1377,4
DYzKYDGJb1J,tws_pledis,TWS,2026-05-26T20:00:44+09:00,2026-05-27T20:57:39.599440+09:00,24.9,98418,716,0,0,684766,2417,10
DYzbmlIpLYs,tws_pledis,TWS,2026-05-26T22:30:13+09:00,2026-05-27T20:57:39.599440+09:00,22.5,84764,683,0,0,623851,4491,20
DYtXmYCzY3V,official_monsta_x,MONSTA X,2026-05-24T14:00:11+09:00,2026-05-27T20:57:39.599440+09:00,79.0,46838,497,0,0,369462,449,4
DYvurKDuz8W,official_monsta_x,MONSTA X,2026-05-25T12:00:51+09:00,2026-05-27T20:57:39.599440+09:00,56.9,26149,280,0,0,228699,146,0
DYvyBiOOez-,official_monsta_x,MONSTA X,2026-05-25T12:30:11+09:00,2026-05-27T20:57:39.599440+09:00,56.5,11736,85,0,0,104464,63,0
DYv1c2_PMGJ,official_monsta_x,MONSTA X,2026-05-25T13:00:18+09:00,2026-05-27T20:57:39.599440+09:00,56.0,12212,150,0,0,172318,67,0
DYwDS_PT_Un,official_monsta_x,MONSTA X,2026-05-25T15:00:14+09:00,2026-05-27T20:57:39.599440+09:00,54.0,24337,235,0,0,265370,161,0
DYwKJQQTgce,official_monsta_x,MONSTA X,2026-05-25T16:00:13+09:00,2026-05-27T20:57:39.599440+09:00,53.0,16451,254,0,0,183446,96,0
DYteRaLMoYU,aespa_official,aespa,2026-05-24T14:58:59+09:00,2026-05-27T20:57:39.599440+09:00,78.0,365235,1928,0,0,3801570,3643,3
DYthu4DMXag,aespa_official,aespa,2026-05-24T15:29:26+09:00,2026-05-27T20:57:39.599440+09:00,77.5,247570,955,0,0,5435189,2493,2
DYufICRMrPJ,aespa_official,aespa,2026-05-25T00:28:07+09:00,2026-05-27T20:57:39.599440+09:00,68.5,225901,3877,0,0,2821149,905,2
DYwXVzoM3_6,aespa_official,aespa,2026-05-25T17:57:50+09:00,2026-05-27T20:57:39.599440+09:00,51.0,291618,692,0,0,3176882,2317,0
DYwa4NPMhg5,aespa_official,aespa,2026-05-25T18:28:51+09:00,2026-05-27T20:57:39.599440+09:00,50.5,262135,1361,0,0,3351779,2017,6
DYy2f1ysMh2,aespa_official,aespa,2026-05-26T17:07:05+09:00,2026-05-27T20:57:39.599440+09:00,27.8,133046,298,0,0,2189072,2430,0
DYy4yb8Mhmj,aespa_official,aespa,2026-05-26T17:30:14+09:00,2026-05-27T20:57:39.599440+09:00,27.5,120442,593,0,0,1567866,2445,5
DYy8pETstdC,aespa_official,aespa,2026-05-26T18:00:39+09:00,2026-05-27T20:57:39.599440+09:00,27.0,115283,706,0,0,1439570,2825,4
DYzAIwJsAUS,aespa_official,aespa,2026-05-26T18:31:16+09:00,2026-05-27T20:57:39.599440+09:00,26.4,187152,837,0,0,2655769,4130,5
DYzDQ1OMLuC,aespa_official,aespa,2026-05-26T19:00:32+09:00,2026-05-27T20:57:39.599440+09:00,26.0,171909,587,0,0,2799952,5015,4
DYwr64cS8BI,redvelvet.smtown,Red Velvet,2026-05-25T20:56:31+09:00,2026-05-27T20:57:39.599440+09:00,48.0,56873,282,0,0,519653,570,1
DYv0xBlgg83,babymonster_ygofficial,BABYMONSTER,2026-05-25T13:00:05+09:00,2026-05-27T20:57:39.599440+09:00,56.0,253119,1106,0,0,3789602,2515,5
DYtwUDaSa5p,le_sserafim,LE SSERAFIM,2026-05-24T17:30:12+09:00,2026-05-27T20:57:39.599440+09:00,75.5,219793,391,0,0,3138486,2436,0
DYuI5xeyFNv,le_sserafim,LE SSERAFIM,2026-05-24T21:09:57+09:00,2026-05-27T20:57:39.599440+09:00,71.8,376555,315,0,0,4827434,1863,0
DYuOpGQSM8B,le_sserafim,LE SSERAFIM,2026-05-24T22:00:17+09:00,2026-05-27T20:57:39.599440+09:00,71.0,203291,255,0,0,2997242,1660,2
DYvTFamxK45,le_sserafim,LE SSERAFIM,2026-05-25T07:59:53+09:00,2026-05-27T20:57:39.599440+09:00,61.0,34452,254,0,0,809125,185,5
DYv-LxqSs5y,le_sserafim,LE SSERAFIM,2026-05-25T14:15:29+09:00,2026-05-27T20:57:39.599440+09:00,54.7,81226,178,0,0,1228504,430,0
DYv_8yjyQCw,le_sserafim,LE SSERAFIM,2026-05-25T14:29:54+09:00,2026-05-27T20:57:39.599440+09:00,54.5,99218,212,0,0,1242118,527,0
DYwKSYWyyAZ,le_sserafim,LE SSERAFIM,2026-05-25T16:00:09+09:00,2026-05-27T20:57:39.599440+09:00,53.0,156476,254,0,0,1578610,1165,1
DYwK00IyQzg,le_sserafim,LE SSERAFIM,2026-05-25T16:05:02+09:00,2026-05-27T20:57:39.599440+09:00,52.9,117644,328,0,0,1274599,1376,3
DYwL9iuyg-1,le_sserafim,LE SSERAFIM,2026-05-25T16:10:02+09:00,2026-05-27T20:57:39.599440+09:00,52.8,127929,375,0,0,1587392,1039,4
DYwL59yy7Mw,le_sserafim,LE SSERAFIM,2026-05-25T16:14:59+09:00,2026-05-27T20:57:39.599440+09:00,52.7,129346,308,0,0,1412050,1141,1
DYwMnJbyOJY,le_sserafim,LE SSERAFIM,2026-05-25T16:19:59+09:00,2026-05-27T20:57:39.599440+09:00,52.6,122119,378,0,0,1698693,916,1
DYwRBxryvsK,le_sserafim,LE SSERAFIM,2026-05-25T16:59:56+09:00,2026-05-27T20:57:39.599440+09:00,52.0,177911,473,0,0,1602204,1443,5
DYwdnbcPm61,le_sserafim,LE SSERAFIM,2026-05-25T19:00:15+09:00,2026-05-27T20:57:39.599440+09:00,50.0,110514,132,0,0,1600906,2060,1
DYwiQvESCM5,le_sserafim,LE SSERAFIM,2026-05-25T19:29:55+09:00,2026-05-27T20:57:39.599440+09:00,49.5,191413,227,0,0,2928982,1606,2
DYw0CKeSH5x,le_sserafim,LE SSERAFIM,2026-05-25T22:00:50+09:00,2026-05-27T20:57:39.599440+09:00,46.9,618279,1205,0,0,5432106,9190,20
DYw214kSyRX,le_sserafim,LE SSERAFIM,2026-05-25T22:29:56+09:00,2026-05-27T20:57:39.599440+09:00,46.5,338725,540,0,0,4481850,8187,7
DYw4gMNSkID,le_sserafim,LE SSERAFIM,2026-05-25T22:45:19+09:00,2026-05-27T20:57:39.599440+09:00,46.2,181233,284,0,0,2306740,1732,1
DYy0IGgSbGO,le_sserafim,LE SSERAFIM,2026-05-26T16:29:56+09:00,2026-05-27T20:57:39.599440+09:00,28.5,130577,182,0,0,3048313,3509,2
DYy1p7DI0so,le_sserafim,LE SSERAFIM,2026-05-26T16:59:58+09:00,2026-05-27T20:57:39.599440+09:00,28.0,73191,180,0,0,1051955,1536,0
DYy80zqSySQ,le_sserafim,LE SSERAFIM,2026-05-26T17:45:16+09:00,2026-05-27T20:57:39.599440+09:00,27.2,46681,96,0,0,661236,1024,1
DYzAzImydR2,le_sserafim,LE SSERAFIM,2026-05-26T18:29:58+09:00,2026-05-27T20:57:39.599440+09:00,26.5,114124,280,0,0,1859045,2475,5
DYzDsz0SbLU,le_sserafim,LE SSERAFIM,2026-05-26T18:59:58+09:00,2026-05-27T20:57:39.599440+09:00,26.0,87961,104,0,0,1626631,2638,1
DYzHFxYJE22,le_sserafim,LE SSERAFIM,2026-05-26T19:35:41+09:00,2026-05-27T20:57:39.599440+09:00,25.4,216199,568,0,0,2396229,6381,5
DYzNVdbBcCJ,le_sserafim,LE SSERAFIM,2026-05-26T20:30:04+09:00,2026-05-27T20:57:39.599440+09:00,24.5,58437,74,0,0,723022,2530,1
DYzRXAcSonT,le_sserafim,LE SSERAFIM,2026-05-26T20:59:58+09:00,2026-05-27T20:57:39.599440+09:00,24.0,63406,138,0,0,922202,2077,3
DYzU0Gjyhlu,le_sserafim,LE SSERAFIM,2026-05-26T21:29:53+09:00,2026-05-27T20:57:39.599440+09:00,23.5,130328,274,0,0,1434078,5301,1
DYzYyS0SiXt,le_sserafim,LE SSERAFIM,2026-05-26T22:00:53+09:00,2026-05-27T20:57:39.599440+09:00,22.9,185595,445,0,0,1965114,5522,11
DYz6f11p78H,le_sserafim,LE SSERAFIM,2026-05-27T03:02:17+09:00,2026-05-27T20:57:39.599440+09:00,17.9,73690,141,0,0,1296335,10669,14
DYtXngbz6Og,illit_official,ILLIT,2026-05-24T14:00:11+09:00,2026-05-27T20:57:39.599440+09:00,79.0,225133,1071,0,0,2601606,2858,32
DYtsPsPTcVv,illit_official,ILLIT,2026-05-24T17:00:11+09:00,2026-05-27T20:57:39.599440+09:00,76.0,151341,608,0,0,1888492,2478,6
DYv8aPtTCZp,illit_official,ILLIT,2026-05-25T14:00:12+09:00,2026-05-27T20:57:39.599440+09:00,55.0,95420,256,0,0,1090863,1180,1
DYy8u6nzSc1,illit_official,ILLIT,2026-05-26T18:00:12+09:00,2026-05-27T20:57:39.599440+09:00,27.0,201894,551,0,0,2415043,5500,9
DYzRUlPzDKr,illit_official,ILLIT,2026-05-26T21:00:49+09:00,2026-05-27T20:57:39.599440+09:00,23.9,67206,232,0,0,1010504,2532,5
DYteedwzAt2,stayc_highup,STAYC,2026-05-24T15:00:00+09:00,2026-05-27T20:57:39.599440+09:00,78.0,35210,172,0,0,655654,817,1
DYwseqApaaf,officialfromis_9,fromis_9,2026-05-25T21:00:27+09:00,2026-05-27T20:57:39.599440+09:00,48.0,24520,87,0,0,426395,237,1
DYzG7p8zt9s,wooah_nv,WOOAH,2026-05-26T19:30:16+09:00,2026-05-27T20:57:39.599440+09:00,25.5,6635,76,0,0,74470,238,3
DYtzFJyPP-z,billlie.official,Billlie,2026-05-24T18:00:09+09:00,2026-05-27T20:57:39.599440+09:00,75.0,5673,38,0,0,97268,72,0
DYuLKKbP3NV,billlie.official,Billlie,2026-05-24T21:30:13+09:00,2026-05-27T20:57:39.599440+09:00,71.5,18162,105,0,0,212943,70,0
DYuWYicPpAZ,billlie.official,Billlie,2026-05-24T23:10:14+09:00,2026-05-27T20:57:39.599440+09:00,69.8,12966,99,0,0,161549,87,0
DYwKH84RjPB,billlie.official,Billlie,2026-05-25T16:00:09+09:00,2026-05-27T20:57:39.599440+09:00,53.0,7253,42,0,0,73188,55,0
DYwQ-SmxQRm,billlie.official,Billlie,2026-05-25T17:00:11+09:00,2026-05-27T20:57:39.599440+09:00,52.0,8281,27,0,0,142953,101,0
DYwpAUXPDOD,billlie.official,Billlie,2026-05-25T20:30:09+09:00,2026-05-27T20:57:39.599440+09:00,48.5,26470,105,0,0,245046,248,1
DYwseIwv_0V,billlie.official,Billlie,2026-05-25T21:00:12+09:00,2026-05-27T20:57:39.599440+09:00,48.0,23560,230,0,0,177387,339,1
DYyhz4IPrR-,billlie.official,Billlie,2026-05-26T14:06:28+09:00,2026-05-27T20:57:39.599440+09:00,30.9,7235,50,0,0,85049,179,1
DYyoIUsvvPk,billlie.official,Billlie,2026-05-26T15:00:10+09:00,2026-05-27T20:57:39.599440+09:00,30.0,8485,28,0,0,142497,165,0
DYzALZFx6bc,billlie.official,Billlie,2026-05-26T18:30:10+09:00,2026-05-27T20:57:39.599440+09:00,26.5,4424,26,0,0,72205,158,0
DYzG-33vbcR,billlie.official,Billlie,2026-05-26T19:30:11+09:00,2026-05-27T20:57:39.599440+09:00,25.5,3257,14,0,0,42048,122,1
DYzN2rfPIxF,billlie.official,Billlie,2026-05-26T20:30:11+09:00,2026-05-27T20:57:39.599440+09:00,24.5,10965,54,0,0,114783,600,0
DYzYPexvT3A,billlie.official,Billlie,2026-05-26T22:02:46+09:00,2026-05-27T20:57:39.599440+09:00,22.9,6114,37,0,0,61920,174,1
DYwDjdSPW8m,qwerband_official,QWER,2026-05-25T15:03:26+09:00,2026-05-27T20:57:39.599440+09:00,53.9,16648,117,0,0,338335,136,0
DYvujyQp50e,lun8_official,LUN8,2026-05-25T12:00:09+09:00,2026-05-27T20:57:39.599440+09:00,57.0,14300,308,0,0,95908,79,0
DYyTdCdSLwP,lun8_official,LUN8,2026-05-26T12:00:52+09:00,2026-05-27T20:57:39.599440+09:00,32.9,2731,32,0,0,21513,31,0
DY04H5IyJhx,lun8_official,LUN8,2026-05-27T12:00:00+09:00,2026-05-27T20:57:39.599440+09:00,9.0,1533,41,0,0,15380,166,6
DYzDm4gBw2r,official_oneus,ONEUS,2026-05-26T19:01:08+09:00,2026-05-27T20:57:39.599440+09:00,25.9,9759,89,0,0,91280,176,0
DYwDOcGRt2N,s2it_official,S2IT,2026-05-25T15:00:24+09:00,2026-05-27T20:57:39.599440+09:00,54.0,726,23,0,0,17172,9,0
DYw6NmSzPVD,s2it_official,S2IT,2026-05-25T23:00:59+09:00,2026-05-27T20:57:39.599440+09:00,45.9,1120,33,0,0,23338,14,0
DYyhQ2CPwdt,tpst__official,TEMPEST,2026-05-26T14:00:09+09:00,2026-05-27T20:57:39.599440+09:00,31.0,2032,24,0,0,14014,31,0
DYzKagAv3nz,tpst__official,TEMPEST,2026-05-26T20:00:43+09:00,2026-05-27T20:57:39.599440+09:00,24.9,14167,162,0,0,97808,825,3
DYtXpiDBGCW,wearedrippin,DRIPPIN,2026-05-24T14:00:11+09:00,2026-05-27T20:57:39.599440+09:00,79.0,1186,5,0,0,13682,5,0
DYtxy_cxSLM,wearedrippin,DRIPPIN,2026-05-24T17:49:36+09:00,2026-05-27T20:57:39.599440+09:00,75.1,1201,6,0,0,16406,8,0
DYuOhhuB5zd,wearedrippin,DRIPPIN,2026-05-24T22:00:11+09:00,2026-05-27T20:57:39.599440+09:00,71.0,1570,20,0,0,15931,4,0
DYv1h0QB_qR,wearedrippin,DRIPPIN,2026-05-25T13:00:09+09:00,2026-05-27T20:57:39.599440+09:00,56.0,1681,14,0,0,19181,10,0
DYwbTaXBioV,wearedrippin,DRIPPIN,2026-05-25T18:30:09+09:00,2026-05-27T20:57:39.599440+09:00,50.5,1194,7,0,0,12876,10,0
DYwzTqzhHPE,wearedrippin,DRIPPIN,2026-05-25T22:00:16+09:00,2026-05-27T20:57:39.599440+09:00,47.0,1373,53,0,0,14375,16,0
DYyThkUB7ZC,wearedrippin,DRIPPIN,2026-05-26T12:00:10+09:00,2026-05-27T20:57:39.599440+09:00,33.0,1165,10,0,0,12621,27,0
DYybjIBh4cO,wearedrippin,DRIPPIN,2026-05-26T12:49:09+09:00,2026-05-27T20:57:39.599440+09:00,32.1,2106,23,0,0,23971,36,0
DYyaVeVBJ5t,wearedrippin,DRIPPIN,2026-05-26T13:00:10+09:00,2026-05-27T20:57:39.599440+09:00,32.0,959,13,0,0,9969,17,0
DYyhPhShoVV,wearedrippin,DRIPPIN,2026-05-26T14:00:11+09:00,2026-05-27T20:57:39.599440+09:00,31.0,879,7,0,0,9285,22,0
DYzHRCuRhhO,wearedrippin,DRIPPIN,2026-05-26T19:34:53+09:00,2026-05-27T20:57:39.599440+09:00,25.4,666,4,0,0,8528,19,0
DYzN4m-Btvw,wearedrippin,DRIPPIN,2026-05-26T20:01:49+09:00,2026-05-27T20:57:39.599440+09:00,24.9,671,4,0,0,6147,21,0
DYzOcu4hBr1,wearedrippin,DRIPPIN,2026-05-26T20:02:24+09:00,2026-05-27T20:57:39.599440+09:00,24.9,1078,12,0,0,10286,31,0
DYzYIwHBKL5,wearedrippin,DRIPPIN,2026-05-26T22:00:19+09:00,2026-05-27T20:57:39.599440+09:00,23.0,888,5,0,0,9954,33,0
DYvze51SLny,wena_official_,We;Na,2026-05-25T12:43:25+09:00,2026-05-27T20:57:39.599440+09:00,56.2,466,11,0,0,9239,5,0
DYy7VQpS5wt,wena_official_,We;Na,2026-05-26T17:49:35+09:00,2026-05-27T20:57:39.599440+09:00,27.1,468,13,0,0,9395,15,0
DYzKfjghjFZ,kiiikiii.official,KiiiKiii,2026-05-26T20:00:20+09:00,2026-05-27T20:57:39.599440+09:00,25.0,91675,233,0,0,984277,4332,2
DYwpfHry3bN,official_burvey,Burvey,2026-05-25T20:34:40+09:00,2026-05-27T20:57:39.599440+09:00,48.4,353,14,0,0,7602,4,0
DYzRPh2ToBt,official.irise,IRISÉ,2026-05-26T21:00:08+09:00,2026-05-27T20:57:39.599440+09:00,24.0,954,7,0,0,9069,29,1
DYy8YBAhY9H,we_fiftyfifty,FIFTY FIFTY,2026-05-26T18:00:04+09:00,2026-05-27T20:57:39.599440+09:00,27.0,12326,147,0,0,163376,320,3
DYudc-tyoaV,itzy.all.in.us,ITZY,2026-05-25T00:10:10+09:00,2026-05-27T21:57:39.107068+09:00,69.8,135777,1146,0,0,1402453,778,2
DYvuBZoS_MT,itzy.all.in.us,ITZY,2026-05-25T11:55:14+09:00,2026-05-27T21:57:39.107068+09:00,58.0,117834,1310,0,0,860313,777,3
DYwX2sHSk21,itzy.all.in.us,ITZY,2026-05-25T18:00:11+09:00,2026-05-27T21:57:39.107068+09:00,52.0,149675,1140,0,0,1444314,1196,1
DYwlFYCyMHg,itzy.all.in.us,ITZY,2026-05-25T19:58:30+09:00,2026-05-27T21:57:39.107068+09:00,50.0,127165,1117,0,0,1129870,1466,1
DYysrcRy1jW,itzy.all.in.us,ITZY,2026-05-26T15:40:43+09:00,2026-05-27T21:57:39.107068+09:00,30.3,107133,1104,0,0,1047820,2140,5
DYy1x9ySdQm,itzy.all.in.us,ITZY,2026-05-26T17:00:11+09:00,2026-05-27T21:57:39.107068+09:00,29.0,93271,1150,0,0,1052544,1798,6
DYzAJpnSZY6,itzy.all.in.us,ITZY,2026-05-26T18:31:08+09:00,2026-05-27T21:57:39.107068+09:00,27.4,52213,1049,0,0,691738,1325,2
DYzR1RhScLh,itzy.all.in.us,ITZY,2026-05-26T21:07:23+09:00,2026-05-27T21:57:39.107068+09:00,24.8,91319,1069,0,0,1019048,3228,2
DYuBbguhkjC,itzy.all.in.us,ITZY,2026-05-24T20:04:09+09:00,2026-05-28T00:57:39.249755+09:00,76.9,63026,1022,0,0,826011,597,0
DYuHq2_ydVr,itzy.all.in.us,ITZY,2026-05-24T21:00:09+09:00,2026-05-28T00:57:39.249755+09:00,76.0,107585,1076,0,0,1009091,1199,3
DYuLHgvyCy0,itzy.all.in.us,ITZY,2026-05-24T21:30:10+09:00,2026-05-28T00:57:39.249755+09:00,75.5,208309,1281,0,0,2286326,2639,5
DYvuBZoS_MT,itzy.all.in.us,ITZY,2026-05-25T11:55:14+09:00,2026-05-28T00:57:39.249755+09:00,61.0,118405,1310,0,0,865608,571,0
DYwX2sHSk21,itzy.all.in.us,ITZY,2026-05-25T18:00:11+09:00,2026-05-28T00:57:39.249755+09:00,55.0,150439,1141,0,0,1453962,764,1
DYwlFYCyMHg,itzy.all.in.us,ITZY,2026-05-25T19:58:30+09:00,2026-05-28T00:57:39.249755+09:00,53.0,128131,1118,0,0,1137387,966,1
DYysrcRy1jW,itzy.all.in.us,ITZY,2026-05-26T15:40:43+09:00,2026-05-28T00:57:39.249755+09:00,33.3,108512,1107,0,0,1067237,1379,3
DYy1x9ySdQm,itzy.all.in.us,ITZY,2026-05-26T17:00:11+09:00,2026-05-28T00:57:39.249755+09:00,32.0,94356,1154,0,0,1065574,1085,4
DYzAJpnSZY6,itzy.all.in.us,ITZY,2026-05-26T18:31:08+09:00,2026-05-28T00:57:39.249755+09:00,30.4,52955,1050,0,0,703137,742,1
DYzR1RhScLh,itzy.all.in.us,ITZY,2026-05-26T21:07:23+09:00,2026-05-28T00:57:39.249755+09:00,27.8,93064,1071,0,0,1067699,1745,2
DYwRDXOx8BN,ivestarship,IVE,2026-05-25T17:00:08+09:00,2026-05-28T00:57:39.249755+09:00,56.0,125101,339,0,0,1495817,1717,1
DYwsLC4v2Vo,ivestarship,IVE,2026-05-25T20:59:18+09:00,2026-05-28T00:57:39.249755+09:00,52.0,121893,368,0,0,1507054,1803,0
DYyu6H6BPt-,ivestarship,IVE,2026-05-26T16:00:12+09:00,2026-05-28T00:57:39.249755+09:00,33.0,102587,349,0,0,1014586,2467,3
DY04S4PyXtn,wjsn_cosmic,WJSN,2026-05-27T12:00:09+09:00,2026-05-28T00:57:39.249755+09:00,13.0,5324,98,0,0,39669,553,5
DYwzU8PPxhn,sa2m2nam3,SMN,2026-05-25T22:00:00+09:00,2026-05-28T00:57:39.249755+09:00,51.0,11147,110,0,0,97945,253,2
DYy8uCsT34v,we.madein.u,MADEIN,2026-05-26T18:00:08+09:00,2026-05-28T00:57:39.249755+09:00,31.0,1958,18,0,0,80086,69,1
DYy13iIB-0p,ifeye_official,ifeye,2026-05-26T17:00:13+09:00,2026-05-28T00:57:39.249755+09:00,32.0,2245,13,0,0,23988,48,0
DYy8roAB7e3,ifeye_official,ifeye,2026-05-26T18:00:10+09:00,2026-05-28T00:57:39.249755+09:00,31.0,4531,35,0,0,39027,130,0
DYy9O8lByMI,ifeye_official,ifeye,2026-05-26T18:05:08+09:00,2026-05-28T00:57:39.249755+09:00,30.9,3389,25,0,0,31552,121,1
DYzlLGhpVO_,xodiacofficial,XODIAC,2026-05-26T23:59:25+09:00,2026-05-28T00:57:39.249755+09:00,25.0,9196,605,0,0,122192,411,9
DYt2ZSNT0si,82major_official,82MAJOR,2026-05-24T18:37:33+09:00,2026-05-28T00:57:39.249755+09:00,78.3,10559,95,0,0,115073,104,0
DYt9awzvR1C,82major_official,82MAJOR,2026-05-24T19:30:08+09:00,2026-05-28T00:57:39.249755+09:00,77.5,11172,130,0,0,100638,141,1
DYwlpXVvyEv,82major_official,82MAJOR,2026-05-25T18:59:37+09:00,2026-05-28T00:57:39.249755+09:00,54.0,10388,53,0,0,79934,93,0
DYwlmzovAsP,82major_official,82MAJOR,2026-05-25T20:00:11+09:00,2026-05-28T00:57:39.249755+09:00,53.0,40202,140,0,0,370476,937,0
DYy8ouIPXvl,82major_official,82MAJOR,2026-05-26T18:00:28+09:00,2026-05-28T00:57:39.249755+09:00,31.0,7313,39,0,0,54315,184,2
DYzDgEMPQzb,82major_official,82MAJOR,2026-05-26T19:00:10+09:00,2026-05-28T00:57:39.249755+09:00,30.0,4329,38,0,0,40363,81,0
DYwXqqDTRI7,thewind.official,The Wind,2026-05-25T18:00:18+09:00,2026-05-28T00:57:39.249755+09:00,55.0,8061,54,0,0,52632,413,0
DYwEsswx-RQ,dxmon_hm,DXMON,2026-05-25T15:13:24+09:00,2026-05-28T00:57:39.249755+09:00,57.7,1806,18,0,0,29228,9,0
DYwZFmtRyhR,dxmon_hm,DXMON,2026-05-25T18:12:01+09:00,2026-05-28T00:57:39.249755+09:00,54.8,590,17,0,0,5029,6,2
DYyrf9tz7IC,dxmon_hm,DXMON,2026-05-26T15:30:12+09:00,2026-05-28T00:57:39.249755+09:00,33.5,1086,26,0,0,7600,32,4
DYtzJn0yQSN,xikers_official,xikers,2026-05-24T18:00:13+09:00,2026-05-28T00:57:39.249755+09:00,79.0,17839,113,0,0,193449,682,0
DYt9bUKTZS5,xikers_official,xikers,2026-05-24T19:31:54+09:00,2026-05-28T00:57:39.249755+09:00,77.4,27016,193,0,0,145243,349,2
DYuAz-IyFXC,xikers_official,xikers,2026-05-24T20:00:09+09:00,2026-05-28T00:57:39.249755+09:00,77.0,10017,56,0,0,66654,122,0
DYwKN7OScBk,xikers_official,xikers,2026-05-25T16:00:10+09:00,2026-05-28T00:57:39.249755+09:00,57.0,8475,63,0,0,114393,71,0
DYwREASyvPh,xikers_official,xikers,2026-05-25T17:00:11+09:00,2026-05-28T00:57:39.249755+09:00,56.0,24342,69,0,0,179901,120,0
DYwlk2CSWC9,xikers_official,xikers,2026-05-25T20:00:14+09:00,2026-05-28T00:57:39.249755+09:00,53.0,15916,59,0,0,102049,119,1
DYwsiCZye8-,xikers_official,xikers,2026-05-25T21:00:11+09:00,2026-05-28T00:57:39.249755+09:00,52.0,10513,101,0,0,70098,195,3
DYwzXfEyJUG,xikers_official,xikers,2026-05-25T22:00:16+09:00,2026-05-28T00:57:39.249755+09:00,51.0,13762,64,0,0,109823,123,0
DYyW6w0SeZ6,xikers_official,xikers,2026-05-26T12:30:10+09:00,2026-05-28T00:57:39.249755+09:00,36.5,11252,96,0,0,78440,141,2
DYyd04nyn6t,xikers_official,xikers,2026-05-26T13:30:09+09:00,2026-05-28T00:57:39.249755+09:00,35.5,7926,34,0,0,56903,104,2
DYyybv2yxId,xikers_official,xikers,2026-05-26T16:30:12+09:00,2026-05-28T00:57:39.249755+09:00,32.5,7387,65,0,0,50492,132,2
DYzDklHSslc,xikers_official,xikers,2026-05-26T19:00:09+09:00,2026-05-28T00:57:39.249755+09:00,30.0,8010,63,0,0,54181,174,3
DYzRPtlyTBd,xikers_official,xikers,2026-05-26T21:00:09+09:00,2026-05-28T00:57:39.249755+09:00,28.0,6675,42,0,0,47358,138,3
DY0xZ8PS-t9,xikers_official,xikers,2026-05-27T11:00:12+09:00,2026-05-28T00:57:39.249755+09:00,14.0,24809,201,0,0,155528,3461,25
DY0_HrJy0yy,xikers_official,xikers,2026-05-27T13:00:12+09:00,2026-05-28T00:57:39.249755+09:00,12.0,25308,584,0,0,173845,5132,94
DYvuuKfjzwF,official.dkb,DKB,2026-05-25T12:01:14+09:00,2026-05-28T00:57:39.249755+09:00,60.9,1512,9,0,0,17269,9,0
DYwot1HTqLb,official.dkb,DKB,2026-05-25T20:28:36+09:00,2026-05-28T00:57:39.249755+09:00,52.5,1502,17,0,0,16012,13,1
DYwNlbVTlx_,close.your.eyes.official,CLOSE YOUR EYES,2026-05-25T16:30:11+09:00,2026-05-28T00:57:39.249755+09:00,56.5,7328,55,0,0,66424,84,0
DYwsia1zrY5,close.your.eyes.official,CLOSE YOUR EYES,2026-05-25T21:00:30+09:00,2026-05-28T00:57:39.249755+09:00,52.0,13510,142,0,0,111016,186,2
DYwvPpVJ5Ra,idid_starship,IDID,2026-05-25T21:30:03+09:00,2026-05-28T00:57:39.249755+09:00,51.5,16561,162,0,0,176083,226,2
DYzUJ6FJuVF,idid_starship,IDID,2026-05-26T21:30:04+09:00,2026-05-28T00:57:39.249755+09:00,27.5,16573,92,0,0,142818,1417,4
DYt5_6QBM00,cortis,CORTIS,2026-05-24T19:00:09+09:00,2026-05-28T00:57:39.249755+09:00,78.0,708382,4593,0,0,6510017,10394,14
DYv2uN5BqWY,cortis,CORTIS,2026-05-25T13:00:04+09:00,2026-05-28T00:57:39.249755+09:00,60.0,1028141,2954,0,0,9762585,13269,15
DYwDPm8BGFK,cortis,CORTIS,2026-05-25T15:00:09+09:00,2026-05-28T00:57:39.249755+09:00,58.0,709402,5866,0,0,7121015,7518,17
DYwewv_hCXQ,cortis,CORTIS,2026-05-25T19:00:10+09:00,2026-05-28T00:57:39.249755+09:00,54.0,595532,2198,0,0,5863782,7516,6
DYw6QYchZob,cortis,CORTIS,2026-05-25T23:00:20+09:00,2026-05-28T00:57:39.249755+09:00,50.0,546187,1699,0,0,5641885,9104,6
DYyhLRGBeJj,cortis,CORTIS,2026-05-26T14:00:10+09:00,2026-05-28T00:57:39.249755+09:00,35.0,687655,3167,0,0,6230908,15798,32
DYy1z5EBY-t,cortis,CORTIS,2026-05-26T17:00:13+09:00,2026-05-28T00:57:39.249755+09:00,32.0,571834,1902,0,0,5822970,17888,28
DYze-AOBbrD,cortis,CORTIS,2026-05-26T23:00:17+09:00,2026-05-28T00:57:39.249755+09:00,26.0,1207692,6834,0,0,11310063,64588,208
DY0xg2mAUuj,cortis,CORTIS,2026-05-27T11:02:04+09:00,2026-05-28T00:57:39.249755+09:00,13.9,406799,2725,0,0,4104304,30489,103
DYt52NRt_OA,ald1.official,ALPHA DRIVE ONE,2026-05-24T19:01:24+09:00,2026-05-28T00:57:39.249755+09:00,77.9,92863,1426,0,0,1132345,8373,14
DYuAs2itYv9,ald1.official,ALPHA DRIVE ONE,2026-05-24T20:00:02+09:00,2026-05-28T00:57:39.249755+09:00,77.0,77642,1002,0,0,792128,982,4
DYuB4j9vNb4,ald1.official,ALPHA DRIVE ONE,2026-05-24T20:10:38+09:00,2026-05-28T00:57:39.249755+09:00,76.8,87840,792,0,0,884726,1016,0
DYuDGgDuopB,ald1.official,ALPHA DRIVE ONE,2026-05-24T20:21:08+09:00,2026-05-28T00:57:39.249755+09:00,76.6,106942,1317,0,0,1015659,1233,5
DYzA2KwsT90,ald1.official,ALPHA DRIVE ONE,2026-05-26T18:37:36+09:00,2026-05-28T00:57:39.249755+09:00,30.3,55077,672,0,0,628160,924,9
DYzBXCUM1k0,ald1.official,ALPHA DRIVE ONE,2026-05-26T18:42:08+09:00,2026-05-28T00:57:39.249755+09:00,30.3,86014,1248,0,0,1014268,5798,14
DYzCXiAwE36,ald1.official,ALPHA DRIVE ONE,2026-05-26T18:51:09+09:00,2026-05-28T00:57:39.249755+09:00,30.1,52062,515,0,0,539651,1223,19
DYzfCDRPsFS,ald1.official,ALPHA DRIVE ONE,2026-05-26T23:01:10+09:00,2026-05-28T00:57:39.249755+09:00,25.9,61290,618,0,0,519027,2974,20
DYzfnmWRJqA,ald1.official,ALPHA DRIVE ONE,2026-05-26T23:06:20+09:00,2026-05-28T00:57:39.249755+09:00,25.9,56863,482,0,0,525989,2460,48
DYzgGiFSoDG,ald1.official,ALPHA DRIVE ONE,2026-05-26T23:10:29+09:00,2026-05-28T00:57:39.249755+09:00,25.8,62060,1054,0,0,570118,2750,10
DYwlplSh3b-,axmxp_official,AxMxP,2026-05-25T20:00:12+09:00,2026-05-28T00:57:39.249755+09:00,53.0,3849,69,0,0,27063,59,0
DYt5-0bTkuM,lngshot4sho,LNGSHOT,2026-05-24T19:00:10+09:00,2026-05-28T00:57:39.249755+09:00,78.0,224752,1122,0,0,2118555,2971,8
DYvaGrnTwPu,lngshot4sho,LNGSHOT,2026-05-25T09:00:12+09:00,2026-05-28T00:57:39.249755+09:00,64.0,261350,2470,0,0,2096835,2662,15
DYvur9EzamY,lngshot4sho,LNGSHOT,2026-05-25T12:00:13+09:00,2026-05-28T00:57:39.249755+09:00,61.0,191034,1727,0,0,1566490,1795,8
DYwX6G9TNkA,lngshot4sho,LNGSHOT,2026-05-25T18:00:09+09:00,2026-05-28T00:57:39.249755+09:00,55.0,174244,1340,0,0,1407469,1789,10
DYx-2Olhyr6,lngshot4sho,LNGSHOT,2026-05-26T09:00:08+09:00,2026-05-28T00:57:39.249755+09:00,40.0,206494,1503,0,0,1604447,4058,8
DYyoJZhBqxz,lngshot4sho,LNGSHOT,2026-05-26T15:00:10+09:00,2026-05-28T00:57:39.249755+09:00,34.0,188674,1345,0,0,1491910,5144,15
DYy8ohJhEW8,lngshot4sho,LNGSHOT,2026-05-26T18:00:29+09:00,2026-05-28T00:57:39.249755+09:00,31.0,104759,529,0,0,944162,2181,12
DY04RyXzJ5a,lngshot4sho,LNGSHOT,2026-05-27T12:00:11+09:00,2026-05-28T00:57:39.249755+09:00,13.0,154839,1367,0,0,1213057,18640,122
DYvt_5mSNw2,yuhz_official,YUHZ,2026-05-25T12:00:08+09:00,2026-05-28T00:57:39.249755+09:00,61.0,2886,50,0,0,27148,40,0
DYwyG5Vy676,yuhz_official,YUHZ,2026-05-25T22:00:34+09:00,2026-05-28T00:57:39.249755+09:00,51.0,1092,23,0,0,12109,14,1
DYwDRP6ytTI,tunexx_official,TUNEXX,2026-05-25T15:00:10+09:00,2026-05-28T00:57:39.249755+09:00,58.0,4418,27,0,0,32518,38,0
DYwX9jYzXkI,thessyndrome_official,THE SSYNDROME,2026-05-25T18:02:08+09:00,2026-05-28T00:57:39.249755+09:00,54.9,239,3,0,0,1920,2,0
DYy7ry6zpvA,thessyndrome_official,THE SSYNDROME,2026-05-26T18:01:00+09:00,2026-05-28T00:57:39.249755+09:00,30.9,188,3,0,0,1980,3,1
DYt5-FARr1Z,nmixx_official,NMIXX,2026-05-24T19:00:09+09:00,2026-05-28T00:57:39.249755+09:00,78.0,207531,437,0,0,2064600,3931,4
DYweyS1BugI,nmixx_official,NMIXX,2026-05-25T19:00:10+09:00,2026-05-28T00:57:39.249755+09:00,54.0,88150,204,0,0,1011770,851,1
DYze_0MOnNK,nmixx_official,NMIXX,2026-05-26T23:04:20+09:00,2026-05-28T00:57:39.249755+09:00,25.9,201380,1068,0,0,1666039,11211,22
DYzieSvOwiw,nmixx_official,NMIXX,2026-05-26T23:31:22+09:00,2026-05-28T00:57:39.249755+09:00,25.4,52585,233,0,0,562276,1907,2
DYv8dWWvA5x,kiiras__official,KIIRAS,2026-05-25T14:01:50+09:00,2026-05-28T00:57:39.249755+09:00,58.9,1637,20,0,0,18804,17,0
DYyhlPqvc7M,kiiras__official,KIIRAS,2026-05-26T14:04:37+09:00,2026-05-28T00:57:39.249755+09:00,34.9,1994,16,0,0,20815,48,0
DYyoEbkpnV6,kiiras__official,KIIRAS,2026-05-26T15:00:10+09:00,2026-05-28T00:57:39.249755+09:00,34.0,2191,26,0,0,23692,55,3
DYytHmXvBEH,kiiras__official,KIIRAS,2026-05-26T15:47:41+09:00,2026-05-28T00:57:39.249755+09:00,33.2,6785,103,0,0,55167,256,1
DYyu5Mqv8qQ,kiiras__official,KIIRAS,2026-05-26T16:01:01+09:00,2026-05-28T00:57:39.249755+09:00,32.9,1389,13,0,0,21945,49,0
DYt2w49zNG5,smorz.official,SMORZ,2026-05-24T18:34:41+09:00,2026-05-28T00:57:39.249755+09:00,78.4,4726,8,0,0,79568,48,0
DYwYy_oyS5G,4x4crew_4x4studio,Afuture,2026-05-25T18:10:59+09:00,2026-05-28T00:57:39.249755+09:00,54.8,1277,30,0,0,177864,22,0
DYyTngwT3o8,4x4crew_4x4studio,Afuture,2026-05-26T08:00:24+09:00,2026-05-28T00:57:39.249755+09:00,41.0,158,4,0,0,5268,3,1
DYzSej5KBdT,4x4crew_4x4studio,Afuture,2026-05-26T21:11:41+09:00,2026-05-28T00:57:39.249755+09:00,27.8,249,3,0,0,12794,6,0
DYuHvjUBAL6,saythename_17,SEVENTEEN,2026-05-24T21:00:19+09:00,2026-05-28T00:57:39.249755+09:00,76.0,673452,6336,0,0,5965558,10217,55
DYwlntdBx8a,saythename_17,SEVENTEEN,2026-05-25T20:00:17+09:00,2026-05-28T00:57:39.249755+09:00,53.0,367357,2472,0,0,3563073,2680,1
DYwmwzOhssb,saythename_17,SEVENTEEN,2026-05-25T20:10:11+09:00,2026-05-28T00:57:39.249755+09:00,52.8,317847,1640,0,0,3132301,3402,5
DYvvSswhThT,bts.bighitofficial,BTS,2026-05-25T12:01:05+09:00,2026-05-28T00:57:39.249755+09:00,60.9,870530,3163,0,0,12191471,11045,74
DYzQ8CJzX6Y,realstraykids,Stray Kids,2026-05-26T20:58:04+09:00,2026-05-28T00:57:39.249755+09:00,28.0,1022982,8103,0,0,8478988,25088,131
DYv1hDNpdV_,zb1official,ZEROBASEONE,2026-05-25T13:00:51+09:00,2026-05-28T00:57:39.249755+09:00,59.9,62246,601,0,0,546705,349,3
DYwssnxpajy,zb1official,ZEROBASEONE,2026-05-25T21:02:50+09:00,2026-05-28T00:57:39.249755+09:00,51.9,43529,204,0,0,420020,406,1
DYyallZJ1EB,zb1official,ZEROBASEONE,2026-05-26T13:03:29+09:00,2026-05-28T00:57:39.249755+09:00,35.9,55202,316,0,0,477851,869,3
DYy8G1eJDzJ,zb1official,ZEROBASEONE,2026-05-26T17:59:21+09:00,2026-05-28T00:57:39.249755+09:00,31.0,68851,223,0,0,555582,1910,4
DYzfAOTpXXQ,zb1official,ZEROBASEONE,2026-05-26T23:02:30+09:00,2026-05-28T00:57:39.249755+09:00,25.9,71954,280,0,0,596019,2598,11
DYy8pgISdIT,plave_official,PLAVE,2026-05-26T18:00:25+09:00,2026-05-28T00:57:39.249755+09:00,31.0,37680,310,0,0,304474,958,2
DYzDj0Ryi9d,plave_official,PLAVE,2026-05-26T19:00:27+09:00,2026-05-28T00:57:39.249755+09:00,30.0,130724,2857,0,0,1262903,3575,30
DYvusruzE2V,riize_official,RIIZE,2026-05-25T12:01:13+09:00,2026-05-28T00:57:39.249755+09:00,60.9,143026,1647,0,0,1209527,1261,3
DYwX5aUTfhI,riize_official,RIIZE,2026-05-25T18:01:05+09:00,2026-05-28T00:57:39.249755+09:00,54.9,206741,1502,0,0,1558419,2395,6
DYwzYEsze0F,riize_official,RIIZE,2026-05-25T22:01:09+09:00,2026-05-28T00:57:39.249755+09:00,50.9,202113,1362,0,0,2055177,2280,4
DYxAvb9zgro,riize_official,RIIZE,2026-05-26T00:00:23+09:00,2026-05-28T00:57:39.249755+09:00,49.0,118438,2667,0,0,1547109,1212,5
DYyYJD1TdJ9,riize_official,RIIZE,2026-05-26T12:41:57+09:00,2026-05-28T00:57:39.249755+09:00,36.3,132011,1696,0,0,1324897,3370,20
DYzllMMTujI,riize_official,RIIZE,2026-05-27T00:00:22+09:00,2026-05-28T00:57:39.249755+09:00,25.0,154637,3846,0,0,1778214,5385,32
DYznXROTkZm,riize_official,RIIZE,2026-05-27T00:14:43+09:00,2026-05-28T00:57:39.249755+09:00,24.7,85150,1378,0,0,595859,3541,11
DYznr1oTPLa,riize_official,RIIZE,2026-05-27T00:17:33+09:00,2026-05-28T00:57:39.249755+09:00,24.7,79475,898,0,0,519368,4044,3
DYzodd9zzdq,riize_official,RIIZE,2026-05-27T00:25:01+09:00,2026-05-28T00:57:39.249755+09:00,24.5,74016,727,0,0,521033,4206,7
DYzpPyZzZOV,riize_official,RIIZE,2026-05-27T00:30:54+09:00,2026-05-28T00:57:39.249755+09:00,24.4,116467,1163,0,0,782885,5929,17
DY04R5hTfTP,riize_official,RIIZE,2026-05-27T12:01:05+09:00,2026-05-28T00:57:39.249755+09:00,12.9,176155,1344,0,0,1281799,23090,103
DYuHq5bSf01,boynextdoor_official,BOYNEXTDOOR,2026-05-24T21:00:10+09:00,2026-05-28T00:57:39.249755+09:00,76.0,126719,232,0,0,1008578,1146,2
DYv8Z-Ny_AE,boynextdoor_official,BOYNEXTDOOR,2026-05-25T14:00:08+09:00,2026-05-28T00:57:39.249755+09:00,59.0,301319,1202,0,0,3209330,4453,13
DYweuUpSHnC,boynextdoor_official,BOYNEXTDOOR,2026-05-25T19:00:11+09:00,2026-05-28T00:57:39.249755+09:00,54.0,107761,253,0,0,934311,788,1
DYwpA44yHod,boynextdoor_official,BOYNEXTDOOR,2026-05-25T20:30:54+09:00,2026-05-28T00:57:39.249755+09:00,52.4,92891,157,0,0,824401,756,1
DYw6OFjSxLH,boynextdoor_official,BOYNEXTDOOR,2026-05-25T22:04:16+09:00,2026-05-28T00:57:39.249755+09:00,50.9,102999,418,0,0,730672,847,1
DYyYsvxBX93,boynextdoor_official,BOYNEXTDOOR,2026-05-26T12:46:35+09:00,2026-05-28T00:57:39.249755+09:00,36.2,147143,751,0,0,1179002,2466,5
DYy3BtnPP5v,boynextdoor_official,BOYNEXTDOOR,2026-05-26T17:12:41+09:00,2026-05-28T00:57:39.249755+09:00,31.7,194044,615,0,0,1682215,4783,30
DYzGhI-PMif,boynextdoor_official,BOYNEXTDOOR,2026-05-26T19:30:24+09:00,2026-05-28T00:57:39.249755+09:00,29.5,92666,147,0,0,805067,2235,2
DYzH5XXv-YA,boynextdoor_official,BOYNEXTDOOR,2026-05-26T19:40:03+09:00,2026-05-28T00:57:39.249755+09:00,29.3,119680,389,0,0,1187649,2994,4
DYze-tzR1Q0,boynextdoor_official,BOYNEXTDOOR,2026-05-26T22:02:38+09:00,2026-05-28T00:57:39.249755+09:00,26.9,105406,486,0,0,697300,2690,4
DY07r_oSPyp,boynextdoor_official,BOYNEXTDOOR,2026-05-27T12:30:08+09:00,2026-05-28T00:57:39.249755+09:00,12.5,125870,937,0,0,1041364,12737,66
DY09e5MytZd,boynextdoor_official,BOYNEXTDOOR,2026-05-27T12:45:10+09:00,2026-05-28T00:57:39.249755+09:00,12.2,132839,852,0,0,1022347,14959,67
DYt4l61hcL8,tws_pledis,TWS,2026-05-24T18:49:08+09:00,2026-05-28T00:57:39.249755+09:00,78.1,193039,1972,0,0,1628282,2332,17
DYuA2MypraG,tws_pledis,TWS,2026-05-24T20:00:12+09:00,2026-05-28T00:57:39.249755+09:00,77.0,194371,635,0,0,1620109,3161,6
DYwsgATJZHC,tws_pledis,TWS,2026-05-25T21:00:33+09:00,2026-05-28T00:57:39.249755+09:00,52.0,112075,1500,0,0,864879,1920,8
DYwzVaVJp6b,tws_pledis,TWS,2026-05-25T22:00:16+09:00,2026-05-28T00:57:39.249755+09:00,51.0,125615,878,0,0,960711,1883,8
DYy2b9wJ-rR,tws_pledis,TWS,2026-05-26T17:03:59+09:00,2026-05-28T00:57:39.249755+09:00,31.9,73799,286,0,0,577001,1411,1
DYzKYDGJb1J,tws_pledis,TWS,2026-05-26T20:00:44+09:00,2026-05-28T00:57:39.249755+09:00,28.9,100951,718,0,0,706308,2533,2
DYzbmlIpLYs,tws_pledis,TWS,2026-05-26T22:30:13+09:00,2026-05-28T00:57:39.249755+09:00,26.5,88885,703,0,0,663678,4121,20
DYuHqMDTGui,official_monsta_x,MONSTA X,2026-05-24T21:00:11+09:00,2026-05-28T00:57:39.249755+09:00,76.0,23479,203,0,0,161215,302,1
DYvurKDuz8W,official_monsta_x,MONSTA X,2026-05-25T12:00:51+09:00,2026-05-28T00:57:39.249755+09:00,60.9,26374,284,0,0,230748,225,4
DYvyBiOOez-,official_monsta_x,MONSTA X,2026-05-25T12:30:11+09:00,2026-05-28T00:57:39.249755+09:00,60.5,11840,86,0,0,105253,104,1
DYv1c2_PMGJ,official_monsta_x,MONSTA X,2026-05-25T13:00:18+09:00,2026-05-28T00:57:39.249755+09:00,60.0,12329,150,0,0,173836,117,0
DYwDS_PT_Un,official_monsta_x,MONSTA X,2026-05-25T15:00:14+09:00,2026-05-28T00:57:39.249755+09:00,58.0,24614,236,0,0,267759,277,1
DYwKJQQTgce,official_monsta_x,MONSTA X,2026-05-25T16:00:13+09:00,2026-05-28T00:57:39.249755+09:00,57.0,16552,254,0,0,184708,101,0
DYwXVzoM3_6,aespa_official,aespa,2026-05-25T17:57:50+09:00,2026-05-28T00:57:39.249755+09:00,55.0,294613,698,0,0,3209426,2995,6
DYwa4NPMhg5,aespa_official,aespa,2026-05-25T18:28:51+09:00,2026-05-28T00:57:39.249755+09:00,54.5,264766,1365,0,0,3384535,2631,4
DYy2f1ysMh2,aespa_official,aespa,2026-05-26T17:07:05+09:00,2026-05-28T00:57:39.249755+09:00,31.8,135455,301,0,0,2327218,2409,3
DYy4yb8Mhmj,aespa_official,aespa,2026-05-26T17:30:14+09:00,2026-05-28T00:57:39.249755+09:00,31.5,123112,600,0,0,1591399,2670,7
DYy8pETstdC,aespa_official,aespa,2026-05-26T18:00:39+09:00,2026-05-28T00:57:39.249755+09:00,31.0,118221,710,0,0,1463012,2938,4
DYzAIwJsAUS,aespa_official,aespa,2026-05-26T18:31:16+09:00,2026-05-28T00:57:39.249755+09:00,30.4,191104,842,0,0,2696285,3952,5
DYzDQ1OMLuC,aespa_official,aespa,2026-05-26T19:00:32+09:00,2026-05-28T00:57:39.249755+09:00,30.0,176185,595,0,0,2972134,4276,8
DYwr64cS8BI,redvelvet.smtown,Red Velvet,2026-05-25T20:56:31+09:00,2026-05-28T00:57:39.249755+09:00,52.0,57659,284,0,0,526677,786,2
DYv0xBlgg83,babymonster_ygofficial,BABYMONSTER,2026-05-25T13:00:05+09:00,2026-05-28T00:57:39.249755+09:00,60.0,257046,1119,0,0,3833940,3927,13
DYuH0KLSbYi,le_sserafim,LE SSERAFIM,2026-05-24T21:00:11+09:00,2026-05-28T00:57:39.249755+09:00,76.0,393833,641,0,0,6729255,8823,5
DYvTFamxK45,le_sserafim,LE SSERAFIM,2026-05-25T07:59:53+09:00,2026-05-28T00:57:39.249755+09:00,65.0,34706,262,0,0,816687,254,8
DYv-LxqSs5y,le_sserafim,LE SSERAFIM,2026-05-25T14:15:29+09:00,2026-05-28T00:57:39.249755+09:00,58.7,81705,178,0,0,1238420,479,0
DYv_8yjyQCw,le_sserafim,LE SSERAFIM,2026-05-25T14:29:54+09:00,2026-05-28T00:57:39.249755+09:00,58.5,99859,213,0,0,1253134,641,1
DYwKSYWyyAZ,le_sserafim,LE SSERAFIM,2026-05-25T16:00:09+09:00,2026-05-28T00:57:39.249755+09:00,57.0,158197,256,0,0,1597444,1721,2
DYwK00IyQzg,le_sserafim,LE SSERAFIM,2026-05-25T16:05:02+09:00,2026-05-28T00:57:39.249755+09:00,56.9,119346,331,0,0,1294228,1702,3
DYwL9iuyg-1,le_sserafim,LE SSERAFIM,2026-05-25T16:10:02+09:00,2026-05-28T00:57:39.249755+09:00,56.8,129440,381,0,0,1604829,1511,6
DYwL59yy7Mw,le_sserafim,LE SSERAFIM,2026-05-25T16:14:59+09:00,2026-05-28T00:57:39.249755+09:00,56.7,130886,312,0,0,1430814,1540,4
DYwMnJbyOJY,le_sserafim,LE SSERAFIM,2026-05-25T16:19:59+09:00,2026-05-28T00:57:39.249755+09:00,56.6,123155,380,0,0,1714899,1036,2
DYwRBxryvsK,le_sserafim,LE SSERAFIM,2026-05-25T16:59:56+09:00,2026-05-28T00:57:39.249755+09:00,56.0,179528,475,0,0,1620660,1617,2
DYwdnbcPm61,le_sserafim,LE SSERAFIM,2026-05-25T19:00:15+09:00,2026-05-28T00:57:39.249755+09:00,54.0,113049,135,0,0,1637855,2535,3
DYwiQvESCM5,le_sserafim,LE SSERAFIM,2026-05-25T19:29:55+09:00,2026-05-28T00:57:39.249755+09:00,53.5,193497,230,0,0,2975819,2084,3
DYw0CKeSH5x,le_sserafim,LE SSERAFIM,2026-05-25T22:00:50+09:00,2026-05-28T00:57:39.249755+09:00,50.9,630860,1228,0,0,5560809,12581,23
DYw214kSyRX,le_sserafim,LE SSERAFIM,2026-05-25T22:29:56+09:00,2026-05-28T00:57:39.249755+09:00,50.5,348389,546,0,0,4649605,9664,6
DYw4gMNSkID,le_sserafim,LE SSERAFIM,2026-05-25T22:45:19+09:00,2026-05-28T00:57:39.249755+09:00,50.2,183020,286,0,0,2340241,1787,2
DYy0IGgSbGO,le_sserafim,LE SSERAFIM,2026-05-26T16:29:56+09:00,2026-05-28T00:57:39.249755+09:00,32.5,134691,184,0,0,3411082,4114,2
DYy1p7DI0so,le_sserafim,LE SSERAFIM,2026-05-26T16:59:58+09:00,2026-05-28T00:57:39.249755+09:00,32.0,74844,182,0,0,1076496,1653,2
DYy80zqSySQ,le_sserafim,LE SSERAFIM,2026-05-26T17:45:16+09:00,2026-05-28T00:57:39.249755+09:00,31.2,47825,103,0,0,679733,1144,7
DYzAzImydR2,le_sserafim,LE SSERAFIM,2026-05-26T18:29:58+09:00,2026-05-28T00:57:39.249755+09:00,30.5,116542,288,0,0,1909145,2418,8
DYzDsz0SbLU,le_sserafim,LE SSERAFIM,2026-05-26T18:59:58+09:00,2026-05-28T00:57:39.249755+09:00,30.0,90383,105,0,0,1681280,2422,1
DYzHFxYJE22,le_sserafim,LE SSERAFIM,2026-05-26T19:35:41+09:00,2026-05-28T00:57:39.249755+09:00,29.4,223958,575,0,0,2482263,7759,7
DYzNVdbBcCJ,le_sserafim,LE SSERAFIM,2026-05-26T20:30:04+09:00,2026-05-28T00:57:39.249755+09:00,28.5,61122,82,0,0,758658,2685,8
DYzRXAcSonT,le_sserafim,LE SSERAFIM,2026-05-26T20:59:58+09:00,2026-05-28T00:57:39.249755+09:00,28.0,65280,140,0,0,952573,1874,2
DYzU0Gjyhlu,le_sserafim,LE SSERAFIM,2026-05-26T21:29:53+09:00,2026-05-28T00:57:39.249755+09:00,27.5,135013,277,0,0,1496793,4685,3
DYzYyS0SiXt,le_sserafim,LE SSERAFIM,2026-05-26T22:00:53+09:00,2026-05-28T00:57:39.249755+09:00,26.9,191038,448,0,0,2102511,5443,3
DYz6f11p78H,le_sserafim,LE SSERAFIM,2026-05-27T03:02:17+09:00,2026-05-28T00:57:39.249755+09:00,21.9,84098,152,0,0,1485542,10408,11
DYuA0BazfzJ,illit_official,ILLIT,2026-05-24T20:00:09+09:00,2026-05-28T00:57:39.249755+09:00,77.0,172088,759,0,0,1915876,2753,7
DYv8aPtTCZp,illit_official,ILLIT,2026-05-25T14:00:12+09:00,2026-05-28T00:57:39.249755+09:00,59.0,97132,256,0,0,1115045,1712,0
DYy8u6nzSc1,illit_official,ILLIT,2026-05-26T18:00:12+09:00,2026-05-28T00:57:39.249755+09:00,31.0,208025,559,0,0,2518053,6131,8
DYzRUlPzDKr,illit_official,ILLIT,2026-05-26T21:00:49+09:00,2026-05-28T00:57:39.249755+09:00,27.9,70191,240,0,0,1063391,2985,8
DYuHs6sJCpR,officialfromis_9,fromis_9,2026-05-24T21:00:19+09:00,2026-05-28T00:57:39.249755+09:00,76.0,21841,78,0,0,531015,171,0
DYwseqApaaf,officialfromis_9,fromis_9,2026-05-25T21:00:27+09:00,2026-05-28T00:57:39.249755+09:00,52.0,24749,87,0,0,431407,229,0
DYzG7p8zt9s,wooah_nv,WOOAH,2026-05-26T19:30:16+09:00,2026-05-28T00:57:39.249755+09:00,29.5,6885,79,0,0,79170,250,3
DYt6BG9vDHF,billlie.official,Billlie,2026-05-24T19:00:10+09:00,2026-05-28T00:57:39.249755+09:00,78.0,12202,88,0,0,198805,137,0
DYuEP1XPnti,billlie.official,Billlie,2026-05-24T20:30:08+09:00,2026-05-28T00:57:39.249755+09:00,76.5,24298,133,0,0,537891,298,0
DYwKH84RjPB,billlie.official,Billlie,2026-05-25T16:00:09+09:00,2026-05-28T00:57:39.249755+09:00,57.0,7345,42,0,0,74408,92,0
DYwQ-SmxQRm,billlie.official,Billlie,2026-05-25T17:00:11+09:00,2026-05-28T00:57:39.249755+09:00,56.0,8408,27,0,0,144859,127,0
DYwpAUXPDOD,billlie.official,Billlie,2026-05-25T20:30:09+09:00,2026-05-28T00:57:39.249755+09:00,52.5,26839,105,0,0,248081,369,0
DYwseIwv_0V,billlie.official,Billlie,2026-05-25T21:00:12+09:00,2026-05-28T00:57:39.249755+09:00,52.0,24064,231,0,0,181434,504,1
DYyhz4IPrR-,billlie.official,Billlie,2026-05-26T14:06:28+09:00,2026-05-28T00:57:39.249755+09:00,34.9,7459,50,0,0,87975,224,0
DYyoIUsvvPk,billlie.official,Billlie,2026-05-26T15:00:10+09:00,2026-05-28T00:57:39.249755+09:00,34.0,8692,28,0,0,147309,207,0
DYzALZFx6bc,billlie.official,Billlie,2026-05-26T18:30:10+09:00,2026-05-28T00:57:39.249755+09:00,30.5,4601,27,0,0,82494,177,1
DYzG-33vbcR,billlie.official,Billlie,2026-05-26T19:30:11+09:00,2026-05-28T00:57:39.249755+09:00,29.5,3364,14,0,0,43964,107,0
DYzN2rfPIxF,billlie.official,Billlie,2026-05-26T20:30:11+09:00,2026-05-28T00:57:39.249755+09:00,28.5,11603,56,0,0,121029,638,2
DYzYPexvT3A,billlie.official,Billlie,2026-05-26T22:02:46+09:00,2026-05-28T00:57:39.249755+09:00,26.9,6282,38,0,0,64769,168,1
DYt5rvvPWDo,qwerband_official,QWER,2026-05-24T19:00:41+09:00,2026-05-28T00:57:39.249755+09:00,77.9,21981,130,0,0,216951,359,0
DYt6Drkv1pW,qwerband_official,QWER,2026-05-24T19:04:01+09:00,2026-05-28T00:57:39.249755+09:00,77.9,15704,109,0,0,170960,217,0
DYt6WGcPd2d,qwerband_official,QWER,2026-05-24T19:05:32+09:00,2026-05-28T00:57:39.249755+09:00,77.9,13358,103,0,0,149592,171,0
DYt6ZI2P8-s,qwerband_official,QWER,2026-05-24T19:06:21+09:00,2026-05-28T00:57:39.249755+09:00,77.9,11085,119,0,0,162329,155,0
DYwDjdSPW8m,qwerband_official,QWER,2026-05-25T15:03:26+09:00,2026-05-28T00:57:39.249755+09:00,57.9,16812,118,0,0,341105,164,1
DYvujyQp50e,lun8_official,LUN8,2026-05-25T12:00:09+09:00,2026-05-28T00:57:39.249755+09:00,61.0,14507,308,0,0,96994,207,0
DYyTdCdSLwP,lun8_official,LUN8,2026-05-26T12:00:52+09:00,2026-05-28T00:57:39.249755+09:00,36.9,2781,32,0,0,21827,50,0
DY04H5IyJhx,lun8_official,LUN8,2026-05-27T12:00:00+09:00,2026-05-28T00:57:39.249755+09:00,13.0,1696,44,0,0,17512,163,3
DYzDm4gBw2r,official_oneus,ONEUS,2026-05-26T19:01:08+09:00,2026-05-28T00:57:39.249755+09:00,29.9,9996,91,0,0,93492,237,2
DYt0D1cROZV,s2it_official,S2IT,2026-05-24T18:09:28+09:00,2026-05-28T00:57:39.249755+09:00,78.8,1023,32,0,0,23442,14,0
DYwDOcGRt2N,s2it_official,S2IT,2026-05-25T15:00:24+09:00,2026-05-28T00:57:39.249755+09:00,58.0,726,23,0,0,17252,0,0
DYw6NmSzPVD,s2it_official,S2IT,2026-05-25T23:00:59+09:00,2026-05-28T00:57:39.249755+09:00,49.9,1250,33,0,0,23751,130,0
DYyhQ2CPwdt,tpst__official,TEMPEST,2026-05-26T14:00:09+09:00,2026-05-28T00:57:39.249755+09:00,35.0,2096,24,0,0,14534,64,0
DYzKagAv3nz,tpst__official,TEMPEST,2026-05-26T20:00:43+09:00,2026-05-28T00:57:39.249755+09:00,28.9,15200,180,0,0,134555,1033,18
DYv1h0QB_qR,wearedrippin,DRIPPIN,2026-05-25T13:00:09+09:00,2026-05-28T00:57:39.249755+09:00,60.0,1690,14,0,0,19322,9,0
DYwbTaXBioV,wearedrippin,DRIPPIN,2026-05-25T18:30:09+09:00,2026-05-28T00:57:39.249755+09:00,54.5,1197,7,0,0,12949,3,0
DYwzTqzhHPE,wearedrippin,DRIPPIN,2026-05-25T22:00:16+09:00,2026-05-28T00:57:39.249755+09:00,51.0,1393,53,0,0,14587,20,0
DYyThkUB7ZC,wearedrippin,DRIPPIN,2026-05-26T12:00:10+09:00,2026-05-28T00:57:39.249755+09:00,37.0,1192,11,0,0,12927,27,1
DYybjIBh4cO,wearedrippin,DRIPPIN,2026-05-26T12:49:09+09:00,2026-05-28T00:57:39.249755+09:00,36.1,2141,23,0,0,24440,35,0
DYyaVeVBJ5t,wearedrippin,DRIPPIN,2026-05-26T13:00:10+09:00,2026-05-28T00:57:39.249755+09:00,36.0,981,13,0,0,10140,22,0
DYyhPhShoVV,wearedrippin,DRIPPIN,2026-05-26T14:00:11+09:00,2026-05-28T00:57:39.249755+09:00,35.0,903,7,0,0,9504,24,0
DYzHRCuRhhO,wearedrippin,DRIPPIN,2026-05-26T19:34:53+09:00,2026-05-28T00:57:39.249755+09:00,29.4,677,4,0,0,8679,11,0
DYzN4m-Btvw,wearedrippin,DRIPPIN,2026-05-26T20:01:49+09:00,2026-05-28T00:57:39.249755+09:00,28.9,687,4,0,0,6358,16,0
DYzOcu4hBr1,wearedrippin,DRIPPIN,2026-05-26T20:02:24+09:00,2026-05-28T00:57:39.249755+09:00,28.9,1121,12,0,0,10672,43,0
DYzYIwHBKL5,wearedrippin,DRIPPIN,2026-05-26T22:00:19+09:00,2026-05-28T00:57:39.249755+09:00,27.0,916,5,0,0,10409,28,0
DYvze51SLny,wena_official_,We;Na,2026-05-25T12:43:25+09:00,2026-05-28T00:57:39.249755+09:00,60.2,468,12,0,0,9306,2,1
DYy7VQpS5wt,wena_official_,We;Na,2026-05-26T17:49:35+09:00,2026-05-28T00:57:39.249755+09:00,31.1,480,13,0,0,9721,12,0
DYt6C0EBzSz,kiiikiii.official,KiiiKiii,2026-05-24T19:00:49+09:00,2026-05-28T00:57:39.249755+09:00,77.9,36349,79,0,0,629292,534,0
DYzKfjghjFZ,kiiikiii.official,KiiiKiii,2026-05-26T20:00:20+09:00,2026-05-28T00:57:39.249755+09:00,29.0,96929,243,0,0,1066897,5254,10
DYwpfHry3bN,official_burvey,Burvey,2026-05-25T20:34:40+09:00,2026-05-28T00:57:39.249755+09:00,52.4,362,14,0,0,7773,9,0
DYzRPh2ToBt,official.irise,IRISÉ,2026-05-26T21:00:08+09:00,2026-05-28T00:57:39.249755+09:00,28.0,982,7,0,0,9378,28,0
DYy8YBAhY9H,we_fiftyfifty,FIFTY FIFTY,2026-05-26T18:00:04+09:00,2026-05-28T00:57:39.249755+09:00,31.0,12812,145,0,0,192223,486,-2
DYthuaQvrSi,ivestarship,IVE,2026-05-24T15:29:43+09:00,2026-05-28T03:57:38.964908+09:00,84.5,131247,465,0,0,1774774,1091,2
DYtlX1jRDvE,ivestarship,IVE,2026-05-24T16:00:10+09:00,2026-05-28T03:57:38.964908+09:00,84.0,138063,313,0,0,1680119,1508,1
DYuOjHDRZZS,ivestarship,IVE,2026-05-24T22:00:11+09:00,2026-05-28T03:57:38.964908+09:00,78.0,165237,700,0,0,2194892,1851,5
DYuV71EviWk,ivestarship,IVE,2026-05-24T23:07:16+09:00,2026-05-28T03:57:38.964908+09:00,76.8,75153,348,0,0,781628,938,3
DYwRDXOx8BN,ivestarship,IVE,2026-05-25T17:00:08+09:00,2026-05-28T03:57:38.964908+09:00,59.0,125682,340,0,0,1503023,581,1
DYwsLC4v2Vo,ivestarship,IVE,2026-05-25T20:59:18+09:00,2026-05-28T03:57:38.964908+09:00,55.0,122442,370,0,0,1513636,549,2
DYyu6H6BPt-,ivestarship,IVE,2026-05-26T16:00:12+09:00,2026-05-28T03:57:38.964908+09:00,36.0,103490,352,0,0,1023523,903,3
DY04S4PyXtn,wjsn_cosmic,WJSN,2026-05-27T12:00:09+09:00,2026-05-28T03:57:38.964908+09:00,16.0,5521,98,0,0,41627,197,0
DYwzU8PPxhn,sa2m2nam3,SMN,2026-05-25T22:00:00+09:00,2026-05-28T03:57:38.964908+09:00,54.0,11209,111,0,0,98582,62,1
DYy8uCsT34v,we.madein.u,MADEIN,2026-05-26T18:00:08+09:00,2026-05-28T03:57:38.964908+09:00,34.0,1968,18,0,0,80823,10,0
DYy13iIB-0p,ifeye_official,ifeye,2026-05-26T17:00:13+09:00,2026-05-28T03:57:38.964908+09:00,35.0,2268,13,0,0,24180,23,0
DYy8roAB7e3,ifeye_official,ifeye,2026-05-26T18:00:10+09:00,2026-05-28T03:57:38.964908+09:00,34.0,4600,36,0,0,39597,69,1
DYy9O8lByMI,ifeye_official,ifeye,2026-05-26T18:05:08+09:00,2026-05-28T03:57:38.964908+09:00,33.9,3429,25,0,0,31911,40,0
DYzlLGhpVO_,xodiacofficial,XODIAC,2026-05-26T23:59:25+09:00,2026-05-28T03:57:38.964908+09:00,28.0,9264,605,0,0,123263,68,0
DYwlpXVvyEv,82major_official,82MAJOR,2026-05-25T18:59:37+09:00,2026-05-28T03:57:38.964908+09:00,57.0,10451,53,0,0,80397,63,0
DYwlmzovAsP,82major_official,82MAJOR,2026-05-25T20:00:11+09:00,2026-05-28T03:57:38.964908+09:00,56.0,40516,140,,0,371952,314,0
DYy8ouIPXvl,82major_official,82MAJOR,2026-05-26T18:00:28+09:00,2026-05-28T03:57:38.964908+09:00,34.0,7396,39,0,0,54966,83,0
DYzDgEMPQzb,82major_official,82MAJOR,2026-05-26T19:00:10+09:00,2026-05-28T03:57:38.964908+09:00,33.0,4382,38,0,0,40821,53,0
DYwXqqDTRI7,thewind.official,The Wind,2026-05-25T18:00:18+09:00,2026-05-28T03:57:38.964908+09:00,58.0,8271,54,0,0,54113,210,0
DYwEsswx-RQ,dxmon_hm,DXMON,2026-05-25T15:13:24+09:00,2026-05-28T03:57:38.964908+09:00,60.7,1812,18,0,0,29341,6,0
DYwZFmtRyhR,dxmon_hm,DXMON,2026-05-25T18:12:01+09:00,2026-05-28T03:57:38.964908+09:00,57.8,593,17,0,0,5040,3,0
DYyrf9tz7IC,dxmon_hm,DXMON,2026-05-26T15:30:12+09:00,2026-05-28T03:57:38.964908+09:00,36.5,1112,26,0,0,7711,26,0
DYtXpuayiPV,xikers_official,xikers,2026-05-24T14:00:09+09:00,2026-05-28T03:57:38.964908+09:00,86.0,17381,187,0,0,120386,70,1
DYtlXbPShwN,xikers_official,xikers,2026-05-24T16:00:11+09:00,2026-05-28T03:57:38.964908+09:00,84.0,8644,46,0,0,162207,126,0
DYuHqmIyN-x,xikers_official,xikers,2026-05-24T21:00:18+09:00,2026-05-28T03:57:38.964908+09:00,79.0,14467,135,0,0,84319,133,0
DYuVbmYT0h-,xikers_official,xikers,2026-05-24T23:01:12+09:00,2026-05-28T03:57:38.964908+09:00,76.9,10363,87,0,0,61198,77,1
DYwKN7OScBk,xikers_official,xikers,2026-05-25T16:00:10+09:00,2026-05-28T03:57:38.964908+09:00,60.0,8552,63,0,0,116491,77,0
DYwREASyvPh,xikers_official,xikers,2026-05-25T17:00:11+09:00,2026-05-28T03:57:38.964908+09:00,59.0,24453,70,0,0,180733,111,1
DYwlk2CSWC9,xikers_official,xikers,2026-05-25T20:00:14+09:00,2026-05-28T03:57:38.964908+09:00,56.0,15994,59,0,0,102563,78,0
DYwsiCZye8-,xikers_official,xikers,2026-05-25T21:00:11+09:00,2026-05-28T03:57:38.964908+09:00,55.0,10579,103,0,0,70477,66,2
DYwzXfEyJUG,xikers_official,xikers,2026-05-25T22:00:16+09:00,2026-05-28T03:57:38.964908+09:00,54.0,13842,64,0,0,111002,80,0
DYyW6w0SeZ6,xikers_official,xikers,2026-05-26T12:30:10+09:00,2026-05-28T03:57:38.964908+09:00,39.5,11346,96,0,0,78974,94,0
DYyd04nyn6t,xikers_official,xikers,2026-05-26T13:30:09+09:00,2026-05-28T03:57:38.964908+09:00,38.5,8007,34,0,0,57297,81,0
DYyybv2yxId,xikers_official,xikers,2026-05-26T16:30:12+09:00,2026-05-28T03:57:38.964908+09:00,35.5,7444,65,0,0,50889,57,0
DYzDklHSslc,xikers_official,xikers,2026-05-26T19:00:09+09:00,2026-05-28T03:57:38.964908+09:00,33.0,8103,64,0,0,54786,93,1
DYzRPtlyTBd,xikers_official,xikers,2026-05-26T21:00:09+09:00,2026-05-28T03:57:38.964908+09:00,31.0,6735,42,0,0,47796,60,0
DY0xZ8PS-t9,xikers_official,xikers,2026-05-27T11:00:12+09:00,2026-05-28T03:57:38.964908+09:00,17.0,26415,212,0,0,166238,1606,11
DY0_HrJy0yy,xikers_official,xikers,2026-05-27T13:00:12+09:00,2026-05-28T03:57:38.964908+09:00,15.0,28261,620,0,0,196179,2953,36
DYvuuKfjzwF,official.dkb,DKB,2026-05-25T12:01:14+09:00,2026-05-28T03:57:38.964908+09:00,63.9,1517,9,0,0,17313,5,0
DYwot1HTqLb,official.dkb,DKB,2026-05-25T20:28:36+09:00,2026-05-28T03:57:38.964908+09:00,55.5,1509,17,0,0,16058,7,0
DYwNlbVTlx_,close.your.eyes.official,CLOSE YOUR EYES,2026-05-25T16:30:11+09:00,2026-05-28T03:57:38.964908+09:00,59.5,7371,69,0,0,66755,43,14
DYwsia1zrY5,close.your.eyes.official,CLOSE YOUR EYES,2026-05-25T21:00:30+09:00,2026-05-28T03:57:38.964908+09:00,55.0,13600,142,0,0,111821,90,0
DYuKYlCJfhx,idid_starship,IDID,2026-05-24T21:30:03+09:00,2026-05-28T03:57:38.964908+09:00,78.5,9676,71,0,0,92961,116,0
DYuLHJZJX-l,idid_starship,IDID,2026-05-24T21:30:53+09:00,2026-05-28T03:57:38.964908+09:00,78.4,5372,51,0,0,53414,87,0
DYuLNtGJRPA,idid_starship,IDID,2026-05-24T21:31:49+09:00,2026-05-28T03:57:38.964908+09:00,78.4,6086,56,0,0,65700,97,1
DYuLUnop2VD,idid_starship,IDID,2026-05-24T21:32:40+09:00,2026-05-28T03:57:38.964908+09:00,78.4,4862,28,0,0,50722,100,1
DYuLa5OJEBE,idid_starship,IDID,2026-05-24T21:33:31+09:00,2026-05-28T03:57:38.964908+09:00,78.4,7883,50,0,0,78577,113,0
DYuLhIZJc0X,idid_starship,IDID,2026-05-24T21:34:20+09:00,2026-05-28T03:57:38.964908+09:00,78.4,6602,56,0,0,65614,119,1
DYuLohyJu-e,idid_starship,IDID,2026-05-24T21:35:21+09:00,2026-05-28T03:57:38.964908+09:00,78.4,8808,77,0,0,83760,169,0
DYwvPpVJ5Ra,idid_starship,IDID,2026-05-25T21:30:03+09:00,2026-05-28T03:57:38.964908+09:00,54.5,16635,163,0,0,176744,74,1
DYzUJ6FJuVF,idid_starship,IDID,2026-05-26T21:30:04+09:00,2026-05-28T03:57:38.964908+09:00,30.5,17193,92,0,0,146987,620,0
DYtsReLBu1Y,cortis,CORTIS,2026-05-24T17:00:09+09:00,2026-05-28T03:57:38.964908+09:00,83.0,639978,3505,0,0,5583340,7800,16
DYuVeMlBxXI,cortis,CORTIS,2026-05-24T23:00:07+09:00,2026-05-28T03:57:38.964908+09:00,77.0,691045,3420,0,0,6011039,9366,22
DYv2uN5BqWY,cortis,CORTIS,2026-05-25T13:00:04+09:00,2026-05-28T03:57:38.964908+09:00,63.0,1033288,2958,0,0,9809033,5147,4
DYwDPm8BGFK,cortis,CORTIS,2026-05-25T15:00:09+09:00,2026-05-28T03:57:38.964908+09:00,61.0,712429,5875,0,0,7149619,3027,9
DYwewv_hCXQ,cortis,CORTIS,2026-05-25T19:00:10+09:00,2026-05-28T03:57:38.964908+09:00,57.0,598484,2203,0,0,5889981,2952,5
DYw6QYchZob,cortis,CORTIS,2026-05-25T23:00:20+09:00,2026-05-28T03:57:38.964908+09:00,53.0,549435,1699,0,0,5668916,3248,0
DYyhLRGBeJj,cortis,CORTIS,2026-05-26T14:00:10+09:00,2026-05-28T03:57:38.964908+09:00,38.0,693583,3178,0,0,6275495,5928,11
DYy1z5EBY-t,cortis,CORTIS,2026-05-26T17:00:13+09:00,2026-05-28T03:57:38.964908+09:00,35.0,578412,1907,0,0,5877686,6578,5
DYze-AOBbrD,cortis,CORTIS,2026-05-26T23:00:17+09:00,2026-05-28T03:57:38.964908+09:00,29.0,1228542,6909,0,0,11490438,20850,75
DY0xg2mAUuj,cortis,CORTIS,2026-05-27T11:02:04+09:00,2026-05-28T03:57:38.964908+09:00,16.9,417331,2749,0,0,4268100,10532,24
DYucTcQl-JK,ald1.official,ALPHA DRIVE ONE,2026-05-25T00:01:12+09:00,2026-05-28T03:57:38.964908+09:00,75.9,76549,2149,0,0,835736,366,1
DYzA2KwsT90,ald1.official,ALPHA DRIVE ONE,2026-05-26T18:37:36+09:00,2026-05-28T03:57:38.964908+09:00,33.3,55315,673,0,0,631198,238,1
DYzBXCUM1k0,ald1.official,ALPHA DRIVE ONE,2026-05-26T18:42:08+09:00,2026-05-28T03:57:38.964908+09:00,33.3,89808,1261,0,0,1162424,3794,13
DYzCXiAwE36,ald1.official,ALPHA DRIVE ONE,2026-05-26T18:51:09+09:00,2026-05-28T03:57:38.964908+09:00,33.1,52351,519,0,0,542505,289,4
DYzfCDRPsFS,ald1.official,ALPHA DRIVE ONE,2026-05-26T23:01:10+09:00,2026-05-28T03:57:38.964908+09:00,28.9,61975,620,0,0,523777,685,2
DYzfnmWRJqA,ald1.official,ALPHA DRIVE ONE,2026-05-26T23:06:20+09:00,2026-05-28T03:57:38.964908+09:00,28.9,57375,485,0,0,530348,512,3
DYzgGiFSoDG,ald1.official,ALPHA DRIVE ONE,2026-05-26T23:10:29+09:00,2026-05-28T03:57:38.964908+09:00,28.8,62652,1056,0,0,575202,592,2
DYwlplSh3b-,axmxp_official,AxMxP,2026-05-25T20:00:12+09:00,2026-05-28T03:57:38.964908+09:00,56.0,3864,69,0,0,27214,15,0
DYuHuN4zWVy,lngshot4sho,LNGSHOT,2026-05-24T21:00:21+09:00,2026-05-28T03:57:38.964908+09:00,79.0,231882,858,0,0,2003318,3358,0
DYvaGrnTwPu,lngshot4sho,LNGSHOT,2026-05-25T09:00:12+09:00,2026-05-28T03:57:38.964908+09:00,67.0,262628,2475,0,0,2105274,1278,5
DYvur9EzamY,lngshot4sho,LNGSHOT,2026-05-25T12:00:13+09:00,2026-05-28T03:57:38.964908+09:00,64.0,191928,1732,0,0,1572225,894,5
DYwX6G9TNkA,lngshot4sho,LNGSHOT,2026-05-25T18:00:09+09:00,2026-05-28T03:57:38.964908+09:00,58.0,175181,1342,0,0,1413515,937,2
DYx-2Olhyr6,lngshot4sho,LNGSHOT,2026-05-26T09:00:08+09:00,2026-05-28T03:57:38.964908+09:00,43.0,208495,1511,0,0,1615042,2001,8
DYyoJZhBqxz,lngshot4sho,LNGSHOT,2026-05-26T15:00:10+09:00,2026-05-28T03:57:38.964908+09:00,37.0,191153,1348,0,0,1507154,2479,3
DYy8ohJhEW8,lngshot4sho,LNGSHOT,2026-05-26T18:00:29+09:00,2026-05-28T03:57:38.964908+09:00,34.0,105831,529,0,0,951366,1072,0
DY04RyXzJ5a,lngshot4sho,LNGSHOT,2026-05-27T12:00:11+09:00,2026-05-28T03:57:38.964908+09:00,16.0,162846,1397,0,0,1301800,8007,30
DYtsMqmBUOO,yuhz_official,YUHZ,2026-05-24T17:00:11+09:00,2026-05-28T03:57:38.964908+09:00,83.0,5328,61,0,0,60483,67,0
DYvt_5mSNw2,yuhz_official,YUHZ,2026-05-25T12:00:08+09:00,2026-05-28T03:57:38.964908+09:00,64.0,2915,50,0,0,27337,29,0
DYwyG5Vy676,yuhz_official,YUHZ,2026-05-25T22:00:34+09:00,2026-05-28T03:57:38.964908+09:00,54.0,1099,23,0,0,12165,7,0
DYwDRP6ytTI,tunexx_official,TUNEXX,2026-05-25T15:00:10+09:00,2026-05-28T03:57:38.964908+09:00,61.0,4438,27,0,0,32668,20,0
DYwX9jYzXkI,thessyndrome_official,THE SSYNDROME,2026-05-25T18:02:08+09:00,2026-05-28T03:57:38.964908+09:00,57.9,239,3,0,0,1938,0,0
DYy7ry6zpvA,thessyndrome_official,THE SSYNDROME,2026-05-26T18:01:00+09:00,2026-05-28T03:57:38.964908+09:00,33.9,190,3,0,0,2008,2,0
DYtbCW_hUr7,nmixx_official,NMIXX,2026-05-24T14:30:10+09:00,2026-05-28T03:57:38.964908+09:00,85.5,167957,417,0,0,1873228,1570,-1
DYweyS1BugI,nmixx_official,NMIXX,2026-05-25T19:00:10+09:00,2026-05-28T03:57:38.964908+09:00,57.0,88378,205,0,0,1014743,228,1
DYze_0MOnNK,nmixx_official,NMIXX,2026-05-26T23:04:20+09:00,2026-05-28T03:57:38.964908+09:00,28.9,205032,1078,0,0,1694593,3652,10
DYzieSvOwiw,nmixx_official,NMIXX,2026-05-26T23:31:22+09:00,2026-05-28T03:57:38.964908+09:00,28.4,53101,234,0,0,567695,516,1
DYtXhfJvKUp,kiiras__official,KIIRAS,2026-05-24T14:00:27+09:00,2026-05-28T03:57:38.964908+09:00,86.0,2356,16,0,0,26381,28,0
DYtlM6zPlV4,kiiras__official,KIIRAS,2026-05-24T16:00:12+09:00,2026-05-28T03:57:38.964908+09:00,84.0,5021,55,0,0,56441,61,1
DYv8dWWvA5x,kiiras__official,KIIRAS,2026-05-25T14:01:50+09:00,2026-05-28T03:57:38.964908+09:00,61.9,1642,20,0,0,18867,5,0
DYyhlPqvc7M,kiiras__official,KIIRAS,2026-05-26T14:04:37+09:00,2026-05-28T03:57:38.964908+09:00,37.9,2014,16,0,0,20960,20,0
DYyoEbkpnV6,kiiras__official,KIIRAS,2026-05-26T15:00:10+09:00,2026-05-28T03:57:38.964908+09:00,37.0,2217,26,0,0,23881,26,0
DYytHmXvBEH,kiiras__official,KIIRAS,2026-05-26T15:47:41+09:00,2026-05-28T03:57:38.964908+09:00,36.2,6880,104,0,0,55879,95,1
DYyu5Mqv8qQ,kiiras__official,KIIRAS,2026-05-26T16:01:01+09:00,2026-05-28T03:57:38.964908+09:00,35.9,1407,13,0,0,22204,18,0
DYwYy_oyS5G,4x4crew_4x4studio,Afuture,2026-05-25T18:10:59+09:00,2026-05-28T03:57:38.964908+09:00,57.8,1285,30,0,0,178434,8,0
DYyTngwT3o8,4x4crew_4x4studio,Afuture,2026-05-26T08:00:24+09:00,2026-05-28T03:57:38.964908+09:00,44.0,160,4,0,0,5310,2,0
DYzSej5KBdT,4x4crew_4x4studio,Afuture,2026-05-26T21:11:41+09:00,2026-05-28T03:57:38.964908+09:00,30.8,255,3,0,0,12904,6,0
DYuVZEWh41B,saythename_17,SEVENTEEN,2026-05-24T23:00:13+09:00,2026-05-28T03:57:38.964908+09:00,77.0,438370,4362,0,0,3893805,4889,10
DYwlntdBx8a,saythename_17,SEVENTEEN,2026-05-25T20:00:17+09:00,2026-05-28T03:57:38.964908+09:00,56.0,368292,2474,0,0,3572296,935,2
DYwmwzOhssb,saythename_17,SEVENTEEN,2026-05-25T20:10:11+09:00,2026-05-28T03:57:38.964908+09:00,55.8,319125,1642,0,0,3144318,1278,2
DYvvSswhThT,bts.bighitofficial,BTS,2026-05-25T12:01:05+09:00,2026-05-28T03:57:38.964908+09:00,63.9,877246,3176,0,0,12264046,6716,13
DYzQ8CJzX6Y,realstraykids,Stray Kids,2026-05-26T20:58:04+09:00,2026-05-28T03:57:38.964908+09:00,31.0,1037350,8177,0,0,8597358,14368,74
DYtXrOLJgJI,zb1official,ZEROBASEONE,2026-05-24T14:01:30+09:00,2026-05-28T03:57:38.964908+09:00,85.9,81437,539,0,0,665324,712,2
DYubqGyJcEj,zb1official,ZEROBASEONE,2026-05-25T00:00:35+09:00,2026-05-28T03:57:38.964908+09:00,76.0,74160,708,0,0,750093,620,3
DYv1hDNpdV_,zb1official,ZEROBASEONE,2026-05-25T13:00:51+09:00,2026-05-28T03:57:38.964908+09:00,62.9,62393,602,0,0,547772,147,1
DYwssnxpajy,zb1official,ZEROBASEONE,2026-05-25T21:02:50+09:00,2026-05-28T03:57:38.964908+09:00,54.9,43671,204,0,0,420951,142,0
DYyallZJ1EB,zb1official,ZEROBASEONE,2026-05-26T13:03:29+09:00,2026-05-28T03:57:38.964908+09:00,38.9,55533,318,0,0,479901,331,2
DYy8G1eJDzJ,zb1official,ZEROBASEONE,2026-05-26T17:59:21+09:00,2026-05-28T03:57:38.964908+09:00,34.0,69538,225,0,0,560530,687,2
DYzfAOTpXXQ,zb1official,ZEROBASEONE,2026-05-26T23:02:30+09:00,2026-05-28T03:57:38.964908+09:00,28.9,72678,283,0,0,601813,724,3
DYy8pgISdIT,plave_official,PLAVE,2026-05-26T18:00:25+09:00,2026-05-28T03:57:38.964908+09:00,34.0,38025,310,0,0,306792,345,0
DYzDj0Ryi9d,plave_official,PLAVE,2026-05-26T19:00:27+09:00,2026-05-28T03:57:38.964908+09:00,33.0,131870,2870,0,0,1273522,1146,13
DYubRJYzBXz,riize_official,RIIZE,2026-05-25T00:00:31+09:00,2026-05-28T03:57:38.964908+09:00,76.0,189743,3212,0,0,2062203,1192,7
DYvusruzE2V,riize_official,RIIZE,2026-05-25T12:01:13+09:00,2026-05-28T03:57:38.964908+09:00,63.9,143464,1650,0,0,1214082,438,3
DYwX5aUTfhI,riize_official,RIIZE,2026-05-25T18:01:05+09:00,2026-05-28T03:57:38.964908+09:00,57.9,207668,1506,0,0,1566719,927,4
DYwzYEsze0F,riize_official,RIIZE,2026-05-25T22:01:09+09:00,2026-05-28T03:57:38.964908+09:00,53.9,202754,1364,0,0,2062045,641,2
DYxAvb9zgro,riize_official,RIIZE,2026-05-26T00:00:23+09:00,2026-05-28T03:57:38.964908+09:00,52.0,118855,2672,0,0,1552580,417,5
DYyYJD1TdJ9,riize_official,RIIZE,2026-05-26T12:41:57+09:00,2026-05-28T03:57:38.964908+09:00,39.3,133104,1700,0,0,1336938,1093,4
DYzllMMTujI,riize_official,RIIZE,2026-05-27T00:00:22+09:00,2026-05-28T03:57:38.964908+09:00,28.0,156016,3859,0,0,1796520,1379,13
DYznXROTkZm,riize_official,RIIZE,2026-05-27T00:14:43+09:00,2026-05-28T03:57:38.964908+09:00,27.7,86031,1381,0,0,603352,881,3
DYznr1oTPLa,riize_official,RIIZE,2026-05-27T00:17:33+09:00,2026-05-28T03:57:38.964908+09:00,27.7,80436,901,0,0,526997,961,3
DYzodd9zzdq,riize_official,RIIZE,2026-05-27T00:25:01+09:00,2026-05-28T03:57:38.964908+09:00,27.5,75271,731,0,0,531697,1255,4
DYzpPyZzZOV,riize_official,RIIZE,2026-05-27T00:30:54+09:00,2026-05-28T03:57:38.964908+09:00,27.4,118116,1169,0,0,795931,1649,6
DY04R5hTfTP,riize_official,RIIZE,2026-05-27T12:01:05+09:00,2026-05-28T03:57:38.964908+09:00,15.9,182455,1371,0,0,1336529,6300,27
DYtegwHy11B,boynextdoor_official,BOYNEXTDOOR,2026-05-24T15:00:09+09:00,2026-05-28T03:57:38.964908+09:00,85.0,164520,853,0,0,1475963,873,3
DYuVbrgS4L4,boynextdoor_official,BOYNEXTDOOR,2026-05-24T22:02:53+09:00,2026-05-28T03:57:38.964908+09:00,77.9,95869,423,0,0,679125,585,2
DYuVZP0S4Hv,boynextdoor_official,BOYNEXTDOOR,2026-05-24T23:00:11+09:00,2026-05-28T03:57:38.964908+09:00,77.0,138459,766,0,0,1185501,661,4
DYv8Z-Ny_AE,boynextdoor_official,BOYNEXTDOOR,2026-05-25T14:00:08+09:00,2026-05-28T03:57:38.964908+09:00,62.0,303202,1212,0,0,3235579,1883,10
DYweuUpSHnC,boynextdoor_official,BOYNEXTDOOR,2026-05-25T19:00:11+09:00,2026-05-28T03:57:38.964908+09:00,57.0,108013,254,0,0,936088,252,1
DYwpA44yHod,boynextdoor_official,BOYNEXTDOOR,2026-05-25T20:30:54+09:00,2026-05-28T03:57:38.964908+09:00,55.4,93138,158,0,0,826512,247,1
DYw6OFjSxLH,boynextdoor_official,BOYNEXTDOOR,2026-05-25T22:04:16+09:00,2026-05-28T03:57:38.964908+09:00,53.9,103240,419,0,0,732666,241,1
DYyYsvxBX93,boynextdoor_official,BOYNEXTDOOR,2026-05-26T12:46:35+09:00,2026-05-28T03:57:38.964908+09:00,39.2,147879,753,0,0,1183675,736,2
DYy3BtnPP5v,boynextdoor_official,BOYNEXTDOOR,2026-05-26T17:12:41+09:00,2026-05-28T03:57:38.964908+09:00,34.7,195369,616,0,0,1692727,1325,1
DYzGhI-PMif,boynextdoor_official,BOYNEXTDOOR,2026-05-26T19:30:24+09:00,2026-05-28T03:57:38.964908+09:00,32.5,93272,147,0,0,810369,606,0
DYzH5XXv-YA,boynextdoor_official,BOYNEXTDOOR,2026-05-26T19:40:03+09:00,2026-05-28T03:57:38.964908+09:00,32.3,120435,390,0,0,1196077,755,1
DYze-tzR1Q0,boynextdoor_official,BOYNEXTDOOR,2026-05-26T22:02:38+09:00,2026-05-28T03:57:38.964908+09:00,29.9,106012,487,0,0,703045,606,1
DY07r_oSPyp,boynextdoor_official,BOYNEXTDOOR,2026-05-27T12:30:08+09:00,2026-05-28T03:57:38.964908+09:00,15.5,128830,950,0,0,1076017,2960,13
DY09e5MytZd,boynextdoor_official,BOYNEXTDOOR,2026-05-27T12:45:10+09:00,2026-05-28T03:57:38.964908+09:00,15.2,136130,871,0,0,1058404,3291,19
DYuOjSepjet,tws_pledis,TWS,2026-05-24T22:00:11+09:00,2026-05-28T03:57:38.964908+09:00,78.0,206988,860,0,0,2182747,3813,4
DYwsgATJZHC,tws_pledis,TWS,2026-05-25T21:00:33+09:00,2026-05-28T03:57:38.964908+09:00,55.0,112574,1506,0,0,869290,499,6
DYwzVaVJp6b,tws_pledis,TWS,2026-05-25T22:00:16+09:00,2026-05-28T03:57:38.964908+09:00,54.0,126076,880,0,0,964849,461,2
DYy2b9wJ-rR,tws_pledis,TWS,2026-05-26T17:03:59+09:00,2026-05-28T03:57:38.964908+09:00,34.9,74187,288,0,0,580564,388,2
DYzKYDGJb1J,tws_pledis,TWS,2026-05-26T20:00:44+09:00,2026-05-28T03:57:38.964908+09:00,31.9,101614,719,0,0,711400,663,1
DYzbmlIpLYs,tws_pledis,TWS,2026-05-26T22:30:13+09:00,2026-05-28T03:57:38.964908+09:00,29.5,89741,715,0,0,671016,856,12
DYtXmYCzY3V,official_monsta_x,MONSTA X,2026-05-24T14:00:11+09:00,2026-05-28T03:57:38.964908+09:00,86.0,47395,498,0,0,373135,557,1
DYvurKDuz8W,official_monsta_x,MONSTA X,2026-05-25T12:00:51+09:00,2026-05-28T03:57:38.964908+09:00,63.9,26501,284,0,0,231701,127,0
DYvyBiOOez-,official_monsta_x,MONSTA X,2026-05-25T12:30:11+09:00,2026-05-28T03:57:38.964908+09:00,63.5,11881,86,0,0,105608,41,0
DYv1c2_PMGJ,official_monsta_x,MONSTA X,2026-05-25T13:00:18+09:00,2026-05-28T03:57:38.964908+09:00,63.0,12382,151,0,0,174391,53,1
DYwDS_PT_Un,official_monsta_x,MONSTA X,2026-05-25T15:00:14+09:00,2026-05-28T03:57:38.964908+09:00,61.0,24749,236,0,0,268814,135,0
DYwKJQQTgce,official_monsta_x,MONSTA X,2026-05-25T16:00:13+09:00,2026-05-28T03:57:38.964908+09:00,60.0,16613,255,0,0,185337,61,1
DYteRaLMoYU,aespa_official,aespa,2026-05-24T14:58:59+09:00,2026-05-28T03:57:38.964908+09:00,85.0,367980,1938,0,0,3832815,2745,10
DYthu4DMXag,aespa_official,aespa,2026-05-24T15:29:26+09:00,2026-05-28T03:57:38.964908+09:00,84.5,249457,956,0,0,5458382,1887,1
DYufICRMrPJ,aespa_official,aespa,2026-05-25T00:28:07+09:00,2026-05-28T03:57:38.964908+09:00,75.5,227666,3882,0,0,2841357,1765,5
DYwXVzoM3_6,aespa_official,aespa,2026-05-25T17:57:50+09:00,2026-05-28T03:57:38.964908+09:00,58.0,295799,704,0,0,3221475,1186,6
DYwa4NPMhg5,aespa_official,aespa,2026-05-25T18:28:51+09:00,2026-05-28T03:57:38.964908+09:00,57.5,265797,1376,0,0,3397422,1031,11
DYy2f1ysMh2,aespa_official,aespa,2026-05-26T17:07:05+09:00,2026-05-28T03:57:38.964908+09:00,34.8,136365,307,0,0,2389842,910,6
DYy4yb8Mhmj,aespa_official,aespa,2026-05-26T17:30:14+09:00,2026-05-28T03:57:38.964908+09:00,34.5,124124,611,0,0,1600431,1012,11
DYy8pETstdC,aespa_official,aespa,2026-05-26T18:00:39+09:00,2026-05-28T03:57:38.964908+09:00,33.9,119269,717,0,0,1471391,1048,7
DYzAIwJsAUS,aespa_official,aespa,2026-05-26T18:31:16+09:00,2026-05-28T03:57:38.964908+09:00,33.4,192441,854,0,0,2708654,1337,12
DYzDQ1OMLuC,aespa_official,aespa,2026-05-26T19:00:32+09:00,2026-05-28T03:57:38.964908+09:00,33.0,177596,609,0,0,3046500,1411,14
DYwr64cS8BI,redvelvet.smtown,Red Velvet,2026-05-25T20:56:31+09:00,2026-05-28T03:57:38.964908+09:00,55.0,57991,285,0,0,529410,332,1
DYv0xBlgg83,babymonster_ygofficial,BABYMONSTER,2026-05-25T13:00:05+09:00,2026-05-28T03:57:38.964908+09:00,63.0,258669,1119,0,0,3852279,1623,0
DYtwUDaSa5p,le_sserafim,LE SSERAFIM,2026-05-24T17:30:12+09:00,2026-05-28T03:57:38.964908+09:00,82.5,222393,391,0,0,3184077,2600,0
DYuI5xeyFNv,le_sserafim,LE SSERAFIM,2026-05-24T21:09:57+09:00,2026-05-28T03:57:38.964908+09:00,78.8,381342,317,0,0,4892384,4787,2
DYuOpGQSM8B,le_sserafim,LE SSERAFIM,2026-05-24T22:00:17+09:00,2026-05-28T03:57:38.964908+09:00,78.0,206258,257,0,0,3039865,2967,2
DYvTFamxK45,le_sserafim,LE SSERAFIM,2026-05-25T07:59:53+09:00,2026-05-28T03:57:38.964908+09:00,68.0,34836,269,0,0,821866,130,7
DYv-LxqSs5y,le_sserafim,LE SSERAFIM,2026-05-25T14:15:29+09:00,2026-05-28T03:57:38.964908+09:00,61.7,81964,178,0,0,1242302,259,0
DYv_8yjyQCw,le_sserafim,LE SSERAFIM,2026-05-25T14:29:54+09:00,2026-05-28T03:57:38.964908+09:00,61.5,100163,213,0,0,1257942,304,0
DYwKSYWyyAZ,le_sserafim,LE SSERAFIM,2026-05-25T16:00:09+09:00,2026-05-28T03:57:38.964908+09:00,60.0,159043,257,0,0,1605584,846,1
DYwK00IyQzg,le_sserafim,LE SSERAFIM,2026-05-25T16:05:02+09:00,2026-05-28T03:57:38.964908+09:00,59.9,120101,333,0,0,1302098,755,2
DYwL9iuyg-1,le_sserafim,LE SSERAFIM,2026-05-25T16:10:02+09:00,2026-05-28T03:57:38.964908+09:00,59.8,130288,382,0,0,1612629,848,1
DYwL59yy7Mw,le_sserafim,LE SSERAFIM,2026-05-25T16:14:59+09:00,2026-05-28T03:57:38.964908+09:00,59.7,131662,317,0,0,1438829,776,5
DYwMnJbyOJY,le_sserafim,LE SSERAFIM,2026-05-25T16:19:59+09:00,2026-05-28T03:57:38.964908+09:00,59.6,123686,381,0,0,1721605,531,1
DYwRBxryvsK,le_sserafim,LE SSERAFIM,2026-05-25T16:59:56+09:00,2026-05-28T03:57:38.964908+09:00,59.0,180200,478,0,0,1627423,672,3
DYwdnbcPm61,le_sserafim,LE SSERAFIM,2026-05-25T19:00:15+09:00,2026-05-28T03:57:38.964908+09:00,57.0,114169,135,0,0,1652458,1120,0
DYwiQvESCM5,le_sserafim,LE SSERAFIM,2026-05-25T19:29:55+09:00,2026-05-28T03:57:38.964908+09:00,56.5,194360,231,0,0,2989960,863,1
DYw0CKeSH5x,le_sserafim,LE SSERAFIM,2026-05-25T22:00:50+09:00,2026-05-28T03:57:38.964908+09:00,53.9,637696,1239,0,0,5616657,6836,11
DYw214kSyRX,le_sserafim,LE SSERAFIM,2026-05-25T22:29:56+09:00,2026-05-28T03:57:38.964908+09:00,53.5,351979,548,0,0,4691361,3590,2
DYw4gMNSkID,le_sserafim,LE SSERAFIM,2026-05-25T22:45:19+09:00,2026-05-28T03:57:38.964908+09:00,53.2,183803,289,0,0,2351425,783,3
DYy0IGgSbGO,le_sserafim,LE SSERAFIM,2026-05-26T16:29:56+09:00,2026-05-28T03:57:38.964908+09:00,35.5,136759,185,0,0,3491526,2068,1
DYy1p7DI0so,le_sserafim,LE SSERAFIM,2026-05-26T16:59:58+09:00,2026-05-28T03:57:38.964908+09:00,35.0,75565,183,0,0,1085534,721,1
DYy80zqSySQ,le_sserafim,LE SSERAFIM,2026-05-26T17:45:16+09:00,2026-05-28T03:57:38.964908+09:00,34.2,48359,103,0,0,687163,534,0
DYzAzImydR2,le_sserafim,LE SSERAFIM,2026-05-26T18:29:58+09:00,2026-05-28T03:57:38.964908+09:00,33.5,117662,291,0,0,1927223,1120,3
DYzDsz0SbLU,le_sserafim,LE SSERAFIM,2026-05-26T18:59:58+09:00,2026-05-28T03:57:38.964908+09:00,33.0,91370,105,0,0,1698698,987,0
DYzHFxYJE22,le_sserafim,LE SSERAFIM,2026-05-26T19:35:41+09:00,2026-05-28T03:57:38.964908+09:00,32.4,227182,577,0,0,2513391,3224,2
DYzNVdbBcCJ,le_sserafim,LE SSERAFIM,2026-05-26T20:30:04+09:00,2026-05-28T03:57:38.964908+09:00,31.5,62202,83,0,0,771160,1080,1
DYzRXAcSonT,le_sserafim,LE SSERAFIM,2026-05-26T20:59:58+09:00,2026-05-28T03:57:38.964908+09:00,31.0,66236,140,0,0,965098,956,0
DYzU0Gjyhlu,le_sserafim,LE SSERAFIM,2026-05-26T21:29:53+09:00,2026-05-28T03:57:38.964908+09:00,30.5,136904,279,0,0,1518105,1891,2
DYzYyS0SiXt,le_sserafim,LE SSERAFIM,2026-05-26T22:00:53+09:00,2026-05-28T03:57:38.964908+09:00,29.9,193462,454,0,0,2151902,2424,6
DYz6f11p78H,le_sserafim,LE SSERAFIM,2026-05-27T03:02:17+09:00,2026-05-28T03:57:38.964908+09:00,24.9,88593,161,0,0,1559291,4495,9
DYtXngbz6Og,illit_official,ILLIT,2026-05-24T14:00:11+09:00,2026-05-28T03:57:38.964908+09:00,86.0,228454,1083,0,0,2637082,3321,12
DYtsPsPTcVv,illit_official,ILLIT,2026-05-24T17:00:11+09:00,2026-05-28T03:57:38.964908+09:00,83.0,154147,614,0,0,1927416,2806,6
DYv8aPtTCZp,illit_official,ILLIT,2026-05-25T14:00:12+09:00,2026-05-28T03:57:38.964908+09:00,62.0,97859,257,0,0,1123875,727,1
DYy8u6nzSc1,illit_official,ILLIT,2026-05-26T18:00:12+09:00,2026-05-28T03:57:38.964908+09:00,34.0,210698,562,0,0,2554184,2673,3
DYzRUlPzDKr,illit_official,ILLIT,2026-05-26T21:00:49+09:00,2026-05-28T03:57:38.964908+09:00,30.9,71312,241,0,0,1082900,1121,1
DYteedwzAt2,stayc_highup,STAYC,2026-05-24T15:00:00+09:00,2026-05-28T03:57:38.964908+09:00,85.0,36015,173,0,0,669958,805,1
DYwseqApaaf,officialfromis_9,fromis_9,2026-05-25T21:00:27+09:00,2026-05-28T03:57:38.964908+09:00,55.0,24814,87,0,0,432579,65,0
DYzG7p8zt9s,wooah_nv,WOOAH,2026-05-26T19:30:16+09:00,2026-05-28T03:57:38.964908+09:00,32.5,7000,81,0,0,80793,115,2
DYtzFJyPP-z,billlie.official,Billlie,2026-05-24T18:00:09+09:00,2026-05-28T03:57:38.964908+09:00,82.0,5731,38,0,0,98383,58,0
DYuLKKbP3NV,billlie.official,Billlie,2026-05-24T21:30:13+09:00,2026-05-28T03:57:38.964908+09:00,78.5,18401,105,0,0,215045,239,0
DYuWYicPpAZ,billlie.official,Billlie,2026-05-24T23:10:14+09:00,2026-05-28T03:57:38.964908+09:00,76.8,13143,99,0,0,163808,177,0
DYwKH84RjPB,billlie.official,Billlie,2026-05-25T16:00:09+09:00,2026-05-28T03:57:38.964908+09:00,60.0,7395,42,0,0,74839,50,0
DYwQ-SmxQRm,billlie.official,Billlie,2026-05-25T17:00:11+09:00,2026-05-28T03:57:38.964908+09:00,59.0,8455,27,0,0,145405,47,0
DYwpAUXPDOD,billlie.official,Billlie,2026-05-25T20:30:09+09:00,2026-05-28T03:57:38.964908+09:00,55.5,26964,105,0,0,249191,125,0
DYwseIwv_0V,billlie.official,Billlie,2026-05-25T21:00:12+09:00,2026-05-28T03:57:38.964908+09:00,55.0,24260,231,0,0,182698,196,0
DYyhz4IPrR-,billlie.official,Billlie,2026-05-26T14:06:28+09:00,2026-05-28T03:57:38.964908+09:00,37.9,7568,50,0,0,89097,109,0
DYyoIUsvvPk,billlie.official,Billlie,2026-05-26T15:00:10+09:00,2026-05-28T03:57:38.964908+09:00,37.0,8782,28,0,0,149118,90,0
DYzALZFx6bc,billlie.official,Billlie,2026-05-26T18:30:10+09:00,2026-05-28T03:57:38.964908+09:00,33.5,4674,27,0,0,85713,73,0
DYzG-33vbcR,billlie.official,Billlie,2026-05-26T19:30:11+09:00,2026-05-28T03:57:38.964908+09:00,32.5,3424,14,0,0,44637,60,0
DYzN2rfPIxF,billlie.official,Billlie,2026-05-26T20:30:11+09:00,2026-05-28T03:57:38.964908+09:00,31.5,11835,56,0,0,122877,232,0
DYzYPexvT3A,billlie.official,Billlie,2026-05-26T22:02:46+09:00,2026-05-28T03:57:38.964908+09:00,29.9,6353,40,0,0,65864,71,2
DYwDjdSPW8m,qwerband_official,QWER,2026-05-25T15:03:26+09:00,2026-05-28T03:57:38.964908+09:00,60.9,16880,118,0,0,342186,68,0
DYvujyQp50e,lun8_official,LUN8,2026-05-25T12:00:09+09:00,2026-05-28T03:57:38.964908+09:00,64.0,14583,309,0,0,97369,76,1
DYyTdCdSLwP,lun8_official,LUN8,2026-05-26T12:00:52+09:00,2026-05-28T03:57:38.964908+09:00,39.9,2809,33,0,0,22012,28,1
DY04H5IyJhx,lun8_official,LUN8,2026-05-27T12:00:00+09:00,2026-05-28T03:57:38.964908+09:00,16.0,1762,46,0,0,18247,66,2
DYzDm4gBw2r,official_oneus,ONEUS,2026-05-26T19:01:08+09:00,2026-05-28T03:57:38.964908+09:00,32.9,10151,92,0,0,94644,155,1
DYwDOcGRt2N,s2it_official,S2IT,2026-05-25T15:00:24+09:00,2026-05-28T03:57:38.964908+09:00,61.0,727,23,0,0,17290,1,0
DYw6NmSzPVD,s2it_official,S2IT,2026-05-25T23:00:59+09:00,2026-05-28T03:57:38.964908+09:00,52.9,1256,33,0,0,23840,6,0
DYyhQ2CPwdt,tpst__official,TEMPEST,2026-05-26T14:00:09+09:00,2026-05-28T03:57:38.964908+09:00,38.0,2122,31,0,0,14731,26,7
DYzKagAv3nz,tpst__official,TEMPEST,2026-05-26T20:00:43+09:00,2026-05-28T03:57:38.964908+09:00,31.9,15625,185,0,0,143395,425,5
DYtXpiDBGCW,wearedrippin,DRIPPIN,2026-05-24T14:00:11+09:00,2026-05-28T03:57:38.964908+09:00,86.0,1190,5,0,0,13734,4,0
DYtxy_cxSLM,wearedrippin,DRIPPIN,2026-05-24T17:49:36+09:00,2026-05-28T03:57:38.964908+09:00,82.1,1207,6,0,0,16477,6,0
DYuOhhuB5zd,wearedrippin,DRIPPIN,2026-05-24T22:00:11+09:00,2026-05-28T03:57:38.964908+09:00,78.0,1582,20,0,0,16065,12,0
DYv1h0QB_qR,wearedrippin,DRIPPIN,2026-05-25T13:00:09+09:00,2026-05-28T03:57:38.964908+09:00,63.0,1693,14,0,0,19369,3,0
DYwbTaXBioV,wearedrippin,DRIPPIN,2026-05-25T18:30:09+09:00,2026-05-28T03:57:38.964908+09:00,57.5,1199,7,0,0,12985,2,0
DYwzTqzhHPE,wearedrippin,DRIPPIN,2026-05-25T22:00:16+09:00,2026-05-28T03:57:38.964908+09:00,54.0,1400,53,0,0,14642,7,0
DYyThkUB7ZC,wearedrippin,DRIPPIN,2026-05-26T12:00:10+09:00,2026-05-28T03:57:38.964908+09:00,40.0,1206,11,0,0,13024,14,0
DYybjIBh4cO,wearedrippin,DRIPPIN,2026-05-26T12:49:09+09:00,2026-05-28T03:57:38.964908+09:00,39.1,2157,23,0,0,24634,16,0
DYyaVeVBJ5t,wearedrippin,DRIPPIN,2026-05-26T13:00:10+09:00,2026-05-28T03:57:38.964908+09:00,39.0,990,13,0,0,10201,9,0
DYyhPhShoVV,wearedrippin,DRIPPIN,2026-05-26T14:00:11+09:00,2026-05-28T03:57:38.964908+09:00,38.0,910,7,0,0,9562,7,0
DYzHRCuRhhO,wearedrippin,DRIPPIN,2026-05-26T19:34:53+09:00,2026-05-28T03:57:38.964908+09:00,32.4,687,4,0,0,8730,10,0
DYzN4m-Btvw,wearedrippin,DRIPPIN,2026-05-26T20:01:49+09:00,2026-05-28T03:57:38.964908+09:00,31.9,694,4,0,0,6438,7,0
DYzOcu4hBr1,wearedrippin,DRIPPIN,2026-05-26T20:02:24+09:00,2026-05-28T03:57:38.964908+09:00,31.9,1142,12,0,0,10805,21,0
DYzYIwHBKL5,wearedrippin,DRIPPIN,2026-05-26T22:00:19+09:00,2026-05-28T03:57:38.964908+09:00,30.0,926,5,0,0,10475,10,0
DYvze51SLny,wena_official_,We;Na,2026-05-25T12:43:25+09:00,2026-05-28T03:57:38.964908+09:00,63.2,468,12,0,0,9330,0,0
DYy7VQpS5wt,wena_official_,We;Na,2026-05-26T17:49:35+09:00,2026-05-28T03:57:38.964908+09:00,34.1,488,13,0,0,9846,8,0
DYzKfjghjFZ,kiiikiii.official,KiiiKiii,2026-05-26T20:00:20+09:00,2026-05-28T03:57:38.964908+09:00,32.0,98516,245,0,0,1089634,1587,2
DYwpfHry3bN,official_burvey,Burvey,2026-05-25T20:34:40+09:00,2026-05-28T03:57:38.964908+09:00,55.4,364,14,0,0,7817,2,0
DYzRPh2ToBt,official.irise,IRISÉ,2026-05-26T21:00:08+09:00,2026-05-28T03:57:38.964908+09:00,31.0,994,8,0,0,9465,12,1
DYy8YBAhY9H,we_fiftyfifty,FIFTY FIFTY,2026-05-26T18:00:04+09:00,2026-05-28T03:57:38.964908+09:00,34.0,13019,146,0,0,202859,207,1
DYudc-tyoaV,itzy.all.in.us,ITZY,2026-05-25T00:10:10+09:00,2026-05-28T04:57:41.200474+09:00,76.8,136591,1148,0,0,1411674,814,2
DYvuBZoS_MT,itzy.all.in.us,ITZY,2026-05-25T11:55:14+09:00,2026-05-28T04:57:41.200474+09:00,65.0,118882,1310,0,0,869627,477,0
DYwX2sHSk21,itzy.all.in.us,ITZY,2026-05-25T18:00:11+09:00,2026-05-28T04:57:41.200474+09:00,59.0,151070,1141,0,0,1460568,631,0
DYwlFYCyMHg,itzy.all.in.us,ITZY,2026-05-25T19:58:30+09:00,2026-05-28T04:57:41.200474+09:00,57.0,128754,1118,0,0,1142044,623,0
DYysrcRy1jW,itzy.all.in.us,ITZY,2026-05-26T15:40:43+09:00,2026-05-28T04:57:41.200474+09:00,37.3,109499,1109,0,0,1077534,987,2
DYy1x9ySdQm,itzy.all.in.us,ITZY,2026-05-26T17:00:11+09:00,2026-05-28T04:57:41.200474+09:00,36.0,95140,1160,0,0,1074885,784,6
DYzAJpnSZY6,itzy.all.in.us,ITZY,2026-05-26T18:31:08+09:00,2026-05-28T04:57:41.200474+09:00,34.4,53560,1050,0,0,710768,605,0
DYzR1RhScLh,itzy.all.in.us,ITZY,2026-05-26T21:07:23+09:00,2026-05-28T04:57:41.200474+09:00,31.8,94174,1073,0,0,1088283,1110,2
DXs4wFjEkw6,itzy.all.in.us,ITZY,2026-04-29T12:59:50+09:00,2026-05-28T05:57:38.917796+09:00,689.0,340517,1707,0,0,5274063,104,1
DXyCelIS1Yn,itzy.all.in.us,ITZY,2026-05-01T13:00:00+09:00,2026-05-28T05:57:38.917796+09:00,641.0,69387,1178,0,0,926481,40,0
DYBtBLOSB18,itzy.all.in.us,ITZY,2026-05-07T15:00:00+09:00,2026-05-28T05:57:38.917796+09:00,495.0,196173,1258,0,0,2455408,219,0
DYEmU2eyVMP,itzy.all.in.us,ITZY,2026-05-08T18:00:32+09:00,2026-05-28T05:57:38.917796+09:00,468.0,86018,1139,0,0,1015662,49,0
DYANgkWF6L2,ivestarship,IVE,2026-05-07T01:10:10+09:00,2026-05-28T05:57:38.917796+09:00,508.8,147058,255,0,0,1565862,126,0
DYCQenyPwq5,ivestarship,IVE,2026-05-07T20:12:53+09:00,2026-05-28T05:57:38.917796+09:00,489.7,207321,463,0,0,2963894,213,1
DYE6atwvRBX,wjsn_cosmic,WJSN,2026-05-08T20:56:08+09:00,2026-05-28T05:57:38.917796+09:00,465.0,6446,23,0,0,95370,28,0
DYUNPVaSr5J,itzy.all.in.us,ITZY,2026-05-14T19:29:34+09:00,2026-05-28T05:57:38.917796+09:00,322.5,203670,1396,0,0,1968149,853,3
DYRlH5KS4qf,itzy.all.in.us,ITZY,2026-05-13T18:59:58+09:00,2026-05-28T05:57:38.917796+09:00,347.0,339095,1629,0,0,4422887,573,0
DYWn819has9,itzy.all.in.us,ITZY,2026-05-15T18:00:00+09:00,2026-05-28T05:57:38.917796+09:00,300.0,74214,1141,0,0,892176,431,0
DYUruNMS8oh,itzy.all.in.us,ITZY,2026-05-15T00:00:07+09:00,2026-05-28T05:57:38.917796+09:00,318.0,358477,1563,0,0,3509410,990,0
DYgR-X_Swgv,itzy.all.in.us,ITZY,2026-05-19T12:00:00+09:00,2026-05-28T05:57:38.917796+09:00,210.0,46840,1131,0,0,583523,488,0
DYgYvrISauh,itzy.all.in.us,ITZY,2026-05-19T13:00:00+09:00,2026-05-28T05:57:38.917796+09:00,209.0,101773,1070,0,0,1233078,927,0
DYhPrgRB8Us,itzy.all.in.us,ITZY,2026-05-19T21:00:00+09:00,2026-05-28T05:57:38.917796+09:00,201.0,124175,1219,0,0,1359178,912,2
DYhTJP-ycOg,itzy.all.in.us,ITZY,2026-05-19T21:30:00+09:00,2026-05-28T05:57:38.917796+09:00,200.5,187720,1216,0,0,1782035,1794,1
DYeIXoNIeod,itzy.all.in.us,ITZY,2026-05-18T15:59:34+09:00,2026-05-28T05:57:38.917796+09:00,230.0,46681,1070,0,0,707462,274,0
DYej7VESfyy,itzy.all.in.us,ITZY,2026-05-18T19:59:43+09:00,2026-05-28T05:57:38.917796+09:00,226.0,177881,1236,0,0,1443995,1643,2
DYepzzUyLLA,itzy.all.in.us,ITZY,2026-05-18T21:00:12+09:00,2026-05-28T05:57:38.917796+09:00,225.0,326020,1386,0,0,3029945,3641,3
DYeuEFuHpZT,itzy.all.in.us,ITZY,2026-05-18T21:29:38+09:00,2026-05-28T05:57:38.917796+09:00,224.5,198197,1302,0,0,1775468,2209,2
DYe1KVfy5Qv,itzy.all.in.us,ITZY,2026-05-18T22:31:37+09:00,2026-05-28T05:57:38.917796+09:00,223.4,134318,1232,0,0,1283140,1258,3
DYeoxr-Sdq9,itzy.all.in.us,ITZY,2026-05-18T20:47:05+09:00,2026-05-28T05:57:38.917796+09:00,225.2,96695,1259,0,0,848219,787,8
DYwRDXOx8BN,ivestarship,IVE,2026-05-25T17:00:08+09:00,2026-05-28T06:57:39.024080+09:00,62.0,125993,342,0,0,1506675,311,2
DYwsLC4v2Vo,ivestarship,IVE,2026-05-25T20:59:18+09:00,2026-05-28T06:57:39.024080+09:00,58.0,122778,371,0,0,1518109,336,1
DYyu6H6BPt-,ivestarship,IVE,2026-05-26T16:00:12+09:00,2026-05-28T06:57:39.024080+09:00,39.0,104049,357,0,0,1029269,559,5
DY04S4PyXtn,wjsn_cosmic,WJSN,2026-05-27T12:00:09+09:00,2026-05-28T06:57:39.024080+09:00,19.0,5597,98,0,0,42525,76,0
DYwzU8PPxhn,sa2m2nam3,SMN,2026-05-25T22:00:00+09:00,2026-05-28T06:57:39.024080+09:00,57.0,11238,111,0,0,98960,29,0
DYy8uCsT34v,we.madein.u,MADEIN,2026-05-26T18:00:08+09:00,2026-05-28T06:57:39.024080+09:00,37.0,1983,18,0,0,81178,15,0
DYy13iIB-0p,ifeye_official,ifeye,2026-05-26T17:00:13+09:00,2026-05-28T06:57:39.024080+09:00,38.0,2288,13,0,0,24325,20,0
DYy8roAB7e3,ifeye_official,ifeye,2026-05-26T18:00:10+09:00,2026-05-28T06:57:39.024080+09:00,37.0,4635,36,0,0,39830,35,0
DYy9O8lByMI,ifeye_official,ifeye,2026-05-26T18:05:08+09:00,2026-05-28T06:57:39.024080+09:00,36.9,3463,25,0,0,32116,34,0
DYzlLGhpVO_,xodiacofficial,XODIAC,2026-05-26T23:59:25+09:00,2026-05-28T06:57:39.024080+09:00,31.0,9282,605,0,0,123623,18,0
DYt2ZSNT0si,82major_official,82MAJOR,2026-05-24T18:37:33+09:00,2026-05-28T06:57:39.024080+09:00,84.3,10607,95,0,0,115502,48,0
DYt9awzvR1C,82major_official,82MAJOR,2026-05-24T19:30:08+09:00,2026-05-28T06:57:39.024080+09:00,83.5,11226,130,0,0,101272,54,0
DYwlpXVvyEv,82major_official,82MAJOR,2026-05-25T18:59:37+09:00,2026-05-28T06:57:39.024080+09:00,60.0,10518,54,0,0,80784,67,1
DYwlmzovAsP,82major_official,82MAJOR,2026-05-25T20:00:11+09:00,2026-05-28T06:57:39.024080+09:00,59.0,40731,140,0,0,372834,215,0
DYy8ouIPXvl,82major_official,82MAJOR,2026-05-26T18:00:28+09:00,2026-05-28T06:57:39.024080+09:00,37.0,7473,39,0,0,55342,77,0
DYzDgEMPQzb,82major_official,82MAJOR,2026-05-26T19:00:10+09:00,2026-05-28T06:57:39.024080+09:00,36.0,4415,38,0,0,41080,33,0
DYwXqqDTRI7,thewind.official,The Wind,2026-05-25T18:00:18+09:00,2026-05-28T06:57:39.024080+09:00,61.0,8372,54,0,0,54892,101,0
DYwEsswx-RQ,dxmon_hm,DXMON,2026-05-25T15:13:24+09:00,2026-05-28T06:57:39.024080+09:00,63.7,1823,18,0,0,29438,11,0
DYwZFmtRyhR,dxmon_hm,DXMON,2026-05-25T18:12:01+09:00,2026-05-28T06:57:39.024080+09:00,60.8,595,17,0,0,5062,2,0
DYyrf9tz7IC,dxmon_hm,DXMON,2026-05-26T15:30:12+09:00,2026-05-28T06:57:39.024080+09:00,39.5,1120,26,0,0,7796,8,0
DYtzJn0yQSN,xikers_official,xikers,2026-05-24T18:00:13+09:00,2026-05-28T06:57:39.024080+09:00,85.0,18118,113,0,0,199530,279,0
DYt9bUKTZS5,xikers_official,xikers,2026-05-24T19:31:54+09:00,2026-05-28T06:57:39.024080+09:00,83.4,27214,193,0,0,146136,198,0
DYuAz-IyFXC,xikers_official,xikers,2026-05-24T20:00:09+09:00,2026-05-28T06:57:39.024080+09:00,83.0,10095,56,0,0,67108,78,0
DYwKN7OScBk,xikers_official,xikers,2026-05-25T16:00:10+09:00,2026-05-28T06:57:39.024080+09:00,63.0,8599,63,0,0,117246,47,0
DYwREASyvPh,xikers_official,xikers,2026-05-25T17:00:11+09:00,2026-05-28T06:57:39.024080+09:00,62.0,24544,70,0,0,181521,91,0
DYwlk2CSWC9,xikers_official,xikers,2026-05-25T20:00:14+09:00,2026-05-28T06:57:39.024080+09:00,59.0,16078,59,0,0,103158,84,0
DYwsiCZye8-,xikers_official,xikers,2026-05-25T21:00:11+09:00,2026-05-28T06:57:39.024080+09:00,58.0,10642,103,0,0,70746,63,0
DYwzXfEyJUG,xikers_official,xikers,2026-05-25T22:00:16+09:00,2026-05-28T06:57:39.024080+09:00,57.0,13898,64,0,0,111585,56,0
DYyW6w0SeZ6,xikers_official,xikers,2026-05-26T12:30:10+09:00,2026-05-28T06:57:39.024080+09:00,42.5,11411,96,0,0,79349,65,0
DYyd04nyn6t,xikers_official,xikers,2026-05-26T13:30:09+09:00,2026-05-28T06:57:39.024080+09:00,41.5,8060,34,0,0,57662,53,0
DYyybv2yxId,xikers_official,xikers,2026-05-26T16:30:12+09:00,2026-05-28T06:57:39.024080+09:00,38.5,7495,65,0,0,51177,51,0
DYzDklHSslc,xikers_official,xikers,2026-05-26T19:00:09+09:00,2026-05-28T06:57:39.024080+09:00,36.0,8170,64,0,0,55277,67,0
DYzRPtlyTBd,xikers_official,xikers,2026-05-26T21:00:09+09:00,2026-05-28T06:57:39.024080+09:00,34.0,6778,42,0,0,48127,43,0
DY0xZ8PS-t9,xikers_official,xikers,2026-05-27T11:00:12+09:00,2026-05-28T06:57:39.024080+09:00,20.0,27825,223,0,0,175645,1410,11
DY0_HrJy0yy,xikers_official,xikers,2026-05-27T13:00:12+09:00,2026-05-28T06:57:39.024080+09:00,18.0,30999,657,0,0,214836,2738,37
DYvuuKfjzwF,official.dkb,DKB,2026-05-25T12:01:14+09:00,2026-05-28T06:57:39.024080+09:00,66.9,1521,9,0,0,17340,4,0
DYwot1HTqLb,official.dkb,DKB,2026-05-25T20:28:36+09:00,2026-05-28T06:57:39.024080+09:00,58.5,1512,17,0,0,16097,3,0
DYwNlbVTlx_,close.your.eyes.official,CLOSE YOUR EYES,2026-05-25T16:30:11+09:00,2026-05-28T06:57:39.024080+09:00,62.5,7409,70,0,0,67045,38,1
DYwsia1zrY5,close.your.eyes.official,CLOSE YOUR EYES,2026-05-25T21:00:30+09:00,2026-05-28T06:57:39.024080+09:00,58.0,13662,142,0,0,112331,62,0
DYwvPpVJ5Ra,idid_starship,IDID,2026-05-25T21:30:03+09:00,2026-05-28T06:57:39.024080+09:00,57.5,16697,163,0,0,177159,62,0
DYzUJ6FJuVF,idid_starship,IDID,2026-05-26T21:30:04+09:00,2026-05-28T06:57:39.024080+09:00,33.5,17548,93,0,0,149381,355,1
DYt5_6QBM00,cortis,CORTIS,2026-05-24T19:00:09+09:00,2026-05-28T06:57:39.024080+09:00,84.0,712604,4605,0,0,6542593,4222,12
DYv2uN5BqWY,cortis,CORTIS,2026-05-25T13:00:04+09:00,2026-05-28T06:57:39.024080+09:00,66.0,1036141,2961,0,0,9833346,2853,3
DYwDPm8BGFK,cortis,CORTIS,2026-05-25T15:00:09+09:00,2026-05-28T06:57:39.024080+09:00,64.0,713822,5880,0,0,7162904,1393,5
DYwewv_hCXQ,cortis,CORTIS,2026-05-25T19:00:10+09:00,2026-05-28T06:57:39.024080+09:00,60.0,599840,2203,0,0,5902688,1356,0
DYw6QYchZob,cortis,CORTIS,2026-05-25T23:00:20+09:00,2026-05-28T06:57:39.024080+09:00,56.0,551194,1699,0,0,5683845,1759,0
DYyhLRGBeJj,cortis,CORTIS,2026-05-26T14:00:10+09:00,2026-05-28T06:57:39.024080+09:00,41.0,696680,3182,0,0,6298271,3097,4
DYy1z5EBY-t,cortis,CORTIS,2026-05-26T17:00:13+09:00,2026-05-28T06:57:39.024080+09:00,38.0,581875,1899,0,0,5905044,3463,-8
DYze-AOBbrD,cortis,CORTIS,2026-05-26T23:00:17+09:00,2026-05-28T06:57:39.024080+09:00,32.0,1240298,6939,0,0,11578400,11756,30
DY0xg2mAUuj,cortis,CORTIS,2026-05-27T11:02:04+09:00,2026-05-28T06:57:39.024080+09:00,19.9,423167,2761,0,0,4358145,5836,12
DYt52NRt_OA,ald1.official,ALPHA DRIVE ONE,2026-05-24T19:01:24+09:00,2026-05-28T06:57:39.024080+09:00,83.9,99842,1438,0,0,1300502,6979,12
DYuAs2itYv9,ald1.official,ALPHA DRIVE ONE,2026-05-24T20:00:02+09:00,2026-05-28T06:57:39.024080+09:00,83.0,77901,1004,0,0,794164,259,2
DYuB4j9vNb4,ald1.official,ALPHA DRIVE ONE,2026-05-24T20:10:38+09:00,2026-05-28T06:57:39.024080+09:00,82.8,88104,790,0,0,886996,264,-2
DYuDGgDuopB,ald1.official,ALPHA DRIVE ONE,2026-05-24T20:21:08+09:00,2026-05-28T06:57:39.024080+09:00,82.6,107225,1318,0,0,1018417,283,1
DYzA2KwsT90,ald1.official,ALPHA DRIVE ONE,2026-05-26T18:37:36+09:00,2026-05-28T06:57:39.024080+09:00,36.3,55474,674,0,0,632877,159,1
DYzBXCUM1k0,ald1.official,ALPHA DRIVE ONE,2026-05-26T18:42:08+09:00,2026-05-28T06:57:39.024080+09:00,36.3,90935,1263,0,0,1188533,1127,2
DYzCXiAwE36,ald1.official,ALPHA DRIVE ONE,2026-05-26T18:51:09+09:00,2026-05-28T06:57:39.024080+09:00,36.1,52514,520,0,0,544058,163,1
DYzfCDRPsFS,ald1.official,ALPHA DRIVE ONE,2026-05-26T23:01:10+09:00,2026-05-28T06:57:39.024080+09:00,31.9,62326,624,0,0,526068,351,4
DYzfnmWRJqA,ald1.official,ALPHA DRIVE ONE,2026-05-26T23:06:20+09:00,2026-05-28T06:57:39.024080+09:00,31.9,57669,487,0,0,532553,294,2
DYzgGiFSoDG,ald1.official,ALPHA DRIVE ONE,2026-05-26T23:10:29+09:00,2026-05-28T06:57:39.024080+09:00,31.8,62988,1058,0,0,577874,336,2
DYwlplSh3b-,axmxp_official,AxMxP,2026-05-25T20:00:12+09:00,2026-05-28T06:57:39.024080+09:00,59.0,3872,69,0,0,27284,8,0
DYt5-0bTkuM,lngshot4sho,LNGSHOT,2026-05-24T19:00:10+09:00,2026-05-28T06:57:39.024080+09:00,84.0,226360,1123,0,0,2131849,1608,1
DYvaGrnTwPu,lngshot4sho,LNGSHOT,2026-05-25T09:00:12+09:00,2026-05-28T06:57:39.024080+09:00,70.0,263257,2477,0,0,2109451,629,2
DYvur9EzamY,lngshot4sho,LNGSHOT,2026-05-25T12:00:13+09:00,2026-05-28T06:57:39.024080+09:00,67.0,192525,1734,0,0,1575858,597,2
DYwX6G9TNkA,lngshot4sho,LNGSHOT,2026-05-25T18:00:09+09:00,2026-05-28T06:57:39.024080+09:00,61.0,175878,1342,0,0,1417704,697,0
DYx-2Olhyr6,lngshot4sho,LNGSHOT,2026-05-26T09:00:08+09:00,2026-05-28T06:57:39.024080+09:00,46.0,209565,1513,0,0,1620778,1070,2
DYyoJZhBqxz,lngshot4sho,LNGSHOT,2026-05-26T15:00:10+09:00,2026-05-28T06:57:39.024080+09:00,40.0,193088,1353,0,0,1518854,1935,5
DYy8ohJhEW8,lngshot4sho,LNGSHOT,2026-05-26T18:00:29+09:00,2026-05-28T06:57:39.024080+09:00,37.0,106546,530,0,0,955905,715,1
DY04RyXzJ5a,lngshot4sho,LNGSHOT,2026-05-27T12:00:11+09:00,2026-05-28T06:57:39.024080+09:00,19.0,168386,1411,0,0,1361558,5540,14
DYvt_5mSNw2,yuhz_official,YUHZ,2026-05-25T12:00:08+09:00,2026-05-28T06:57:39.024080+09:00,67.0,2935,50,0,0,27431,20,0
DYwyG5Vy676,yuhz_official,YUHZ,2026-05-25T22:00:34+09:00,2026-05-28T06:57:39.024080+09:00,57.0,1105,23,0,0,12194,6,0
DYwDRP6ytTI,tunexx_official,TUNEXX,2026-05-25T15:00:10+09:00,2026-05-28T06:57:39.024080+09:00,64.0,4449,27,0,0,32761,11,0
DYwX9jYzXkI,thessyndrome_official,THE SSYNDROME,2026-05-25T18:02:08+09:00,2026-05-28T06:57:39.024080+09:00,60.9,239,3,0,0,1946,0,0
DYy7ry6zpvA,thessyndrome_official,THE SSYNDROME,2026-05-26T18:01:00+09:00,2026-05-28T06:57:39.024080+09:00,36.9,191,3,0,0,2028,1,0
DYt5-FARr1Z,nmixx_official,NMIXX,2026-05-24T19:00:09+09:00,2026-05-28T06:57:39.024080+09:00,84.0,208523,438,0,0,2074306,992,1
DYweyS1BugI,nmixx_official,NMIXX,2026-05-25T19:00:10+09:00,2026-05-28T06:57:39.024080+09:00,60.0,88500,205,0,0,1016277,122,0
DYze_0MOnNK,nmixx_official,NMIXX,2026-05-26T23:04:20+09:00,2026-05-28T06:57:39.024080+09:00,31.9,206717,1082,0,0,1706714,1685,4
DYzieSvOwiw,nmixx_official,NMIXX,2026-05-26T23:31:22+09:00,2026-05-28T06:57:39.024080+09:00,31.4,53367,234,0,0,570350,266,0
DYv8dWWvA5x,kiiras__official,KIIRAS,2026-05-25T14:01:50+09:00,2026-05-28T06:57:39.024080+09:00,64.9,1646,20,0,0,18891,4,0
DYyhlPqvc7M,kiiras__official,KIIRAS,2026-05-26T14:04:37+09:00,2026-05-28T06:57:39.024080+09:00,40.9,2024,16,0,0,21044,10,0
DYyoEbkpnV6,kiiras__official,KIIRAS,2026-05-26T15:00:10+09:00,2026-05-28T06:57:39.024080+09:00,40.0,2235,26,0,0,23999,18,0
DYytHmXvBEH,kiiras__official,KIIRAS,2026-05-26T15:47:41+09:00,2026-05-28T06:57:39.024080+09:00,39.2,6922,104,0,0,56187,42,0
DYyu5Mqv8qQ,kiiras__official,KIIRAS,2026-05-26T16:01:01+09:00,2026-05-28T06:57:39.024080+09:00,38.9,1423,13,0,0,22354,16,0
DYt2w49zNG5,smorz.official,SMORZ,2026-05-24T18:34:41+09:00,2026-05-28T06:57:39.024080+09:00,84.4,4751,8,0,0,79930,25,0
DYwYy_oyS5G,4x4crew_4x4studio,Afuture,2026-05-25T18:10:59+09:00,2026-05-28T06:57:39.024080+09:00,60.8,1293,30,0,0,178778,8,0
DYyTngwT3o8,4x4crew_4x4studio,Afuture,2026-05-26T08:00:24+09:00,2026-05-28T06:57:39.024080+09:00,47.0,160,4,0,0,5340,0,0
DYzSej5KBdT,4x4crew_4x4studio,Afuture,2026-05-26T21:11:41+09:00,2026-05-28T06:57:39.024080+09:00,33.8,257,3,0,0,12981,2,0
DYuHvjUBAL6,saythename_17,SEVENTEEN,2026-05-24T21:00:19+09:00,2026-05-28T06:57:39.024080+09:00,82.0,678114,6350,0,0,6002391,4662,14
DYwlntdBx8a,saythename_17,SEVENTEEN,2026-05-25T20:00:17+09:00,2026-05-28T06:57:39.024080+09:00,59.0,368807,2474,0,0,3576966,515,0
DYwmwzOhssb,saythename_17,SEVENTEEN,2026-05-25T20:10:11+09:00,2026-05-28T06:57:39.024080+09:00,58.8,319782,1642,0,0,3150256,657,0
DYvvSswhThT,bts.bighitofficial,BTS,2026-05-25T12:01:05+09:00,2026-05-28T06:57:39.024080+09:00,66.9,881646,3188,0,0,12314040,4400,12
DYzQ8CJzX6Y,realstraykids,Stray Kids,2026-05-26T20:58:04+09:00,2026-05-28T06:57:39.024080+09:00,34.0,1049549,8229,0,0,8699235,12199,52
DYv1hDNpdV_,zb1official,ZEROBASEONE,2026-05-25T13:00:51+09:00,2026-05-28T06:57:39.024080+09:00,65.9,62502,602,0,0,548408,109,0
DYwssnxpajy,zb1official,ZEROBASEONE,2026-05-25T21:02:50+09:00,2026-05-28T06:57:39.024080+09:00,57.9,43763,204,0,0,421592,92,0
DYyallZJ1EB,zb1official,ZEROBASEONE,2026-05-26T13:03:29+09:00,2026-05-28T06:57:39.024080+09:00,41.9,55795,319,0,0,481356,262,1
DYy8G1eJDzJ,zb1official,ZEROBASEONE,2026-05-26T17:59:21+09:00,2026-05-28T06:57:39.024080+09:00,37.0,70023,225,0,0,563901,485,0
DYzfAOTpXXQ,zb1official,ZEROBASEONE,2026-05-26T23:02:30+09:00,2026-05-28T06:57:39.024080+09:00,31.9,73197,287,0,0,605329,519,4
DYy8pgISdIT,plave_official,PLAVE,2026-05-26T18:00:25+09:00,2026-05-28T06:57:39.024080+09:00,37.0,38167,312,0,0,307755,142,2
DYzDj0Ryi9d,plave_official,PLAVE,2026-05-26T19:00:27+09:00,2026-05-28T06:57:39.024080+09:00,36.0,132365,2872,0,0,1277500,495,2
DYvusruzE2V,riize_official,RIIZE,2026-05-25T12:01:13+09:00,2026-05-28T06:57:39.024080+09:00,66.9,143666,1651,0,0,1216061,202,1
DYwX5aUTfhI,riize_official,RIIZE,2026-05-25T18:01:05+09:00,2026-05-28T06:57:39.024080+09:00,60.9,208328,1507,0,0,1572031,660,1
DYwzYEsze0F,riize_official,RIIZE,2026-05-25T22:01:09+09:00,2026-05-28T06:57:39.024080+09:00,56.9,203010,1365,0,0,2064464,256,1
DYxAvb9zgro,riize_official,RIIZE,2026-05-26T00:00:23+09:00,2026-05-28T06:57:39.024080+09:00,55.0,119021,2672,0,0,1555182,166,0
DYyYJD1TdJ9,riize_official,RIIZE,2026-05-26T12:41:57+09:00,2026-05-28T06:57:39.024080+09:00,42.3,133538,1703,0,0,1341412,434,3
DYzllMMTujI,riize_official,RIIZE,2026-05-27T00:00:22+09:00,2026-05-28T06:57:39.024080+09:00,31.0,156569,3862,0,0,1803469,553,3
DYznXROTkZm,riize_official,RIIZE,2026-05-27T00:14:43+09:00,2026-05-28T06:57:39.024080+09:00,30.7,86419,1381,0,0,606519,388,0
DYznr1oTPLa,riize_official,RIIZE,2026-05-27T00:17:33+09:00,2026-05-28T06:57:39.024080+09:00,30.7,80870,901,0,0,530178,434,0
DYzodd9zzdq,riize_official,RIIZE,2026-05-27T00:25:01+09:00,2026-05-28T06:57:39.024080+09:00,30.5,75887,731,0,0,536469,616,0
DYzpPyZzZOV,riize_official,RIIZE,2026-05-27T00:30:54+09:00,2026-05-28T06:57:39.024080+09:00,30.4,118885,1169,0,0,801708,769,0
DY04R5hTfTP,riize_official,RIIZE,2026-05-27T12:01:05+09:00,2026-05-28T06:57:39.024080+09:00,18.9,185376,1383,0,0,1359585,2921,12
DYuHq5bSf01,boynextdoor_official,BOYNEXTDOOR,2026-05-24T21:00:10+09:00,2026-05-28T06:57:39.024080+09:00,82.0,127147,232,0,0,1011652,428,0
DYv8Z-Ny_AE,boynextdoor_official,BOYNEXTDOOR,2026-05-25T14:00:08+09:00,2026-05-28T06:57:39.024080+09:00,65.0,304833,1222,0,0,3256508,1631,10
DYweuUpSHnC,boynextdoor_official,BOYNEXTDOOR,2026-05-25T19:00:11+09:00,2026-05-28T06:57:39.024080+09:00,60.0,108200,254,0,0,937460,187,0
DYwpA44yHod,boynextdoor_official,BOYNEXTDOOR,2026-05-25T20:30:54+09:00,2026-05-28T06:57:39.024080+09:00,58.4,93296,158,0,0,827967,158,0
DYw6OFjSxLH,boynextdoor_official,BOYNEXTDOOR,2026-05-25T22:04:16+09:00,2026-05-28T06:57:39.024080+09:00,56.9,103414,419,0,0,734060,174,0
DYyYsvxBX93,boynextdoor_official,BOYNEXTDOOR,2026-05-26T12:46:35+09:00,2026-05-28T06:57:39.024080+09:00,42.2,148402,756,0,0,1186741,523,3
DYy3BtnPP5v,boynextdoor_official,BOYNEXTDOOR,2026-05-26T17:12:41+09:00,2026-05-28T06:57:39.024080+09:00,37.7,196296,617,0,0,1699518,927,1
DYzGhI-PMif,boynextdoor_official,BOYNEXTDOOR,2026-05-26T19:30:24+09:00,2026-05-28T06:57:39.024080+09:00,35.5,93662,148,0,0,813590,390,1
DYzH5XXv-YA,boynextdoor_official,BOYNEXTDOOR,2026-05-26T19:40:03+09:00,2026-05-28T06:57:39.024080+09:00,35.3,120926,390,0,0,1200926,491,0
DYze-tzR1Q0,boynextdoor_official,BOYNEXTDOOR,2026-05-26T22:02:38+09:00,2026-05-28T06:57:39.024080+09:00,32.9,106407,488,0,0,706159,395,1
DY07r_oSPyp,boynextdoor_official,BOYNEXTDOOR,2026-05-27T12:30:08+09:00,2026-05-28T06:57:39.024080+09:00,18.5,130621,959,0,0,1094900,1791,9
DY09e5MytZd,boynextdoor_official,BOYNEXTDOOR,2026-05-27T12:45:10+09:00,2026-05-28T06:57:39.024080+09:00,18.2,138128,875,0,0,1078309,1998,4
DYt4l61hcL8,tws_pledis,TWS,2026-05-24T18:49:08+09:00,2026-05-28T06:57:39.024080+09:00,84.1,193900,1981,0,0,1635142,861,9
DYuA2MypraG,tws_pledis,TWS,2026-05-24T20:00:12+09:00,2026-05-28T06:57:39.024080+09:00,83.0,195094,636,0,0,1627128,723,1
DYwsgATJZHC,tws_pledis,TWS,2026-05-25T21:00:33+09:00,2026-05-28T06:57:39.024080+09:00,58.0,112747,1507,0,0,870840,173,1
DYwzVaVJp6b,tws_pledis,TWS,2026-05-25T22:00:16+09:00,2026-05-28T06:57:39.024080+09:00,57.0,126313,880,0,0,966948,237,0
DYy2b9wJ-rR,tws_pledis,TWS,2026-05-26T17:03:59+09:00,2026-05-28T06:57:39.024080+09:00,37.9,74405,289,0,0,582564,218,1
DYzKYDGJb1J,tws_pledis,TWS,2026-05-26T20:00:44+09:00,2026-05-28T06:57:39.024080+09:00,34.9,101952,722,0,0,713940,338,3
DYzbmlIpLYs,tws_pledis,TWS,2026-05-26T22:30:13+09:00,2026-05-28T06:57:39.024080+09:00,32.5,90086,718,0,0,674037,345,3
DYuHqMDTGui,official_monsta_x,MONSTA X,2026-05-24T21:00:11+09:00,2026-05-28T06:57:39.024080+09:00,82.0,23661,203,0,0,162177,182,0
DYvurKDuz8W,official_monsta_x,MONSTA X,2026-05-25T12:00:51+09:00,2026-05-28T06:57:39.024080+09:00,66.9,26596,284,0,0,232406,95,0
DYvyBiOOez-,official_monsta_x,MONSTA X,2026-05-25T12:30:11+09:00,2026-05-28T06:57:39.024080+09:00,66.5,11923,86,0,0,105878,42,0
DYv1c2_PMGJ,official_monsta_x,MONSTA X,2026-05-25T13:00:18+09:00,2026-05-28T06:57:39.024080+09:00,66.0,12427,151,0,0,174761,45,0
DYwDS_PT_Un,official_monsta_x,MONSTA X,2026-05-25T15:00:14+09:00,2026-05-28T06:57:39.024080+09:00,64.0,24860,236,0,0,269528,111,0
DYwKJQQTgce,official_monsta_x,MONSTA X,2026-05-25T16:00:13+09:00,2026-05-28T06:57:39.024080+09:00,63.0,16667,255,0,0,185748,54,0
DYwXVzoM3_6,aespa_official,aespa,2026-05-25T17:57:50+09:00,2026-05-28T06:57:39.024080+09:00,61.0,296434,710,0,0,3227806,635,6
DYwa4NPMhg5,aespa_official,aespa,2026-05-25T18:28:51+09:00,2026-05-28T06:57:39.024080+09:00,60.5,266470,1383,0,0,3405049,673,7
DYy2f1ysMh2,aespa_official,aespa,2026-05-26T17:07:05+09:00,2026-05-28T06:57:39.024080+09:00,37.8,136795,309,0,0,2419419,430,2
DYy4yb8Mhmj,aespa_official,aespa,2026-05-26T17:30:14+09:00,2026-05-28T06:57:39.024080+09:00,37.5,124589,621,0,0,1605189,465,10
DYy8pETstdC,aespa_official,aespa,2026-05-26T18:00:39+09:00,2026-05-28T06:57:39.024080+09:00,37.0,119753,720,0,0,1475606,484,3
DYzAIwJsAUS,aespa_official,aespa,2026-05-26T18:31:16+09:00,2026-05-28T06:57:39.024080+09:00,36.4,193074,856,0,0,2714710,633,2
DYzDQ1OMLuC,aespa_official,aespa,2026-05-26T19:00:32+09:00,2026-05-28T06:57:39.024080+09:00,36.0,178265,614,0,0,3081268,669,5
DYwr64cS8BI,redvelvet.smtown,Red Velvet,2026-05-25T20:56:31+09:00,2026-05-28T06:57:39.024080+09:00,58.0,58176,285,0,0,530904,185,0
DYv0xBlgg83,babymonster_ygofficial,BABYMONSTER,2026-05-25T13:00:05+09:00,2026-05-28T06:57:39.024080+09:00,66.0,259498,1119,0,0,3861354,829,0
DYuH0KLSbYi,le_sserafim,LE SSERAFIM,2026-05-24T21:00:11+09:00,2026-05-28T06:57:39.024080+09:00,82.0,397736,644,0,0,6797715,3903,3
DYvTFamxK45,le_sserafim,LE SSERAFIM,2026-05-25T07:59:53+09:00,2026-05-28T06:57:39.024080+09:00,71.0,34958,273,0,0,825312,122,4
DYv-LxqSs5y,le_sserafim,LE SSERAFIM,2026-05-25T14:15:29+09:00,2026-05-28T06:57:39.024080+09:00,64.7,82183,178,0,0,1245886,219,0
DYv_8yjyQCw,le_sserafim,LE SSERAFIM,2026-05-25T14:29:54+09:00,2026-05-28T06:57:39.024080+09:00,64.5,100407,213,0,0,1261980,244,0
DYwKSYWyyAZ,le_sserafim,LE SSERAFIM,2026-05-25T16:00:09+09:00,2026-05-28T06:57:39.024080+09:00,63.0,159684,258,0,0,1611933,641,1
DYwK00IyQzg,le_sserafim,LE SSERAFIM,2026-05-25T16:05:02+09:00,2026-05-28T06:57:39.024080+09:00,62.9,120522,333,0,0,1307265,421,0
DYwL9iuyg-1,le_sserafim,LE SSERAFIM,2026-05-25T16:10:02+09:00,2026-05-28T06:57:39.024080+09:00,62.8,130973,382,0,0,1618743,685,0
DYwL59yy7Mw,le_sserafim,LE SSERAFIM,2026-05-25T16:14:59+09:00,2026-05-28T06:57:39.024080+09:00,62.7,132206,317,0,0,1444763,544,0
DYwMnJbyOJY,le_sserafim,LE SSERAFIM,2026-05-25T16:19:59+09:00,2026-05-28T06:57:39.024080+09:00,62.6,124098,381,0,0,1726577,412,0
DYwRBxryvsK,le_sserafim,LE SSERAFIM,2026-05-25T16:59:56+09:00,2026-05-28T06:57:39.024080+09:00,62.0,180620,478,0,0,1632006,420,0
DYwdnbcPm61,le_sserafim,LE SSERAFIM,2026-05-25T19:00:15+09:00,2026-05-28T06:57:39.024080+09:00,60.0,115135,136,0,0,1664848,966,1
DYwiQvESCM5,le_sserafim,LE SSERAFIM,2026-05-25T19:29:55+09:00,2026-05-28T06:57:39.024080+09:00,59.5,195028,231,0,0,3000048,668,0
DYw0CKeSH5x,le_sserafim,LE SSERAFIM,2026-05-25T22:00:50+09:00,2026-05-28T06:57:39.024080+09:00,56.9,642726,1256,0,0,5659042,5030,17
DYw214kSyRX,le_sserafim,LE SSERAFIM,2026-05-25T22:29:56+09:00,2026-05-28T06:57:39.024080+09:00,56.5,353992,550,0,0,4714965,2013,2
DYw4gMNSkID,le_sserafim,LE SSERAFIM,2026-05-25T22:45:19+09:00,2026-05-28T06:57:39.024080+09:00,56.2,184376,290,0,0,2360286,573,1
DYy0IGgSbGO,le_sserafim,LE SSERAFIM,2026-05-26T16:29:56+09:00,2026-05-28T06:57:39.024080+09:00,38.5,138305,185,0,0,3647475,1546,0
DYy1p7DI0so,le_sserafim,LE SSERAFIM,2026-05-26T16:59:58+09:00,2026-05-28T06:57:39.024080+09:00,38.0,76163,184,0,0,1093384,598,1
DYy80zqSySQ,le_sserafim,LE SSERAFIM,2026-05-26T17:45:16+09:00,2026-05-28T06:57:39.024080+09:00,37.2,48779,104,0,0,693337,420,1
DYzAzImydR2,le_sserafim,LE SSERAFIM,2026-05-26T18:29:58+09:00,2026-05-28T06:57:39.024080+09:00,36.5,118545,291,0,0,1941578,883,0
DYzDsz0SbLU,le_sserafim,LE SSERAFIM,2026-05-26T18:59:58+09:00,2026-05-28T06:57:39.024080+09:00,36.0,92128,105,0,0,1713094,758,0
DYzHFxYJE22,le_sserafim,LE SSERAFIM,2026-05-26T19:35:41+09:00,2026-05-28T06:57:39.024080+09:00,35.4,229219,581,0,0,2532998,2037,4
DYzNVdbBcCJ,le_sserafim,LE SSERAFIM,2026-05-26T20:30:04+09:00,2026-05-28T06:57:39.024080+09:00,34.5,63037,83,0,0,781683,835,0
DYzRXAcSonT,le_sserafim,LE SSERAFIM,2026-05-26T20:59:58+09:00,2026-05-28T06:57:39.024080+09:00,34.0,66965,140,0,0,975555,729,0
DYzU0Gjyhlu,le_sserafim,LE SSERAFIM,2026-05-26T21:29:53+09:00,2026-05-28T06:57:39.024080+09:00,33.5,138323,281,0,0,1533542,1419,2
DYzYyS0SiXt,le_sserafim,LE SSERAFIM,2026-05-26T22:00:53+09:00,2026-05-28T06:57:39.024080+09:00,32.9,195582,458,0,0,2190754,2120,4
DYz6f11p78H,le_sserafim,LE SSERAFIM,2026-05-27T03:02:17+09:00,2026-05-28T06:57:39.024080+09:00,27.9,93028,167,0,0,1623183,4435,6
DYuA0BazfzJ,illit_official,ILLIT,2026-05-24T20:00:09+09:00,2026-05-28T06:57:39.024080+09:00,83.0,174124,767,0,0,1933718,2036,8
DYv8aPtTCZp,illit_official,ILLIT,2026-05-25T14:00:12+09:00,2026-05-28T06:57:39.024080+09:00,65.0,98447,259,0,0,1130054,588,2
DYy8u6nzSc1,illit_official,ILLIT,2026-05-26T18:00:12+09:00,2026-05-28T06:57:39.024080+09:00,37.0,212418,565,0,0,2574977,1720,3
DYzRUlPzDKr,illit_official,ILLIT,2026-05-26T21:00:49+09:00,2026-05-28T06:57:39.024080+09:00,33.9,72189,242,0,0,1095331,877,1
DYuHs6sJCpR,officialfromis_9,fromis_9,2026-05-24T21:00:19+09:00,2026-05-28T06:57:39.024080+09:00,82.0,21886,78,0,0,531741,45,0
DYwseqApaaf,officialfromis_9,fromis_9,2026-05-25T21:00:27+09:00,2026-05-28T06:57:39.024080+09:00,58.0,24841,87,0,0,433214,27,0
DYzG7p8zt9s,wooah_nv,WOOAH,2026-05-26T19:30:16+09:00,2026-05-28T06:57:39.024080+09:00,35.5,7099,82,0,0,81932,99,1
DYt6BG9vDHF,billlie.official,Billlie,2026-05-24T19:00:10+09:00,2026-05-28T06:57:39.024080+09:00,84.0,12272,88,0,0,199557,70,0
DYuEP1XPnti,billlie.official,Billlie,2026-05-24T20:30:08+09:00,2026-05-28T06:57:39.024080+09:00,82.5,24437,134,0,0,539027,139,1
DYwKH84RjPB,billlie.official,Billlie,2026-05-25T16:00:09+09:00,2026-05-28T06:57:39.024080+09:00,63.0,7444,42,0,0,75227,49,0
DYwQ-SmxQRm,billlie.official,Billlie,2026-05-25T17:00:11+09:00,2026-05-28T06:57:39.024080+09:00,62.0,8485,27,0,0,145763,30,0
DYwpAUXPDOD,billlie.official,Billlie,2026-05-25T20:30:09+09:00,2026-05-28T06:57:39.024080+09:00,58.5,27048,105,0,0,249942,84,0
DYwseIwv_0V,billlie.official,Billlie,2026-05-25T21:00:12+09:00,2026-05-28T06:57:39.024080+09:00,58.0,24395,231,0,0,183593,135,0
DYyhz4IPrR-,billlie.official,Billlie,2026-05-26T14:06:28+09:00,2026-05-28T06:57:39.024080+09:00,40.9,7639,52,0,0,89867,71,2
DYyoIUsvvPk,billlie.official,Billlie,2026-05-26T15:00:10+09:00,2026-05-28T06:57:39.024080+09:00,40.0,8872,28,0,0,150244,90,0
DYzALZFx6bc,billlie.official,Billlie,2026-05-26T18:30:10+09:00,2026-05-28T06:57:39.024080+09:00,36.5,4722,28,0,0,88149,48,1
DYzG-33vbcR,billlie.official,Billlie,2026-05-26T19:30:11+09:00,2026-05-28T06:57:39.024080+09:00,35.5,3457,15,0,0,45042,33,1
DYzN2rfPIxF,billlie.official,Billlie,2026-05-26T20:30:11+09:00,2026-05-28T06:57:39.024080+09:00,34.5,11948,57,0,0,123715,113,1
DYzYPexvT3A,billlie.official,Billlie,2026-05-26T22:02:46+09:00,2026-05-28T06:57:39.024080+09:00,32.9,6413,42,0,0,66645,60,2
DYt5rvvPWDo,qwerband_official,QWER,2026-05-24T19:00:41+09:00,2026-05-28T06:57:39.024080+09:00,83.9,22085,131,0,0,218115,104,1
DYt6Drkv1pW,qwerband_official,QWER,2026-05-24T19:04:01+09:00,2026-05-28T06:57:39.024080+09:00,83.9,15771,110,0,0,171736,67,1
DYt6WGcPd2d,qwerband_official,QWER,2026-05-24T19:05:32+09:00,2026-05-28T06:57:39.024080+09:00,83.9,13408,104,0,0,150218,50,1
DYt6ZI2P8-s,qwerband_official,QWER,2026-05-24T19:06:21+09:00,2026-05-28T06:57:39.024080+09:00,83.9,11126,119,0,0,162953,41,0
DYwDjdSPW8m,qwerband_official,QWER,2026-05-25T15:03:26+09:00,2026-05-28T06:57:39.024080+09:00,63.9,16922,118,0,0,342896,42,0
DYvujyQp50e,lun8_official,LUN8,2026-05-25T12:00:09+09:00,2026-05-28T06:57:39.024080+09:00,67.0,14669,309,0,0,97689,86,0
DYyTdCdSLwP,lun8_official,LUN8,2026-05-26T12:00:52+09:00,2026-05-28T06:57:39.024080+09:00,42.9,2830,33,0,0,22156,21,0
DY04H5IyJhx,lun8_official,LUN8,2026-05-27T12:00:00+09:00,2026-05-28T06:57:39.024080+09:00,19.0,1809,48,0,0,18756,47,2
DYzDm4gBw2r,official_oneus,ONEUS,2026-05-26T19:01:08+09:00,2026-05-28T06:57:39.024080+09:00,35.9,10242,92,0,0,95207,91,0
DYt0D1cROZV,s2it_official,S2IT,2026-05-24T18:09:28+09:00,2026-05-28T06:57:39.024080+09:00,84.8,1026,32,0,0,23509,3,0
DYwDOcGRt2N,s2it_official,S2IT,2026-05-25T15:00:24+09:00,2026-05-28T06:57:39.024080+09:00,64.0,730,23,0,0,17330,3,0
DYw6NmSzPVD,s2it_official,S2IT,2026-05-25T23:00:59+09:00,2026-05-28T06:57:39.024080+09:00,55.9,1261,33,0,0,23908,5,0
DYyhQ2CPwdt,tpst__official,TEMPEST,2026-05-26T14:00:09+09:00,2026-05-28T06:57:39.024080+09:00,41.0,2129,31,0,0,14828,7,0
DYzKagAv3nz,tpst__official,TEMPEST,2026-05-26T20:00:43+09:00,2026-05-28T06:57:39.024080+09:00,34.9,15810,185,0,0,147555,185,0
DYv1h0QB_qR,wearedrippin,DRIPPIN,2026-05-25T13:00:09+09:00,2026-05-28T06:57:39.024080+09:00,66.0,1698,14,0,0,19395,5,0
DYwbTaXBioV,wearedrippin,DRIPPIN,2026-05-25T18:30:09+09:00,2026-05-28T06:57:39.024080+09:00,60.5,1199,7,0,0,12992,0,0
DYwzTqzhHPE,wearedrippin,DRIPPIN,2026-05-25T22:00:16+09:00,2026-05-28T06:57:39.024080+09:00,57.0,1405,53,0,0,14655,5,0
DYyThkUB7ZC,wearedrippin,DRIPPIN,2026-05-26T12:00:10+09:00,2026-05-28T06:57:39.024080+09:00,43.0,1210,11,0,0,13064,4,0
DYybjIBh4cO,wearedrippin,DRIPPIN,2026-05-26T12:49:09+09:00,2026-05-28T06:57:39.024080+09:00,42.1,2164,23,0,0,24709,7,0
DYyaVeVBJ5t,wearedrippin,DRIPPIN,2026-05-26T13:00:10+09:00,2026-05-28T06:57:39.024080+09:00,42.0,993,13,0,0,10232,3,0
DYyhPhShoVV,wearedrippin,DRIPPIN,2026-05-26T14:00:11+09:00,2026-05-28T06:57:39.024080+09:00,41.0,915,7,0,0,9606,5,0
DYzHRCuRhhO,wearedrippin,DRIPPIN,2026-05-26T19:34:53+09:00,2026-05-28T06:57:39.024080+09:00,35.4,689,4,0,0,8750,2,0
DYzN4m-Btvw,wearedrippin,DRIPPIN,2026-05-26T20:01:49+09:00,2026-05-28T06:57:39.024080+09:00,34.9,697,4,0,0,6466,3,0
DYzOcu4hBr1,wearedrippin,DRIPPIN,2026-05-26T20:02:24+09:00,2026-05-28T06:57:39.024080+09:00,34.9,1147,12,0,0,10846,5,0
DYzYIwHBKL5,wearedrippin,DRIPPIN,2026-05-26T22:00:19+09:00,2026-05-28T06:57:39.024080+09:00,33.0,929,5,0,0,10508,3,0
DYvze51SLny,wena_official_,We;Na,2026-05-25T12:43:25+09:00,2026-05-28T06:57:39.024080+09:00,66.2,471,12,0,0,9362,3,0
DYy7VQpS5wt,wena_official_,We;Na,2026-05-26T17:49:35+09:00,2026-05-28T06:57:39.024080+09:00,37.1,495,13,0,0,9913,7,0
DYt6C0EBzSz,kiiikiii.official,KiiiKiii,2026-05-24T19:00:49+09:00,2026-05-28T06:57:39.024080+09:00,83.9,36575,79,0,0,633019,226,0
DYzKfjghjFZ,kiiikiii.official,KiiiKiii,2026-05-26T20:00:20+09:00,2026-05-28T06:57:39.024080+09:00,35.0,99109,246,0,0,1098630,593,1
DYwpfHry3bN,official_burvey,Burvey,2026-05-25T20:34:40+09:00,2026-05-28T06:57:39.024080+09:00,58.4,364,14,0,0,7841,0,0
DYzRPh2ToBt,official.irise,IRISÉ,2026-05-26T21:00:08+09:00,2026-05-28T06:57:39.024080+09:00,34.0,1009,8,0,0,9552,15,0
DYy8YBAhY9H,we_fiftyfifty,FIFTY FIFTY,2026-05-26T18:00:04+09:00,2026-05-28T06:57:39.024080+09:00,37.0,13168,146,0,0,210984,149,0
DYuBbguhkjC,itzy.all.in.us,ITZY,2026-05-24T20:04:09+09:00,2026-05-28T07:57:39.021782+09:00,83.9,63352,1022,0,0,830189,326,0
DYuHq2_ydVr,itzy.all.in.us,ITZY,2026-05-24T21:00:09+09:00,2026-05-28T07:57:39.021782+09:00,83.0,108174,1076,0,0,1014857,589,0
DYuLHgvyCy0,itzy.all.in.us,ITZY,2026-05-24T21:30:10+09:00,2026-05-28T07:57:39.021782+09:00,82.5,209664,1284,0,0,2299147,1355,3
DYvuBZoS_MT,itzy.all.in.us,ITZY,2026-05-25T11:55:14+09:00,2026-05-28T07:57:39.021782+09:00,68.0,119141,1310,0,0,871830,259,0
DYwX2sHSk21,itzy.all.in.us,ITZY,2026-05-25T18:00:11+09:00,2026-05-28T07:57:39.021782+09:00,62.0,151439,1141,0,0,1463957,369,0
DYwlFYCyMHg,itzy.all.in.us,ITZY,2026-05-25T19:58:30+09:00,2026-05-28T07:57:39.021782+09:00,60.0,129070,1118,0,0,1144574,316,0
DYysrcRy1jW,itzy.all.in.us,ITZY,2026-05-26T15:40:43+09:00,2026-05-28T07:57:39.021782+09:00,40.3,110062,1113,0,0,1083003,563,4
DYy1x9ySdQm,itzy.all.in.us,ITZY,2026-05-26T17:00:11+09:00,2026-05-28T07:57:39.021782+09:00,39.0,95615,1165,0,0,1080170,475,5
DYzAJpnSZY6,itzy.all.in.us,ITZY,2026-05-26T18:31:08+09:00,2026-05-28T07:57:39.021782+09:00,37.4,53857,1050,0,0,714778,297,0
DYzR1RhScLh,itzy.all.in.us,ITZY,2026-05-26T21:07:23+09:00,2026-05-28T07:57:39.021782+09:00,34.8,94761,1074,0,0,1099412,587,1
DYthuaQvrSi,ivestarship,IVE,2026-05-24T15:29:43+09:00,2026-05-28T10:57:38.884735+09:00,91.5,131913,465,0,0,1782761,666,0
DYtlX1jRDvE,ivestarship,IVE,2026-05-24T16:00:10+09:00,2026-05-28T10:57:38.884735+09:00,91.0,139036,315,0,0,1691857,973,2
DYuOjHDRZZS,ivestarship,IVE,2026-05-24T22:00:11+09:00,2026-05-28T10:57:38.884735+09:00,85.0,166176,702,0,0,2205130,939,2
DYuV71EviWk,ivestarship,IVE,2026-05-24T23:07:16+09:00,2026-05-28T10:57:38.884735+09:00,83.8,75622,348,0,0,787155,469,0
DYwRDXOx8BN,ivestarship,IVE,2026-05-25T17:00:08+09:00,2026-05-28T10:57:38.884735+09:00,66.0,126759,342,0,0,1515446,766,0
DYwsLC4v2Vo,ivestarship,IVE,2026-05-25T20:59:18+09:00,2026-05-28T10:57:38.884735+09:00,62.0,123725,371,0,0,1529642,947,0
DYyu6H6BPt-,ivestarship,IVE,2026-05-26T16:00:12+09:00,2026-05-28T10:57:38.884735+09:00,43.0,105306,359,0,0,1042879,1257,2
DY04S4PyXtn,wjsn_cosmic,WJSN,2026-05-27T12:00:09+09:00,2026-05-28T10:57:38.884735+09:00,23.0,5778,99,0,0,44310,181,1
DYwzU8PPxhn,sa2m2nam3,SMN,2026-05-25T22:00:00+09:00,2026-05-28T10:57:38.884735+09:00,61.0,11308,111,0,0,99664,70,0
DYy8uCsT34v,we.madein.u,MADEIN,2026-05-26T18:00:08+09:00,2026-05-28T10:57:38.884735+09:00,41.0,2010,18,0,0,82299,27,0
DYy13iIB-0p,ifeye_official,ifeye,2026-05-26T17:00:13+09:00,2026-05-28T10:57:38.884735+09:00,42.0,2317,13,0,0,24603,29,0
DYy8roAB7e3,ifeye_official,ifeye,2026-05-26T18:00:10+09:00,2026-05-28T10:57:38.884735+09:00,41.0,4702,36,0,0,40390,67,0
DYy9O8lByMI,ifeye_official,ifeye,2026-05-26T18:05:08+09:00,2026-05-28T10:57:38.884735+09:00,40.9,3522,25,0,0,32617,59,0
DYzlLGhpVO_,xodiacofficial,XODIAC,2026-05-26T23:59:25+09:00,2026-05-28T10:57:38.884735+09:00,35.0,9425,608,0,0,125350,143,3
DYwlpXVvyEv,82major_official,82MAJOR,2026-05-25T18:59:37+09:00,2026-05-28T10:57:38.884735+09:00,64.0,10604,54,0,0,81307,86,0
DYwlmzovAsP,82major_official,82MAJOR,2026-05-25T20:00:11+09:00,2026-05-28T10:57:38.884735+09:00,63.0,41144,140,0,0,374741,413,0
DYy8ouIPXvl,82major_official,82MAJOR,2026-05-26T18:00:28+09:00,2026-05-28T10:57:38.884735+09:00,41.0,7558,41,0,0,55946,85,2
DYzDgEMPQzb,82major_official,82MAJOR,2026-05-26T19:00:10+09:00,2026-05-28T10:57:38.884735+09:00,40.0,4458,41,0,0,41427,43,3
DYwXqqDTRI7,thewind.official,The Wind,2026-05-25T18:00:18+09:00,2026-05-28T10:57:38.884735+09:00,65.0,8518,54,0,0,55900,146,0
DYwEsswx-RQ,dxmon_hm,DXMON,2026-05-25T15:13:24+09:00,2026-05-28T10:57:38.884735+09:00,67.7,1825,18,0,0,29542,2,0
DYwZFmtRyhR,dxmon_hm,DXMON,2026-05-25T18:12:01+09:00,2026-05-28T10:57:38.884735+09:00,64.8,597,17,0,0,5088,2,0
DYyrf9tz7IC,dxmon_hm,DXMON,2026-05-26T15:30:12+09:00,2026-05-28T10:57:38.884735+09:00,43.5,1137,26,0,0,7880,17,0
DYtXpuayiPV,xikers_official,xikers,2026-05-24T14:00:09+09:00,2026-05-28T10:57:38.884735+09:00,93.0,17440,187,0,0,120770,59,0
DYtlXbPShwN,xikers_official,xikers,2026-05-24T16:00:11+09:00,2026-05-28T10:57:38.884735+09:00,91.0,8713,46,0,0,170648,69,0
DYuHqmIyN-x,xikers_official,xikers,2026-05-24T21:00:18+09:00,2026-05-28T10:57:38.884735+09:00,86.0,14592,135,0,0,84900,125,0
DYuVbmYT0h-,xikers_official,xikers,2026-05-24T23:01:12+09:00,2026-05-28T10:57:38.884735+09:00,83.9,10451,88,0,0,61743,88,1
DYwKN7OScBk,xikers_official,xikers,2026-05-25T16:00:10+09:00,2026-05-28T10:57:38.884735+09:00,67.0,8751,63,0,0,123668,152,0
DYwREASyvPh,xikers_official,xikers,2026-05-25T17:00:11+09:00,2026-05-28T10:57:38.884735+09:00,66.0,24665,70,0,0,182531,121,0
DYwlk2CSWC9,xikers_official,xikers,2026-05-25T20:00:14+09:00,2026-05-28T10:57:38.884735+09:00,63.0,16151,59,0,0,103822,73,0
DYwsiCZye8-,xikers_official,xikers,2026-05-25T21:00:11+09:00,2026-05-28T10:57:38.884735+09:00,62.0,10728,105,0,0,71164,86,2
DYwzXfEyJUG,xikers_official,xikers,2026-05-25T22:00:16+09:00,2026-05-28T10:57:38.884735+09:00,61.0,13993,64,0,0,113893,95,0
DYyW6w0SeZ6,xikers_official,xikers,2026-05-26T12:30:10+09:00,2026-05-28T10:57:38.884735+09:00,46.5,11498,96,0,0,79900,87,0
DYyd04nyn6t,xikers_official,xikers,2026-05-26T13:30:09+09:00,2026-05-28T10:57:38.884735+09:00,45.5,8141,34,0,0,58208,81,0
DYyybv2yxId,xikers_official,xikers,2026-05-26T16:30:12+09:00,2026-05-28T10:57:38.884735+09:00,42.5,7576,66,0,0,51619,81,1
DYzDklHSslc,xikers_official,xikers,2026-05-26T19:00:09+09:00,2026-05-28T10:57:38.884735+09:00,40.0,8250,65,0,0,55921,80,1
DYzRPtlyTBd,xikers_official,xikers,2026-05-26T21:00:09+09:00,2026-05-28T10:57:38.884735+09:00,38.0,6829,42,0,0,48504,51,0
DY0xZ8PS-t9,xikers_official,xikers,2026-05-27T11:00:12+09:00,2026-05-28T10:57:38.884735+09:00,24.0,29308,234,0,0,186385,1483,11
DY0_HrJy0yy,xikers_official,xikers,2026-05-27T13:00:12+09:00,2026-05-28T10:57:38.884735+09:00,22.0,33992,687,0,0,236477,2993,30
DYvuuKfjzwF,official.dkb,DKB,2026-05-25T12:01:14+09:00,2026-05-28T10:57:38.884735+09:00,70.9,1525,9,0,0,17378,4,0
DYwot1HTqLb,official.dkb,DKB,2026-05-25T20:28:36+09:00,2026-05-28T10:57:38.884735+09:00,62.5,1518,17,0,0,16180,6,0
DYwNlbVTlx_,close.your.eyes.official,CLOSE YOUR EYES,2026-05-25T16:30:11+09:00,2026-05-28T10:57:38.884735+09:00,66.5,7465,71,0,0,67516,56,1
DYwsia1zrY5,close.your.eyes.official,CLOSE YOUR EYES,2026-05-25T21:00:30+09:00,2026-05-28T10:57:38.884735+09:00,62.0,13760,144,0,0,113245,98,2
DYuKYlCJfhx,idid_starship,IDID,2026-05-24T21:30:03+09:00,2026-05-28T10:57:38.884735+09:00,85.5,9743,71,0,0,93603,67,0
DYuLHJZJX-l,idid_starship,IDID,2026-05-24T21:30:53+09:00,2026-05-28T10:57:38.884735+09:00,85.4,5434,51,0,0,53831,62,0
DYuLNtGJRPA,idid_starship,IDID,2026-05-24T21:31:49+09:00,2026-05-28T10:57:38.884735+09:00,85.4,6148,56,0,0,66175,62,0
DYuLUnop2VD,idid_starship,IDID,2026-05-24T21:32:40+09:00,2026-05-28T10:57:38.884735+09:00,85.4,4931,28,0,0,51351,69,0
DYuLa5OJEBE,idid_starship,IDID,2026-05-24T21:33:31+09:00,2026-05-28T10:57:38.884735+09:00,85.4,7955,50,0,0,79157,72,0
DYuLhIZJc0X,idid_starship,IDID,2026-05-24T21:34:20+09:00,2026-05-28T10:57:38.884735+09:00,85.4,6671,56,0,0,66289,69,0
DYuLohyJu-e,idid_starship,IDID,2026-05-24T21:35:21+09:00,2026-05-28T10:57:38.884735+09:00,85.4,8909,77,0,0,84735,101,0
DYwvPpVJ5Ra,idid_starship,IDID,2026-05-25T21:30:03+09:00,2026-05-28T10:57:38.884735+09:00,61.5,16821,163,0,0,178156,124,0
DYzUJ6FJuVF,idid_starship,IDID,2026-05-26T21:30:04+09:00,2026-05-28T10:57:38.884735+09:00,37.5,18043,93,0,0,153289,495,0
DYtsReLBu1Y,cortis,CORTIS,2026-05-24T17:00:09+09:00,2026-05-28T10:57:38.884735+09:00,90.0,644023,3511,0,0,5611884,4045,6
DYuVeMlBxXI,cortis,CORTIS,2026-05-24T23:00:07+09:00,2026-05-28T10:57:38.884735+09:00,84.0,696685,3432,0,0,6052524,5640,12
DYv2uN5BqWY,cortis,CORTIS,2026-05-25T13:00:04+09:00,2026-05-28T10:57:38.884735+09:00,70.0,1042756,2966,0,0,9888133,6615,5
DYwDPm8BGFK,cortis,CORTIS,2026-05-25T15:00:09+09:00,2026-05-28T10:57:38.884735+09:00,68.0,717423,5886,0,0,7194084,3601,6
DYwewv_hCXQ,cortis,CORTIS,2026-05-25T19:00:10+09:00,2026-05-28T10:57:38.884735+09:00,64.0,603849,2206,0,0,5935705,4009,3
DYw6QYchZob,cortis,CORTIS,2026-05-25T23:00:20+09:00,2026-05-28T10:57:38.884735+09:00,60.0,555247,1707,0,0,5716054,4053,8
DYyhLRGBeJj,cortis,CORTIS,2026-05-26T14:00:10+09:00,2026-05-28T10:57:38.884735+09:00,45.0,704064,3193,0,0,6351227,7384,11
DYy1z5EBY-t,cortis,CORTIS,2026-05-26T17:00:13+09:00,2026-05-28T10:57:38.884735+09:00,42.0,589703,1905,0,0,5967773,7828,6
DYze-AOBbrD,cortis,CORTIS,2026-05-26T23:00:17+09:00,2026-05-28T10:57:38.884735+09:00,36.0,1261381,7000,0,0,11759415,21083,61
DY0xg2mAUuj,cortis,CORTIS,2026-05-27T11:02:04+09:00,2026-05-28T10:57:38.884735+09:00,23.9,433243,2837,0,0,4527169,10076,76
DYucTcQl-JK,ald1.official,ALPHA DRIVE ONE,2026-05-25T00:01:12+09:00,2026-05-28T10:57:38.884735+09:00,82.9,76720,2151,0,0,837218,171,2
DYzA2KwsT90,ald1.official,ALPHA DRIVE ONE,2026-05-26T18:37:36+09:00,2026-05-28T10:57:38.884735+09:00,40.3,55871,676,0,0,636936,397,2
DYzBXCUM1k0,ald1.official,ALPHA DRIVE ONE,2026-05-26T18:42:08+09:00,2026-05-28T10:57:38.884735+09:00,40.3,94059,1268,0,0,1257438,3124,5
DYzCXiAwE36,ald1.official,ALPHA DRIVE ONE,2026-05-26T18:51:09+09:00,2026-05-28T10:57:38.884735+09:00,40.1,52943,520,0,0,548192,429,0
DYzfCDRPsFS,ald1.official,ALPHA DRIVE ONE,2026-05-26T23:01:10+09:00,2026-05-28T10:57:38.884735+09:00,35.9,63184,625,0,0,531734,858,1
DYzfnmWRJqA,ald1.official,ALPHA DRIVE ONE,2026-05-26T23:06:20+09:00,2026-05-28T10:57:38.884735+09:00,35.9,58459,488,0,0,538771,790,1
DYzgGiFSoDG,ald1.official,ALPHA DRIVE ONE,2026-05-26T23:10:29+09:00,2026-05-28T10:57:38.884735+09:00,35.8,63945,1059,0,0,585199,957,1
DYwlplSh3b-,axmxp_official,AxMxP,2026-05-25T20:00:12+09:00,2026-05-28T10:57:38.884735+09:00,63.0,3893,69,0,0,27424,21,0
DYuHuN4zWVy,lngshot4sho,LNGSHOT,2026-05-24T21:00:21+09:00,2026-05-28T10:57:38.884735+09:00,86.0,234270,860,0,0,2018879,2388,2
DYvur9EzamY,lngshot4sho,LNGSHOT,2026-05-25T12:00:13+09:00,2026-05-28T10:57:38.884735+09:00,71.0,193603,1737,0,0,1582204,1078,3
DYwX6G9TNkA,lngshot4sho,LNGSHOT,2026-05-25T18:00:09+09:00,2026-05-28T10:57:38.884735+09:00,65.0,177134,1345,0,0,1425387,1256,3
DYx-2Olhyr6,lngshot4sho,LNGSHOT,2026-05-26T09:00:08+09:00,2026-05-28T10:57:38.884735+09:00,50.0,211435,1515,0,0,1630793,1870,2
DYyoJZhBqxz,lngshot4sho,LNGSHOT,2026-05-26T15:00:10+09:00,2026-05-28T10:57:38.884735+09:00,44.0,196276,1359,0,0,1537229,3188,6
DYy8ohJhEW8,lngshot4sho,LNGSHOT,2026-05-26T18:00:29+09:00,2026-05-28T10:57:38.884735+09:00,41.0,107905,540,0,0,964483,1359,10
DY04RyXzJ5a,lngshot4sho,LNGSHOT,2026-05-27T12:00:11+09:00,2026-05-28T10:57:38.884735+09:00,23.0,176051,1438,0,0,1449114,7665,27
DYtsMqmBUOO,yuhz_official,YUHZ,2026-05-24T17:00:11+09:00,2026-05-28T10:57:38.884735+09:00,90.0,5361,61,0,0,60648,33,0
DYvt_5mSNw2,yuhz_official,YUHZ,2026-05-25T12:00:08+09:00,2026-05-28T10:57:38.884735+09:00,71.0,2965,51,0,0,27631,30,1
DYwyG5Vy676,yuhz_official,YUHZ,2026-05-25T22:00:34+09:00,2026-05-28T10:57:38.884735+09:00,61.0,1113,24,0,0,12283,8,1
DYwDRP6ytTI,tunexx_official,TUNEXX,2026-05-25T15:00:10+09:00,2026-05-28T10:57:38.884735+09:00,68.0,4469,27,0,0,32976,20,0
DYwX9jYzXkI,thessyndrome_official,THE SSYNDROME,2026-05-25T18:02:08+09:00,2026-05-28T10:57:38.884735+09:00,64.9,239,3,0,0,1961,0,0
DYy7ry6zpvA,thessyndrome_official,THE SSYNDROME,2026-05-26T18:01:00+09:00,2026-05-28T10:57:38.884735+09:00,40.9,191,3,0,0,2052,0,0
DYtbCW_hUr7,nmixx_official,NMIXX,2026-05-24T14:30:10+09:00,2026-05-28T10:57:38.884735+09:00,92.5,169148,422,0,0,1883146,1191,5
DYweyS1BugI,nmixx_official,NMIXX,2026-05-25T19:00:10+09:00,2026-05-28T10:57:38.884735+09:00,64.0,88830,206,0,0,1019939,330,1
DYze_0MOnNK,nmixx_official,NMIXX,2026-05-26T23:04:20+09:00,2026-05-28T10:57:38.884735+09:00,35.9,209670,1090,0,0,1729621,2953,8
DYzieSvOwiw,nmixx_official,NMIXX,2026-05-26T23:31:22+09:00,2026-05-28T10:57:38.884735+09:00,35.4,54011,234,0,0,576822,644,0
DYtXhfJvKUp,kiiras__official,KIIRAS,2026-05-24T14:00:27+09:00,2026-05-28T10:57:38.884735+09:00,93.0,2372,16,0,0,26481,16,0
DYtlM6zPlV4,kiiras__official,KIIRAS,2026-05-24T16:00:12+09:00,2026-05-28T10:57:38.884735+09:00,91.0,5096,55,0,0,56949,75,0
DYv8dWWvA5x,kiiras__official,KIIRAS,2026-05-25T14:01:50+09:00,2026-05-28T10:57:38.884735+09:00,68.9,1655,20,0,0,18952,9,0
DYyhlPqvc7M,kiiras__official,KIIRAS,2026-05-26T14:04:37+09:00,2026-05-28T10:57:38.884735+09:00,44.9,2054,16,0,0,21217,30,0
DYyoEbkpnV6,kiiras__official,KIIRAS,2026-05-26T15:00:10+09:00,2026-05-28T10:57:38.884735+09:00,44.0,2264,27,0,0,24191,29,1
DYytHmXvBEH,kiiras__official,KIIRAS,2026-05-26T15:47:41+09:00,2026-05-28T10:57:38.884735+09:00,43.2,7059,106,0,0,57133,137,2
DYyu5Mqv8qQ,kiiras__official,KIIRAS,2026-05-26T16:01:01+09:00,2026-05-28T10:57:38.884735+09:00,42.9,1450,13,0,0,22613,27,0
DYwYy_oyS5G,4x4crew_4x4studio,Afuture,2026-05-25T18:10:59+09:00,2026-05-28T10:57:38.884735+09:00,64.8,1307,30,0,0,179676,14,0
DYyTngwT3o8,4x4crew_4x4studio,Afuture,2026-05-26T08:00:24+09:00,2026-05-28T10:57:38.884735+09:00,51.0,162,4,0,0,5386,2,0
DYzSej5KBdT,4x4crew_4x4studio,Afuture,2026-05-26T21:11:41+09:00,2026-05-28T10:57:38.884735+09:00,37.8,260,3,0,0,13137,3,0
DYuVZEWh41B,saythename_17,SEVENTEEN,2026-05-24T23:00:13+09:00,2026-05-28T10:57:38.884735+09:00,84.0,440341,4368,0,0,3909614,1971,6
DYwlntdBx8a,saythename_17,SEVENTEEN,2026-05-25T20:00:17+09:00,2026-05-28T10:57:38.884735+09:00,63.0,370158,2477,0,0,3589282,1351,3
DYwmwzOhssb,saythename_17,SEVENTEEN,2026-05-25T20:10:11+09:00,2026-05-28T10:57:38.884735+09:00,62.8,321534,1645,0,0,3165533,1752,3
DYvvSswhThT,bts.bighitofficial,BTS,2026-05-25T12:01:05+09:00,2026-05-28T10:57:38.884735+09:00,70.9,887961,3206,0,0,12387441,6315,18
DYzQ8CJzX6Y,realstraykids,Stray Kids,2026-05-26T20:58:04+09:00,2026-05-28T10:57:38.884735+09:00,38.0,1064640,8292,0,0,8824428,15091,63
DYtXrOLJgJI,zb1official,ZEROBASEONE,2026-05-24T14:01:30+09:00,2026-05-28T10:57:38.884735+09:00,92.9,81927,544,0,0,668496,490,5
DYubqGyJcEj,zb1official,ZEROBASEONE,2026-05-25T00:00:35+09:00,2026-05-28T10:57:38.884735+09:00,83.0,74481,708,0,0,752173,321,0
DYv1hDNpdV_,zb1official,ZEROBASEONE,2026-05-25T13:00:51+09:00,2026-05-28T10:57:38.884735+09:00,69.9,62730,602,0,0,549974,228,0
DYwssnxpajy,zb1official,ZEROBASEONE,2026-05-25T21:02:50+09:00,2026-05-28T10:57:38.884735+09:00,61.9,43957,204,0,0,423050,194,0
DYyallZJ1EB,zb1official,ZEROBASEONE,2026-05-26T13:03:29+09:00,2026-05-28T10:57:38.884735+09:00,45.9,56262,320,0,0,484162,467,1
DYy8G1eJDzJ,zb1official,ZEROBASEONE,2026-05-26T17:59:21+09:00,2026-05-28T10:57:38.884735+09:00,41.0,70935,225,0,0,570154,912,0
DYzfAOTpXXQ,zb1official,ZEROBASEONE,2026-05-26T23:02:30+09:00,2026-05-28T10:57:38.884735+09:00,35.9,74173,291,0,0,611993,976,4
DYy8pgISdIT,plave_official,PLAVE,2026-05-26T18:00:25+09:00,2026-05-28T10:57:38.884735+09:00,41.0,38506,314,0,0,309913,339,2
DYzDj0Ryi9d,plave_official,PLAVE,2026-05-26T19:00:27+09:00,2026-05-28T10:57:38.884735+09:00,40.0,133692,2880,0,0,1288661,1327,8
DYubRJYzBXz,riize_official,RIIZE,2026-05-25T00:00:31+09:00,2026-05-28T10:57:38.884735+09:00,83.0,190293,3216,0,0,2068913,550,4
DYvusruzE2V,riize_official,RIIZE,2026-05-25T12:01:13+09:00,2026-05-28T10:57:38.884735+09:00,70.9,144191,1655,0,0,1220791,525,4
DYwX5aUTfhI,riize_official,RIIZE,2026-05-25T18:01:05+09:00,2026-05-28T10:57:38.884735+09:00,64.9,209597,1508,0,0,1583170,1269,1
DYwzYEsze0F,riize_official,RIIZE,2026-05-25T22:01:09+09:00,2026-05-28T10:57:38.884735+09:00,60.9,203949,1365,0,0,2073835,939,0
DYxAvb9zgro,riize_official,RIIZE,2026-05-26T00:00:23+09:00,2026-05-28T10:57:38.884735+09:00,59.0,119470,2675,0,0,1560788,449,3
DYyYJD1TdJ9,riize_official,RIIZE,2026-05-26T12:41:57+09:00,2026-05-28T10:57:38.884735+09:00,46.3,134865,1716,0,0,1354927,1327,13
DYzllMMTujI,riize_official,RIIZE,2026-05-27T00:00:22+09:00,2026-05-28T10:57:38.884735+09:00,35.0,158087,3869,0,0,1821782,1518,7
DYznXROTkZm,riize_official,RIIZE,2026-05-27T00:14:43+09:00,2026-05-28T10:57:38.884735+09:00,34.7,87441,1381,0,0,615400,1022,0
DYznr1oTPLa,riize_official,RIIZE,2026-05-27T00:17:33+09:00,2026-05-28T10:57:38.884735+09:00,34.7,82117,903,0,0,539785,1247,2
DYzodd9zzdq,riize_official,RIIZE,2026-05-27T00:25:01+09:00,2026-05-28T10:57:38.884735+09:00,34.5,77301,733,0,0,548776,1414,2
DYzpPyZzZOV,riize_official,RIIZE,2026-05-27T00:30:54+09:00,2026-05-28T10:57:38.884735+09:00,34.4,120821,1171,0,0,816306,1936,2
DY04R5hTfTP,riize_official,RIIZE,2026-05-27T12:01:05+09:00,2026-05-28T10:57:38.884735+09:00,22.9,192371,1407,0,0,1417958,6995,24
DYtegwHy11B,boynextdoor_official,BOYNEXTDOOR,2026-05-24T15:00:09+09:00,2026-05-28T10:57:38.884735+09:00,92.0,165255,856,0,0,1481453,735,3
DYuVbrgS4L4,boynextdoor_official,BOYNEXTDOOR,2026-05-24T22:02:53+09:00,2026-05-28T10:57:38.884735+09:00,84.9,96241,423,0,0,681938,372,0
DYuVZP0S4Hv,boynextdoor_official,BOYNEXTDOOR,2026-05-24T23:00:11+09:00,2026-05-28T10:57:38.884735+09:00,84.0,138831,766,0,0,1188538,372,0
DYv8Z-Ny_AE,boynextdoor_official,BOYNEXTDOOR,2026-05-25T14:00:08+09:00,2026-05-28T10:57:38.884735+09:00,69.0,307319,1237,0,0,3283861,2486,15
DYweuUpSHnC,boynextdoor_official,BOYNEXTDOOR,2026-05-25T19:00:11+09:00,2026-05-28T10:57:38.884735+09:00,64.0,108694,254,0,0,941348,494,0
DYwpA44yHod,boynextdoor_official,BOYNEXTDOOR,2026-05-25T20:30:54+09:00,2026-05-28T10:57:38.884735+09:00,62.4,93726,158,0,0,831463,430,0
DYw6OFjSxLH,boynextdoor_official,BOYNEXTDOOR,2026-05-25T22:04:16+09:00,2026-05-28T10:57:38.884735+09:00,60.9,103895,419,0,0,737848,481,0
DYyYsvxBX93,boynextdoor_official,BOYNEXTDOOR,2026-05-26T12:46:35+09:00,2026-05-28T10:57:38.884735+09:00,46.2,149715,757,0,0,1194901,1313,1
DYy3BtnPP5v,boynextdoor_official,BOYNEXTDOOR,2026-05-26T17:12:41+09:00,2026-05-28T10:57:38.884735+09:00,41.7,198453,621,0,0,1715622,2157,4
DYzGhI-PMif,boynextdoor_official,BOYNEXTDOOR,2026-05-26T19:30:24+09:00,2026-05-28T10:57:38.884735+09:00,39.5,94716,149,0,0,822933,1054,1
DYzH5XXv-YA,boynextdoor_official,BOYNEXTDOOR,2026-05-26T19:40:03+09:00,2026-05-28T10:57:38.884735+09:00,39.3,122143,391,0,0,1215354,1217,1
DYze-tzR1Q0,boynextdoor_official,BOYNEXTDOOR,2026-05-26T22:02:38+09:00,2026-05-28T10:57:38.884735+09:00,36.9,107450,490,0,0,714371,1043,2
DY07r_oSPyp,boynextdoor_official,BOYNEXTDOOR,2026-05-27T12:30:08+09:00,2026-05-28T10:57:38.884735+09:00,22.5,133972,967,0,0,1142228,3351,8
DY09e5MytZd,boynextdoor_official,BOYNEXTDOOR,2026-05-27T12:45:10+09:00,2026-05-28T10:57:38.884735+09:00,22.2,142620,892,0,0,1131102,4492,17
DYuOjSepjet,tws_pledis,TWS,2026-05-24T22:00:11+09:00,2026-05-28T10:57:38.884735+09:00,85.0,209639,862,0,0,2207891,2651,2
DYwsgATJZHC,tws_pledis,TWS,2026-05-25T21:00:33+09:00,2026-05-28T10:57:38.884735+09:00,62.0,113323,1510,0,0,875190,576,3
DYwzVaVJp6b,tws_pledis,TWS,2026-05-25T22:00:16+09:00,2026-05-28T10:57:38.884735+09:00,61.0,127146,882,0,0,973567,833,2
DYy2b9wJ-rR,tws_pledis,TWS,2026-05-26T17:03:59+09:00,2026-05-28T10:57:38.884735+09:00,41.9,75071,290,0,0,588245,666,1
DYzKYDGJb1J,tws_pledis,TWS,2026-05-26T20:00:44+09:00,2026-05-28T10:57:38.884735+09:00,38.9,103140,726,0,0,722658,1188,4
DYzbmlIpLYs,tws_pledis,TWS,2026-05-26T22:30:13+09:00,2026-05-28T10:57:38.884735+09:00,36.5,91255,724,0,0,683095,1169,6
DYtXmYCzY3V,official_monsta_x,MONSTA X,2026-05-24T14:00:11+09:00,2026-05-28T10:57:38.884735+09:00,93.0,47785,498,0,0,375350,390,0
DYvurKDuz8W,official_monsta_x,MONSTA X,2026-05-25T12:00:51+09:00,2026-05-28T10:57:38.884735+09:00,70.9,26754,287,0,0,233741,158,3
DYvyBiOOez-,official_monsta_x,MONSTA X,2026-05-25T12:30:11+09:00,2026-05-28T10:57:38.884735+09:00,70.5,11981,86,0,0,106343,58,0
DYv1c2_PMGJ,official_monsta_x,MONSTA X,2026-05-25T13:00:18+09:00,2026-05-28T10:57:38.884735+09:00,70.0,12515,151,0,0,175700,88,0
DYwDS_PT_Un,official_monsta_x,MONSTA X,2026-05-25T15:00:14+09:00,2026-05-28T10:57:38.884735+09:00,68.0,25016,236,0,0,270674,156,0
DYwKJQQTgce,official_monsta_x,MONSTA X,2026-05-25T16:00:13+09:00,2026-05-28T10:57:38.884735+09:00,67.0,16761,255,0,0,186542,94,0
DYteRaLMoYU,aespa_official,aespa,2026-05-24T14:58:59+09:00,2026-05-28T10:57:38.884735+09:00,92.0,369509,1939,0,0,3850263,1529,1
DYthu4DMXag,aespa_official,aespa,2026-05-24T15:29:26+09:00,2026-05-28T10:57:38.884735+09:00,91.5,250581,957,0,0,5471872,1124,1
DYufICRMrPJ,aespa_official,aespa,2026-05-25T00:28:07+09:00,2026-05-28T10:57:38.884735+09:00,82.5,228534,3889,0,0,2851631,868,7
DYwXVzoM3_6,aespa_official,aespa,2026-05-25T17:57:50+09:00,2026-05-28T10:57:38.884735+09:00,65.0,297805,710,0,0,3241441,1371,0
DYwa4NPMhg5,aespa_official,aespa,2026-05-25T18:28:51+09:00,2026-05-28T10:57:38.884735+09:00,64.5,270668,1390,0,0,3442129,4198,7
DYy2f1ysMh2,aespa_official,aespa,2026-05-26T17:07:05+09:00,2026-05-28T10:57:38.884735+09:00,41.8,137726,309,0,0,2473117,931,0
DYy4yb8Mhmj,aespa_official,aespa,2026-05-26T17:30:14+09:00,2026-05-28T10:57:38.884735+09:00,41.5,125667,622,0,0,1615598,1078,1
DYy8pETstdC,aespa_official,aespa,2026-05-26T18:00:39+09:00,2026-05-28T10:57:38.884735+09:00,40.9,120769,722,0,0,1484852,1016,2
DYzAIwJsAUS,aespa_official,aespa,2026-05-26T18:31:16+09:00,2026-05-28T10:57:38.884735+09:00,40.4,194690,862,0,0,2730289,1616,6
DYzDQ1OMLuC,aespa_official,aespa,2026-05-26T19:00:32+09:00,2026-05-28T10:57:38.884735+09:00,40.0,179721,616,0,0,3146912,1456,2
DYwr64cS8BI,redvelvet.smtown,Red Velvet,2026-05-25T20:56:31+09:00,2026-05-28T10:57:38.884735+09:00,62.0,58568,286,0,0,534138,392,1
DYv0xBlgg83,babymonster_ygofficial,BABYMONSTER,2026-05-25T13:00:05+09:00,2026-05-28T10:57:38.884735+09:00,70.0,261457,1124,0,0,3881954,1959,5
DYtwUDaSa5p,le_sserafim,LE SSERAFIM,2026-05-24T17:30:12+09:00,2026-05-28T10:57:38.884735+09:00,89.5,224173,393,0,0,3210140,1780,2
DYuI5xeyFNv,le_sserafim,LE SSERAFIM,2026-05-24T21:09:57+09:00,2026-05-28T10:57:38.884735+09:00,85.8,385889,317,0,0,4943950,4547,0
DYuOpGQSM8B,le_sserafim,LE SSERAFIM,2026-05-24T22:00:17+09:00,2026-05-28T10:57:38.884735+09:00,85.0,208649,258,0,0,3071868,2391,1
DYv-LxqSs5y,le_sserafim,LE SSERAFIM,2026-05-25T14:15:29+09:00,2026-05-28T10:57:38.884735+09:00,68.7,82565,178,0,0,1253148,382,0
DYv_8yjyQCw,le_sserafim,LE SSERAFIM,2026-05-25T14:29:54+09:00,2026-05-28T10:57:38.884735+09:00,68.5,100897,213,0,0,1269255,490,0
DYwKSYWyyAZ,le_sserafim,LE SSERAFIM,2026-05-25T16:00:09+09:00,2026-05-28T10:57:38.884735+09:00,67.0,160656,260,0,0,1621819,972,2
DYwK00IyQzg,le_sserafim,LE SSERAFIM,2026-05-25T16:05:02+09:00,2026-05-28T10:57:38.884735+09:00,66.9,121253,334,0,0,1316132,731,1
DYwL9iuyg-1,le_sserafim,LE SSERAFIM,2026-05-25T16:10:02+09:00,2026-05-28T10:57:38.884735+09:00,66.8,132015,383,0,0,1628840,1042,1
DYwL59yy7Mw,le_sserafim,LE SSERAFIM,2026-05-25T16:14:59+09:00,2026-05-28T10:57:38.884735+09:00,66.7,133094,318,0,0,1454468,888,1
DYwMnJbyOJY,le_sserafim,LE SSERAFIM,2026-05-25T16:19:59+09:00,2026-05-28T10:57:38.884735+09:00,66.6,124773,382,0,0,1735222,675,1
DYwRBxryvsK,le_sserafim,LE SSERAFIM,2026-05-25T16:59:56+09:00,2026-05-28T10:57:38.884735+09:00,66.0,181400,479,0,0,1640861,780,1
DYwdnbcPm61,le_sserafim,LE SSERAFIM,2026-05-25T19:00:15+09:00,2026-05-28T10:57:38.884735+09:00,64.0,116497,136,0,0,1685896,1362,0
DYwiQvESCM5,le_sserafim,LE SSERAFIM,2026-05-25T19:29:55+09:00,2026-05-28T10:57:38.884735+09:00,63.5,196236,231,0,0,3020911,1208,0
DYw0CKeSH5x,le_sserafim,LE SSERAFIM,2026-05-25T22:00:50+09:00,2026-05-28T10:57:38.884735+09:00,60.9,650185,1268,0,0,5725851,7459,12
DYw214kSyRX,le_sserafim,LE SSERAFIM,2026-05-25T22:29:56+09:00,2026-05-28T10:57:38.884735+09:00,60.5,357303,554,0,0,4757648,3311,4
DYw4gMNSkID,le_sserafim,LE SSERAFIM,2026-05-25T22:45:19+09:00,2026-05-28T10:57:38.884735+09:00,60.2,185320,293,0,0,2376093,944,3
DYy0IGgSbGO,le_sserafim,LE SSERAFIM,2026-05-26T16:29:56+09:00,2026-05-28T10:57:38.884735+09:00,42.5,140900,186,0,0,3941636,2595,1
DYy1p7DI0so,le_sserafim,LE SSERAFIM,2026-05-26T16:59:58+09:00,2026-05-28T10:57:38.884735+09:00,42.0,77316,184,0,0,1110145,1153,0
DYy80zqSySQ,le_sserafim,LE SSERAFIM,2026-05-26T17:45:16+09:00,2026-05-28T10:57:38.884735+09:00,41.2,49567,105,0,0,705273,788,1
DYzAzImydR2,le_sserafim,LE SSERAFIM,2026-05-26T18:29:58+09:00,2026-05-28T10:57:38.884735+09:00,40.5,120433,293,0,0,1971391,1888,2
DYzDsz0SbLU,le_sserafim,LE SSERAFIM,2026-05-26T18:59:58+09:00,2026-05-28T10:57:38.884735+09:00,40.0,93459,105,0,0,1741817,1331,0
DYzHFxYJE22,le_sserafim,LE SSERAFIM,2026-05-26T19:35:41+09:00,2026-05-28T10:57:38.884735+09:00,39.4,232515,583,0,0,2567224,3296,2
DYzNVdbBcCJ,le_sserafim,LE SSERAFIM,2026-05-26T20:30:04+09:00,2026-05-28T10:57:38.884735+09:00,38.5,64164,83,0,0,798911,1127,0
DYzRXAcSonT,le_sserafim,LE SSERAFIM,2026-05-26T20:59:58+09:00,2026-05-28T10:57:38.884735+09:00,38.0,68096,140,0,0,993191,1131,0
DYzU0Gjyhlu,le_sserafim,LE SSERAFIM,2026-05-26T21:29:53+09:00,2026-05-28T10:57:38.884735+09:00,37.5,140233,282,0,0,1557436,1910,1
DYzYyS0SiXt,le_sserafim,LE SSERAFIM,2026-05-26T22:00:53+09:00,2026-05-28T10:57:38.884735+09:00,36.9,198855,464,0,0,2255416,3273,6
DYz6f11p78H,le_sserafim,LE SSERAFIM,2026-05-27T03:02:17+09:00,2026-05-28T10:57:38.884735+09:00,31.9,98490,174,0,0,1712024,5462,7
DYtXngbz6Og,illit_official,ILLIT,2026-05-24T14:00:11+09:00,2026-05-28T10:57:38.884735+09:00,93.0,230538,1089,0,0,2656576,2084,6
DYtsPsPTcVv,illit_official,ILLIT,2026-05-24T17:00:11+09:00,2026-05-28T10:57:38.884735+09:00,90.0,156098,616,0,0,1950306,1951,2
DYv8aPtTCZp,illit_official,ILLIT,2026-05-25T14:00:12+09:00,2026-05-28T10:57:38.884735+09:00,69.0,99563,260,0,0,1142729,1116,1
DYy8u6nzSc1,illit_official,ILLIT,2026-05-26T18:00:12+09:00,2026-05-28T10:57:38.884735+09:00,41.0,215261,567,0,0,2612504,2843,2
DYzRUlPzDKr,illit_official,ILLIT,2026-05-26T21:00:49+09:00,2026-05-28T10:57:38.884735+09:00,37.9,73793,243,0,0,1119748,1604,1
DYteedwzAt2,stayc_highup,STAYC,2026-05-24T15:00:00+09:00,2026-05-28T10:57:38.884735+09:00,92.0,36358,173,0,0,674070,343,0
DYwseqApaaf,officialfromis_9,fromis_9,2026-05-25T21:00:27+09:00,2026-05-28T10:57:38.884735+09:00,62.0,24982,87,0,0,436025,141,0
DYzG7p8zt9s,wooah_nv,WOOAH,2026-05-26T19:30:16+09:00,2026-05-28T10:57:38.884735+09:00,39.5,7219,83,0,0,83598,120,1
DYtzFJyPP-z,billlie.official,Billlie,2026-05-24T18:00:09+09:00,2026-05-28T10:57:38.884735+09:00,89.0,5779,38,0,0,99004,48,0
DYuLKKbP3NV,billlie.official,Billlie,2026-05-24T21:30:13+09:00,2026-05-28T10:57:38.884735+09:00,85.5,18537,105,0,0,216147,136,0
DYuWYicPpAZ,billlie.official,Billlie,2026-05-24T23:10:14+09:00,2026-05-28T10:57:38.884735+09:00,83.8,13276,100,0,0,164933,133,1
DYwKH84RjPB,billlie.official,Billlie,2026-05-25T16:00:09+09:00,2026-05-28T10:57:38.884735+09:00,67.0,7508,42,0,0,75786,64,0
DYwQ-SmxQRm,billlie.official,Billlie,2026-05-25T17:00:11+09:00,2026-05-28T10:57:38.884735+09:00,66.0,8559,27,0,0,146575,74,0
DYwpAUXPDOD,billlie.official,Billlie,2026-05-25T20:30:09+09:00,2026-05-28T10:57:38.884735+09:00,62.5,27239,105,0,0,251373,191,0
DYwseIwv_0V,billlie.official,Billlie,2026-05-25T21:00:12+09:00,2026-05-28T10:57:38.884735+09:00,62.0,24598,232,0,0,185190,203,1
DYyhz4IPrR-,billlie.official,Billlie,2026-05-26T14:06:28+09:00,2026-05-28T10:57:38.884735+09:00,44.9,7753,52,0,0,91115,114,0
DYyoIUsvvPk,billlie.official,Billlie,2026-05-26T15:00:10+09:00,2026-05-28T10:57:38.884735+09:00,44.0,9010,29,0,0,152504,138,1
DYzALZFx6bc,billlie.official,Billlie,2026-05-26T18:30:10+09:00,2026-05-28T10:57:38.884735+09:00,40.5,4793,28,0,0,92020,71,0
DYzG-33vbcR,billlie.official,Billlie,2026-05-26T19:30:11+09:00,2026-05-28T10:57:38.884735+09:00,39.5,3512,15,0,0,45815,55,0
DYzN2rfPIxF,billlie.official,Billlie,2026-05-26T20:30:11+09:00,2026-05-28T10:57:38.884735+09:00,38.5,12159,57,0,0,125483,211,0
DYzYPexvT3A,billlie.official,Billlie,2026-05-26T22:02:46+09:00,2026-05-28T10:57:38.884735+09:00,36.9,6497,42,0,0,67862,84,0
DYwDjdSPW8m,qwerband_official,QWER,2026-05-25T15:03:26+09:00,2026-05-28T10:57:38.884735+09:00,67.9,17035,118,0,0,345155,113,0
DYvujyQp50e,lun8_official,LUN8,2026-05-25T12:00:09+09:00,2026-05-28T10:57:38.884735+09:00,71.0,14794,311,0,0,98170,125,2
DYyTdCdSLwP,lun8_official,LUN8,2026-05-26T12:00:52+09:00,2026-05-28T10:57:38.884735+09:00,46.9,2856,33,0,0,22331,26,0
DY04H5IyJhx,lun8_official,LUN8,2026-05-27T12:00:00+09:00,2026-05-28T10:57:38.884735+09:00,23.0,1894,48,0,0,19585,85,0
DYzDm4gBw2r,official_oneus,ONEUS,2026-05-26T19:01:08+09:00,2026-05-28T10:57:38.884735+09:00,39.9,10349,94,0,0,96041,107,2
DYwDOcGRt2N,s2it_official,S2IT,2026-05-25T15:00:24+09:00,2026-05-28T10:57:38.884735+09:00,68.0,735,23,0,0,17389,5,0
DYw6NmSzPVD,s2it_official,S2IT,2026-05-25T23:00:59+09:00,2026-05-28T10:57:38.884735+09:00,59.9,1265,33,0,0,24036,4,0
DYyhQ2CPwdt,tpst__official,TEMPEST,2026-05-26T14:00:09+09:00,2026-05-28T10:57:38.884735+09:00,45.0,2158,31,0,0,15006,29,0
DYzKagAv3nz,tpst__official,TEMPEST,2026-05-26T20:00:43+09:00,2026-05-28T10:57:38.884735+09:00,38.9,16175,187,0,0,156647,365,2
DYtXpiDBGCW,wearedrippin,DRIPPIN,2026-05-24T14:00:11+09:00,2026-05-28T10:57:38.884735+09:00,93.0,1190,5,0,0,13751,0,0
DYtxy_cxSLM,wearedrippin,DRIPPIN,2026-05-24T17:49:36+09:00,2026-05-28T10:57:38.884735+09:00,89.1,1211,6,0,0,16515,4,0
DYuOhhuB5zd,wearedrippin,DRIPPIN,2026-05-24T22:00:11+09:00,2026-05-28T10:57:38.884735+09:00,85.0,1587,21,0,0,16121,5,1
DYv1h0QB_qR,wearedrippin,DRIPPIN,2026-05-25T13:00:09+09:00,2026-05-28T10:57:38.884735+09:00,70.0,1704,14,0,0,19437,6,0
DYwbTaXBioV,wearedrippin,DRIPPIN,2026-05-25T18:30:09+09:00,2026-05-28T10:57:38.884735+09:00,64.5,1202,8,0,0,13017,3,1
DYwzTqzhHPE,wearedrippin,DRIPPIN,2026-05-25T22:00:16+09:00,2026-05-28T10:57:38.884735+09:00,61.0,1416,54,0,0,14726,11,1
DYyThkUB7ZC,wearedrippin,DRIPPIN,2026-05-26T12:00:10+09:00,2026-05-28T10:57:38.884735+09:00,47.0,1229,12,0,0,13197,19,1
DYybjIBh4cO,wearedrippin,DRIPPIN,2026-05-26T12:49:09+09:00,2026-05-28T10:57:38.884735+09:00,46.1,2182,25,0,0,25009,18,2
DYyaVeVBJ5t,wearedrippin,DRIPPIN,2026-05-26T13:00:10+09:00,2026-05-28T10:57:38.884735+09:00,46.0,1001,14,0,0,10319,8,1
DYyhPhShoVV,wearedrippin,DRIPPIN,2026-05-26T14:00:11+09:00,2026-05-28T10:57:38.884735+09:00,45.0,930,8,0,0,9702,15,1
DYzHRCuRhhO,wearedrippin,DRIPPIN,2026-05-26T19:34:53+09:00,2026-05-28T10:57:38.884735+09:00,39.4,694,5,0,0,8820,5,1
DYzN4m-Btvw,wearedrippin,DRIPPIN,2026-05-26T20:01:49+09:00,2026-05-28T10:57:38.884735+09:00,38.9,705,5,0,0,6553,8,1
DYzOcu4hBr1,wearedrippin,DRIPPIN,2026-05-26T20:02:24+09:00,2026-05-28T10:57:38.884735+09:00,38.9,1153,14,0,0,10985,6,2
DYzYIwHBKL5,wearedrippin,DRIPPIN,2026-05-26T22:00:19+09:00,2026-05-28T10:57:38.884735+09:00,37.0,943,6,0,0,10620,14,1
DYvze51SLny,wena_official_,We;Na,2026-05-25T12:43:25+09:00,2026-05-28T10:57:38.884735+09:00,70.2,472,12,0,0,9397,1,0
DYy7VQpS5wt,wena_official_,We;Na,2026-05-26T17:49:35+09:00,2026-05-28T10:57:38.884735+09:00,41.1,500,13,0,0,10018,5,0
DYzKfjghjFZ,kiiikiii.official,KiiiKiii,2026-05-26T20:00:20+09:00,2026-05-28T10:57:38.884735+09:00,39.0,100634,248,0,0,1120930,1525,2
DYwpfHry3bN,official_burvey,Burvey,2026-05-25T20:34:40+09:00,2026-05-28T10:57:38.884735+09:00,62.4,367,14,0,0,7912,3,0
DYzRPh2ToBt,official.irise,IRISÉ,2026-05-26T21:00:08+09:00,2026-05-28T10:57:38.884735+09:00,38.0,1026,9,0,0,9717,17,1
DYy8YBAhY9H,we_fiftyfifty,FIFTY FIFTY,2026-05-26T18:00:04+09:00,2026-05-28T10:57:38.884735+09:00,41.0,13461,146,0,0,242032,293,0
DYudc-tyoaV,itzy.all.in.us,ITZY,2026-05-25T00:10:10+09:00,2026-05-28T11:57:39.988076+09:00,83.8,137209,1148,0,0,1417646,618,0
DYwX2sHSk21,itzy.all.in.us,ITZY,2026-05-25T18:00:11+09:00,2026-05-28T11:57:39.988076+09:00,66.0,152072,1141,0,0,1470563,633,0
DYwlFYCyMHg,itzy.all.in.us,ITZY,2026-05-25T19:58:30+09:00,2026-05-28T11:57:39.988076+09:00,64.0,129637,1120,0,0,1148903,567,2
DYysrcRy1jW,itzy.all.in.us,ITZY,2026-05-26T15:40:43+09:00,2026-05-28T11:57:39.988076+09:00,44.3,111019,1113,0,0,1091848,957,0
DYy1x9ySdQm,itzy.all.in.us,ITZY,2026-05-26T17:00:11+09:00,2026-05-28T11:57:39.988076+09:00,43.0,96272,1167,0,0,1088346,657,2
DYzAJpnSZY6,itzy.all.in.us,ITZY,2026-05-26T18:31:08+09:00,2026-05-28T11:57:39.988076+09:00,41.4,54416,1050,0,0,722516,559,0
DYzR1RhScLh,itzy.all.in.us,ITZY,2026-05-26T21:07:23+09:00,2026-05-28T11:57:39.988076+09:00,38.8,95697,1078,0,0,1117134,936,4
DYt2ZSNT0si,82major_official,82MAJOR,2026-05-24T18:37:33+09:00,2026-05-28T12:57:39.757338+09:00,90.3,10651,95,0,0,115931,44,0
DYt9awzvR1C,82major_official,82MAJOR,2026-05-24T19:30:08+09:00,2026-05-28T12:57:39.757338+09:00,89.5,11302,130,0,0,101930,76,0
DYtzJn0yQSN,xikers_official,xikers,2026-05-24T18:00:13+09:00,2026-05-28T12:57:39.757338+09:00,91.0,18659,113,0,0,221876,541,0
DYt9bUKTZS5,xikers_official,xikers,2026-05-24T19:31:54+09:00,2026-05-28T12:57:39.757338+09:00,89.4,27399,193,0,0,147049,185,0
DYuAz-IyFXC,xikers_official,xikers,2026-05-24T20:00:09+09:00,2026-05-28T12:57:39.757338+09:00,89.0,10162,56,0,0,67551,67,0
DYt5_6QBM00,cortis,CORTIS,2026-05-24T19:00:09+09:00,2026-05-28T12:57:39.757338+09:00,90.0,718795,4613,0,0,6586532,6191,8
DYt52NRt_OA,ald1.official,ALPHA DRIVE ONE,2026-05-24T19:01:24+09:00,2026-05-28T12:57:39.757338+09:00,89.9,106928,1450,0,0,1434106,7086,12
DYuAs2itYv9,ald1.official,ALPHA DRIVE ONE,2026-05-24T20:00:02+09:00,2026-05-28T12:57:39.757338+09:00,89.0,78285,1005,0,0,797248,384,1
DYuB4j9vNb4,ald1.official,ALPHA DRIVE ONE,2026-05-24T20:10:38+09:00,2026-05-28T12:57:39.757338+09:00,88.8,88550,791,0,0,890745,446,1
DYuDGgDuopB,ald1.official,ALPHA DRIVE ONE,2026-05-24T20:21:08+09:00,2026-05-28T12:57:39.757338+09:00,88.6,107675,1319,0,0,1022560,450,1
DYt5-0bTkuM,lngshot4sho,LNGSHOT,2026-05-24T19:00:10+09:00,2026-05-28T12:57:39.757338+09:00,90.0,228546,1127,0,0,2149415,2186,4
DYvaGrnTwPu,lngshot4sho,LNGSHOT,2026-05-25T09:00:12+09:00,2026-05-28T12:57:39.757338+09:00,76.0,265455,2483,0,0,2123592,2198,6
DYt5-FARr1Z,nmixx_official,NMIXX,2026-05-24T19:00:09+09:00,2026-05-28T12:57:39.757338+09:00,90.0,209868,439,0,0,2086606,1345,1
DYt2w49zNG5,smorz.official,SMORZ,2026-05-24T18:34:41+09:00,2026-05-28T12:57:39.757338+09:00,90.4,4756,8,0,0,80139,5,0
DYuHvjUBAL6,saythename_17,SEVENTEEN,2026-05-24T21:00:19+09:00,2026-05-28T12:57:39.757338+09:00,88.0,683397,6362,0,0,6042156,5283,12
DYuHq5bSf01,boynextdoor_official,BOYNEXTDOOR,2026-05-24T21:00:10+09:00,2026-05-28T12:57:39.757338+09:00,88.0,127839,232,0,0,1016037,692,0
DYt4l61hcL8,tws_pledis,TWS,2026-05-24T18:49:08+09:00,2026-05-28T12:57:39.757338+09:00,90.1,195320,1995,0,0,1645172,1420,14
DYuA2MypraG,tws_pledis,TWS,2026-05-24T20:00:12+09:00,2026-05-28T12:57:39.757338+09:00,89.0,196454,636,0,0,1638714,1360,0
DYuHqMDTGui,official_monsta_x,MONSTA X,2026-05-24T21:00:11+09:00,2026-05-28T12:57:39.757338+09:00,88.0,23841,203,0,0,163270,180,0
DYuH0KLSbYi,le_sserafim,LE SSERAFIM,2026-05-24T21:00:11+09:00,2026-05-28T12:57:39.757338+09:00,88.0,402121,646,0,0,6888987,4385,2
DYvTFamxK45,le_sserafim,LE SSERAFIM,2026-05-25T07:59:53+09:00,2026-05-28T12:57:39.757338+09:00,77.0,35234,276,0,0,833077,276,3
DYuA0BazfzJ,illit_official,ILLIT,2026-05-24T20:00:09+09:00,2026-05-28T12:57:39.757338+09:00,89.0,176200,770,0,0,1952681,2076,3
DYuHs6sJCpR,officialfromis_9,fromis_9,2026-05-24T21:00:19+09:00,2026-05-28T12:57:39.757338+09:00,88.0,21977,78,0,0,533231,91,0
DYt6BG9vDHF,billlie.official,Billlie,2026-05-24T19:00:10+09:00,2026-05-28T12:57:39.757338+09:00,90.0,12364,88,0,0,200404,92,0
DYuEP1XPnti,billlie.official,Billlie,2026-05-24T20:30:08+09:00,2026-05-28T12:57:39.757338+09:00,88.5,24575,134,0,0,540426,138,0
DYt5rvvPWDo,qwerband_official,QWER,2026-05-24T19:00:41+09:00,2026-05-28T12:57:39.757338+09:00,89.9,22238,131,0,0,219835,153,0
DYt6Drkv1pW,qwerband_official,QWER,2026-05-24T19:04:01+09:00,2026-05-28T12:57:39.757338+09:00,89.9,15870,110,0,0,172681,99,0
DYt6WGcPd2d,qwerband_official,QWER,2026-05-24T19:05:32+09:00,2026-05-28T12:57:39.757338+09:00,89.9,13480,105,0,0,151139,72,1
DYt6ZI2P8-s,qwerband_official,QWER,2026-05-24T19:06:21+09:00,2026-05-28T12:57:39.757338+09:00,89.9,11186,119,0,0,163668,60,0
DYt0D1cROZV,s2it_official,S2IT,2026-05-24T18:09:28+09:00,2026-05-28T12:57:39.757338+09:00,90.8,1030,32,0,0,23609,4,0
DYt6C0EBzSz,kiiikiii.official,KiiiKiii,2026-05-24T19:00:49+09:00,2026-05-28T12:57:39.757338+09:00,89.9,36847,79,0,0,637429,272,0
DYuBbguhkjC,itzy.all.in.us,ITZY,2026-05-24T20:04:09+09:00,2026-05-28T13:57:39.575475+09:00,89.9,63689,1022,0,0,834685,337,0
DYuHq2_ydVr,itzy.all.in.us,ITZY,2026-05-24T21:00:09+09:00,2026-05-28T13:57:39.575475+09:00,89.0,108814,1078,0,0,1020259,640,2
DYuLHgvyCy0,itzy.all.in.us,ITZY,2026-05-24T21:30:10+09:00,2026-05-28T13:57:39.575475+09:00,88.5,210793,1284,0,0,2309411,1129,0
DYvuBZoS_MT,itzy.all.in.us,ITZY,2026-05-25T11:55:14+09:00,2026-05-28T13:57:39.575475+09:00,74.0,119778,1311,0,0,877305,637,1
DYwRDXOx8BN,ivestarship,IVE,2026-05-25T17:00:08+09:00,2026-05-28T13:57:39.575475+09:00,69.0,127446,342,0,0,1523036,687,0
DYwsLC4v2Vo,ivestarship,IVE,2026-05-25T20:59:18+09:00,2026-05-28T13:57:39.575475+09:00,65.0,124343,371,0,0,1537662,618,0
DYyu6H6BPt-,ivestarship,IVE,2026-05-26T16:00:12+09:00,2026-05-28T13:57:39.575475+09:00,46.0,106230,361,0,0,1053480,924,2
DY04S4PyXtn,wjsn_cosmic,WJSN,2026-05-27T12:00:09+09:00,2026-05-28T13:57:39.575475+09:00,26.0,5889,101,0,0,45441,111,2
DYwzU8PPxhn,sa2m2nam3,SMN,2026-05-25T22:00:00+09:00,2026-05-28T13:57:39.575475+09:00,64.0,11379,111,0,0,100214,71,0
DYy8uCsT34v,we.madein.u,MADEIN,2026-05-26T18:00:08+09:00,2026-05-28T13:57:39.575475+09:00,44.0,2046,18,0,0,83114,36,0
DYy13iIB-0p,ifeye_official,ifeye,2026-05-26T17:00:13+09:00,2026-05-28T13:57:39.575475+09:00,45.0,2342,13,0,0,24810,25,0
DYy8roAB7e3,ifeye_official,ifeye,2026-05-26T18:00:10+09:00,2026-05-28T13:57:39.575475+09:00,44.0,4766,37,0,0,40907,64,1
DYy9O8lByMI,ifeye_official,ifeye,2026-05-26T18:05:08+09:00,2026-05-28T13:57:39.575475+09:00,43.9,3564,25,0,0,33025,42,0
DYzlLGhpVO_,xodiacofficial,XODIAC,2026-05-26T23:59:25+09:00,2026-05-28T13:57:39.575475+09:00,38.0,9541,611,0,0,126673,116,3
DYwlpXVvyEv,82major_official,82MAJOR,2026-05-25T18:59:37+09:00,2026-05-28T13:57:39.575475+09:00,67.0,10668,54,0,0,81721,64,0
DYwlmzovAsP,82major_official,82MAJOR,2026-05-25T20:00:11+09:00,2026-05-28T13:57:39.575475+09:00,66.0,41421,140,0,0,376157,277,0
DYy8ouIPXvl,82major_official,82MAJOR,2026-05-26T18:00:28+09:00,2026-05-28T13:57:39.575475+09:00,44.0,7644,41,0,0,56407,86,0
DYzDgEMPQzb,82major_official,82MAJOR,2026-05-26T19:00:10+09:00,2026-05-28T13:57:39.575475+09:00,43.0,4503,41,0,0,41766,45,0
DYwXqqDTRI7,thewind.official,The Wind,2026-05-25T18:00:18+09:00,2026-05-28T13:57:39.575475+09:00,68.0,8584,54,0,0,56352,66,0
DYwEsswx-RQ,dxmon_hm,DXMON,2026-05-25T15:13:24+09:00,2026-05-28T13:57:39.575475+09:00,70.7,1833,19,0,0,29620,8,1
DYwZFmtRyhR,dxmon_hm,DXMON,2026-05-25T18:12:01+09:00,2026-05-28T13:57:39.575475+09:00,67.8,599,17,0,0,5108,2,0
DYyrf9tz7IC,dxmon_hm,DXMON,2026-05-26T15:30:12+09:00,2026-05-28T13:57:39.575475+09:00,46.5,1152,26,0,0,7957,15,0
DYwKN7OScBk,xikers_official,xikers,2026-05-25T16:00:10+09:00,2026-05-28T13:57:39.575475+09:00,70.0,8838,63,0,0,128838,87,0
DYwREASyvPh,xikers_official,xikers,2026-05-25T17:00:11+09:00,2026-05-28T13:57:39.575475+09:00,69.0,24749,70,0,0,183284,84,0
DYwlk2CSWC9,xikers_official,xikers,2026-05-25T20:00:14+09:00,2026-05-28T13:57:39.575475+09:00,66.0,16214,59,0,0,104309,63,0
DYwsiCZye8-,xikers_official,xikers,2026-05-25T21:00:11+09:00,2026-05-28T13:57:39.575475+09:00,65.0,10787,105,0,0,71518,59,0
DYwzXfEyJUG,xikers_official,xikers,2026-05-25T22:00:16+09:00,2026-05-28T13:57:39.575475+09:00,64.0,14065,64,0,0,115524,72,0
DYyW6w0SeZ6,xikers_official,xikers,2026-05-26T12:30:10+09:00,2026-05-28T13:57:39.575475+09:00,49.5,11573,96,0,0,80323,75,0
DYyd04nyn6t,xikers_official,xikers,2026-05-26T13:30:09+09:00,2026-05-28T13:57:39.575475+09:00,48.5,8201,34,0,0,58535,60,0
DYyybv2yxId,xikers_official,xikers,2026-05-26T16:30:12+09:00,2026-05-28T13:57:39.575475+09:00,45.5,7637,67,0,0,52020,61,1
DYzDklHSslc,xikers_official,xikers,2026-05-26T19:00:09+09:00,2026-05-28T13:57:39.575475+09:00,43.0,8320,65,0,0,56416,70,0
DYzRPtlyTBd,xikers_official,xikers,2026-05-26T21:00:09+09:00,2026-05-28T13:57:39.575475+09:00,41.0,6873,42,0,0,48802,44,0
DY0xZ8PS-t9,xikers_official,xikers,2026-05-27T11:00:12+09:00,2026-05-28T13:57:39.575475+09:00,27.0,29999,234,0,0,190584,691,0
DY0_HrJy0yy,xikers_official,xikers,2026-05-27T13:00:12+09:00,2026-05-28T13:57:39.575475+09:00,25.0,35516,697,0,0,249832,1524,10
DYwot1HTqLb,official.dkb,DKB,2026-05-25T20:28:36+09:00,2026-05-28T13:57:39.575475+09:00,65.5,1522,18,0,0,16236,4,1
DYwNlbVTlx_,close.your.eyes.official,CLOSE YOUR EYES,2026-05-25T16:30:11+09:00,2026-05-28T13:57:39.575475+09:00,69.5,7503,71,0,0,67959,38,0
DYwsia1zrY5,close.your.eyes.official,CLOSE YOUR EYES,2026-05-25T21:00:30+09:00,2026-05-28T13:57:39.575475+09:00,65.0,13833,144,0,0,113960,73,0
