2026-03-08 19:27:23,281 [INFO] 디바이스 연결 확인: R3CTC0CHJBT
2026-03-08 19:27:23,374 [INFO] 틱톡 URL 보유: 173개
2026-03-08 19:27:23,389 [INFO] 재개: 86개 완료, 87개 남음
2026-03-08 19:27:23,389 [INFO] 크롤링 시작: 87개 그룹
2026-03-08 19:27:23,389 [INFO] 
============================================================
2026-03-08 19:27:23,390 [INFO] [1/87] 라이즈 (RIIZE)
2026-03-08 19:27:23,390 [INFO] ============================================================
2026-03-08 19:27:23,635 [WARNING]   TikTok이 포그라운드 아님, 복귀 시도...
2026-03-08 19:27:33,691 [INFO]   프로필: RIIZE | 팔로워 4,423,000 | 좋아요 409,999,999
2026-03-08 19:27:33,692 [INFO]   그리드 비디오: 6개 (조회수: [322000, 826000, 161000])
2026-03-08 19:27:42,591 [INFO]   [1] 좋아요:131,000 댓글:1,138 저장:6,257 공유:4,504 날짜:2026-03-08 | low low low&#10;…⁠자세히⁠ ⁠|⁠ ⁠
2026-03-08 19:27:47,109 [INFO]   [2] 좋아요:315,000 댓글:3,433 저장:14,000 공유:21,000 날짜:2026-03-08 | boomboombass….&#10;…⁠자세히⁠ ⁠|⁠ ⁠
2026-03-08 19:27:51,600 [INFO]   [3] 좋아요:54,000 댓글:262 저장:2,395 공유:1,626 날짜:2026-03-07 | 우리끼리&#10;…⁠자세히
2026-03-08 19:27:56,036 [INFO]   [skip] 광고: Instagram에서 친구들과 함께하세요
2026-03-08 19:28:00,487 [INFO]   [skip] 광고: Instagram에서 친구들과 함께하세요
2026-03-08 19:28:04,880 [INFO]   [4] 좋아요:48,000 댓글:286 저장:1,969 공유:813 날짜:2026-03-07 | 선물이야&#10;…⁠자세히
2026-03-08 19:28:18,227 [INFO]   [skip] 중복: 선물이야&#10;…⁠자세히
2026-03-08 19:28:22,601 [INFO]   [5] 좋아요:25,000 댓글:132 저장:1,094 공유:441 날짜:2026-03-07 | a special surprise for you&#10;…⁠자세히⁠ ⁠|
2026-03-08 19:28:36,072 [INFO]   [skip] 중복: a special surprise for you&#10;…⁠자세히⁠ ⁠|
2026-03-08 19:28:40,524 [INFO]   [6] 좋아요:24,000 댓글:142 저장:1,149 공유:350 날짜:2026-03-07 | so, would you saranghae me back?&#10;…⁠자
2026-03-08 19:28:45,079 [INFO]   [7] 좋아요:40,000 댓글:232 저장:1,523 공유:529 날짜:2026-03-06 | D-Day&#10;…⁠자세히⁠ ⁠|⁠ ⁠
2026-03-08 19:28:58,389 [INFO]   [skip] 중복: D-Day&#10;…⁠자세히⁠ ⁠|⁠ ⁠
2026-03-08 19:29:11,950 [INFO]   연속 중복 2회 — 피드 끝, 중단
2026-03-08 19:29:11,950 [INFO]   광고 2개 필터링됨
2026-03-08 19:29:15,155 [INFO]   → 게시물 7개, 평균좋아요 91,000, 참여율 41.24%
2026-03-08 19:29:18,179 [INFO] 
============================================================
2026-03-08 19:29:18,179 [INFO] [2/87] 보이넥스트도어 (BOYNEXTDOOR)
2026-03-08 19:29:18,180 [INFO] ============================================================
2026-03-08 19:29:18,336 [WARNING]   TikTok이 포그라운드 아님, 복귀 시도...
2026-03-08 19:29:27,321 [INFO]   프로필: BOYNEXTDOOR | 팔로워 4,712,000 | 좋아요 350,000,000
2026-03-08 19:29:27,323 [INFO]   그리드 비디오: 6개 (조회수: [550000, 937000, 5681000])
2026-03-08 19:29:35,968 [INFO]   [1] 좋아요:166,000 댓글:2,113 저장:13,000 공유:4,890 날짜:2026-03-07 | 운멍만 안아줘&#128147;&#10;…⁠자세히
2026-03-08 19:29:40,386 [INFO]   [2] 좋아요:284,000 댓글:2,400 저장:22,000 공유:11,000 날짜:2026-03-05 | &#127467;&#127479; #courregesFW26 &#10;…
2026-03-08 19:29:44,770 [INFO]   [3] 좋아요:1,405,000 댓글:5,506 저장:95,000 공유:36,000 날짜:2026-03-03 | two&#10;…⁠자세히⁠ ⁠|⁠ ⁠
2026-03-08 19:29:58,257 [INFO]   [skip] 중복: two&#10;…⁠자세히⁠ ⁠|⁠ ⁠
2026-03-08 19:30:02,721 [INFO]   [4] 좋아요:272,000 댓글:1,782 저장:22,000 공유:7,971 날짜:2026-02-22 | 멍냥체조&#10;…⁠자세히
2026-03-08 19:30:07,119 [INFO]   [5] 좋아요:342,000 댓글:2,445 저장:30,000 공유:9,880 날짜:2026-02-20 | 이리온&#127927;&#10;…⁠자세히
2026-03-08 19:30:11,586 [INFO]   [6] 좋아요:124,000 댓글:1,172 저장:10,000 공유:2,483 날짜:2026-02-19 | &#127810;&#10;…⁠자세히
2026-03-08 19:30:24,870 [INFO]   [skip] 중복: &#127810;&#10;…⁠자세히
2026-03-08 19:30:29,326 [INFO]   [7] 좋아요:445,000 댓글:2,988 저장:36,000 공유:16,000 날짜:2026-02-18 | &#120027;&#120056;&#120063;&#120046; &#1
2026-03-08 19:30:33,822 [INFO]   [8] 좋아요:170,000 댓글:1,150 저장:14,000 공유:3,761 날짜:2026-02-17 | Hmm&#128526;&#10;…⁠자세히⁠ ⁠|⁠ ⁠
2026-03-08 19:30:47,115 [INFO]   [skip] 중복: Hmm&#128526;&#10;…⁠자세히⁠ ⁠|⁠ ⁠
2026-03-08 19:30:51,554 [INFO]   [9] 좋아요:81,000 댓글:898 저장:8,385 공유:1,385 날짜:2026-02-17 | 원도어!!!!!&#129653;&#10;…⁠자세히
2026-03-08 19:30:55,998 [INFO]   [10] 좋아요:73,000 댓글:1,053 저장:7,489 공유:1,376 날짜:2026-02-17 | &#127873;&#10;…⁠자세히
2026-03-08 19:31:00,347 [INFO]   [11] 좋아요:377,000 댓글:1,949 저장:29,000 공유:8,995 날짜:2026-02-16 | 너 미워&#10;…⁠자세히
2026-03-08 19:31:05,279 [INFO]   [12] 좋아요:9,792 댓글:0 저장:0 공유:338 날짜: | 
2026-03-08 19:31:09,743 [INFO]   [13] 좋아요:138,000 댓글:1,218 저장:13,000 공유:3,531 날짜:2026-02-15 | &#129418;↔️&#128048;&#10;…⁠자세히
2026-03-08 19:31:14,206 [INFO]   [14] 좋아요:103,000 댓글:2,797 저장:10,000 공유:3,162 날짜:2026-02-14 | 멈춰보세요 (Happy Valentine's Day&#127851;&#1
2026-03-08 19:31:18,640 [INFO]   [15] 좋아요:1,025,000 댓글:7,922 저장:92,000 공유:51,000 날짜:2026-02-14 | big guy&#128170;&#10;…⁠자세히⁠ ⁠|⁠ ⁠
2026-03-08 19:31:23,095 [INFO]   [skip] 광고: 디자인에 AI를 제대로 활용하고 있나요
2026-03-08 19:31:27,454 [INFO]   [16] 좋아요:357,000 댓글:1,963 저장:27,000 공유:7,191 날짜:2026-02-13 | AYYYY‼️&#10;…⁠자세히⁠ ⁠|⁠ ⁠
2026-03-08 19:31:31,904 [INFO]   [17] 좋아요:155,000 댓글:1,068 저장:13,000 공유:3,157 날짜:2026-02-12 | (ง •̀_•́)ง 아웅이다웅이&#10;…⁠자세히
2026-03-08 19:31:36,376 [INFO]   [18] 좋아요:311,000 댓글:2,129 저장:23,000 공유:6,712 날짜:2026-02-12 | 원도어 고마워&#127942;&#127942;&#127942;&#1279
2026-03-08 19:31:40,866 [INFO]   [19] 좋아요:471,000 댓글:2,224 저장:31,000 공유:8,745 날짜:2026-02-12 | Como KAWASAKI❤️‍&#128293;&#10;…⁠자세히⁠ ⁠|⁠
2026-03-08 19:31:45,552 [INFO]   [skip] 광고: 시간 없어 빨리 참여하세요!
2026-03-08 19:31:50,054 [INFO]   [20] 좋아요:38,000 댓글:580 저장:4,798 공유:1,268 날짜:2026-02-09 | Buldak’s Heat, Hotter Than My EX &#12829
2026-03-08 19:31:54,480 [INFO]   [21] 좋아요:162,000 댓글:963 저장:12,000 공유:5,630 날짜:2026-02-09 | Hotter than my EX❤️‍&#128293;&#10;…⁠자세히⁠
2026-03-08 19:31:58,952 [INFO]   [22] 좋아요:111,000 댓글:1,231 저장:9,868 공유:2,584 날짜:2026-02-08 | 내 생각 해?&#10;…⁠자세히
2026-03-08 19:32:03,408 [INFO]   [23] 2026-02-05 — 30일 이전, 중단
2026-03-08 19:32:03,410 [INFO]   광고 2개 필터링됨
2026-03-08 19:32:06,607 [INFO]   → 게시물 22개, 평균좋아요 300,899, 참여율 71.25%
2026-03-08 19:32:09,627 [INFO] 
============================================================
2026-03-08 19:32:09,629 [INFO] [3/87] 더보이즈 (THE BOYZ)
2026-03-08 19:32:09,630 [INFO] ============================================================
2026-03-08 19:32:09,822 [WARNING]   TikTok이 포그라운드 아님, 복귀 시도...
2026-03-08 19:32:18,646 [INFO]   프로필: THE BOYZ | 팔로워 970,000 | 좋아요 24,092,000
2026-03-08 19:32:18,648 [INFO]   그리드 비디오: 6개 (조회수: [612000, 151000, 483000])
2026-03-08 19:32:27,441 [INFO]   [1] 2026-01-25 — 30일 이전, 중단
2026-03-08 19:32:30,628 [INFO]   → 게시물 0개, 평균좋아요 0, 참여율 0%
2026-03-08 19:32:33,646 [INFO] 
============================================================
2026-03-08 19:32:33,648 [INFO] [4/87] 투어스 (TWS)
2026-03-08 19:32:33,649 [INFO] ============================================================
2026-03-08 19:32:33,887 [WARNING]   TikTok이 포그라운드 아님, 복귀 시도...
2026-03-08 19:32:42,881 [INFO]   프로필: TWS | 팔로워 3,875,000 | 좋아요 200,000,000
2026-03-08 19:32:42,883 [INFO]   그리드 비디오: 6개 (조회수: [676000, 659000, 896000])
2026-03-08 19:32:51,571 [INFO]   [1] 좋아요:169,000 댓글:1,101 저장:11,000 공유:5,822 날짜:2026-03-07 | BANG...BANG...B..ANG..B...A...N...G...B.
2026-03-08 19:32:55,981 [INFO]   [2] 좋아요:214,000 댓글:2,489 저장:16,000 공유:7,945 날짜:2026-03-07 | Low&#129781;&#127744;&#10;…⁠자세히⁠ ⁠|⁠ ⁠
2026-03-08 19:33:00,387 [INFO]   [3] 좋아요:219,000 댓글:1,783 저장:13,000 공유:5,572 날짜:2026-03-06 | GO&#128675;&#128293;&#10;…⁠자세히⁠ ⁠|⁠ ⁠
2026-03-08 19:33:04,832 [INFO]   [4] 좋아요:817,000 댓글:3,886 저장:61,000 공유:26,000 날짜:2026-03-05 | Vibes&#129336;&#10;…⁠자세히⁠ ⁠|⁠ ⁠
2026-03-08 19:33:18,124 [INFO]   [skip] 중복: Vibes&#129336;&#10;…⁠자세히⁠ ⁠|⁠ ⁠
2026-03-08 19:33:22,530 [INFO]   [5] 좋아요:287,000 댓글:1,529 저장:18,000 공유:6,865 날짜:2026-03-03 | 파트 1 | #ZEROBASEONE #박건욱 님과 #다시만난오늘 &#12
2026-03-08 19:33:26,957 [INFO]   [6] 좋아요:192,000 댓글:709 저장:13,000 공유:3,193 날짜:2026-03-02 | 어머나&#129762;&#10;…⁠자세히
2026-03-08 19:33:31,527 [INFO]   [7] 좋아요:123,000 댓글:503 저장:8,049 공유:1,487 날짜:2026-03-02 | 여기 오락부장이 누구라고?&#128377;️&#10;…⁠자세히
2026-03-08 19:33:35,995 [INFO]   [8] 좋아요:491,000 댓글:3,010 저장:24,000 공유:19,000 날짜:2026-03-01 | 파트 1 | #NCTJNJM #JAEMIN 님과 함께 심장이 쿵&#128
2026-03-08 19:33:40,453 [INFO]   [9] 좋아요:336,000 댓글:1,467 저장:18,000 공유:7,256 날짜:2026-02-28 | 파트 2 | 콩해또와 #다시만난오늘 &#128171;&#10;…⁠자세히
2026-03-08 19:33:44,908 [INFO]   [10] 좋아요:106,000 댓글:806 저장:7,112 공유:1,917 날짜:2026-02-28 | 파트 3 | 어서 줍쇼&#127871;&#10;…⁠자세히
2026-03-08 19:33:49,355 [INFO]   [11] 좋아요:1,349,000 댓글:3,953 저장:94,000 공유:39,000 날짜:2026-02-27 | ✌️✌️&#10;…⁠자세히
2026-03-08 19:33:53,791 [INFO]   [12] 좋아요:88,000 댓글:946 저장:6,913 공유:2,939 날짜:2026-02-26 | &#129766; &#10;…⁠자세히
2026-03-08 19:33:58,249 [INFO]   [13] 좋아요:92,000 댓글:967 저장:6,580 공유:2,465 날짜:2026-02-25 | &#128078;&#128077;&#128158;&#10;…⁠자세히
2026-03-08 19:34:02,663 [INFO]   [skip] 광고: 컬러풀한 패턴과 위트 있는 디테일이 더해진 폴로 랄프 로렌 스프링 룩
2026-03-08 19:34:07,140 [INFO]   [14] 좋아요:115,000 댓글:739 저장:7,150 공유:1,993 날짜:2026-02-24 | 파트 4 | #Justin 님과 #다시만난오늘 &#128171;&#10;
2026-03-08 19:34:11,537 [INFO]   [15] 좋아요:244,000 댓글:1,805 저장:19,000 공유:6,822 날짜:2026-02-23 | 파트 5 | 너였어&#128526;&#129782;&#10;…⁠자세히
2026-03-08 19:34:15,983 [INFO]   [16] 좋아요:181,000 댓글:1,423 저장:14,000 공유:4,364 날짜:2026-02-20 | It's like a polaroid love&#128248;&#10;…
2026-03-08 19:34:20,451 [INFO]   [17] 좋아요:136,000 댓글:664 저장:10,000 공유:2,595 날짜:2026-02-19 | 파트 6 | 탱글즈의 #다시만난오늘 &#129782;&#128521;&#
2026-03-08 19:34:24,874 [INFO]   [skip] 광고: 모텔, 호텔, 항공권 대할인
2026-03-08 19:34:38,112 [INFO]   [skip] 광고: 모텔, 호텔, 항공권 대할인
2026-03-08 19:34:42,541 [INFO]   [18] 좋아요:179,000 댓글:778 저장:11,000 공유:2,129 날짜:2026-02-18 | 파트 2 | 설날에는 가족들과 함께 앙탈을~&#128578;‍↔️&#12
2026-03-08 19:34:46,924 [INFO]   [19] 좋아요:176,000 댓글:2,159 저장:13,000 공유:5,013 날짜:2026-02-18 | 그대 춤을 추는 나무 같아요&#127795;&#10;…⁠자세히
2026-03-08 19:34:51,455 [INFO]   [20] 좋아요:183,000 댓글:830 저장:12,000 공유:4,082 날짜:2026-02-18 | 파트 8 | #ATEEZ #민기 님과 #다시만난오늘 &#128171;&#
2026-03-08 19:34:55,906 [INFO]   [21] 좋아요:91,000 댓글:1,062 저장:7,717 공유:2,106 날짜:2026-02-18 | 한번만 안아줘&#128157;&#10;…⁠자세히
2026-03-08 19:35:00,349 [INFO]   [22] 좋아요:122,000 댓글:823 저장:10,000 공유:2,244 날짜:2026-02-17 | 파트 9 | Tips For &#128171;&#10;…⁠자세히⁠ ⁠|⁠
2026-03-08 19:35:04,796 [INFO]   [23] 좋아요:146,000 댓글:471 저장:8,779 공유:1,581 날짜:2026-02-17 | 파트 10 | #의주 #이현 님과 #다시만난오늘 &#128171;&#10
2026-03-08 19:35:09,214 [INFO]   [24] 좋아요:173,000 댓글:773 저장:12,000 공유:3,567 날짜:2026-02-16 | 파트 11 | 투어스와 #다시만난오늘 &#129653;&#10;…⁠자세히
2026-03-08 19:35:13,610 [INFO]   [25] 좋아요:177,000 댓글:1,171 저장:13,000 공유:3,808 날짜:2026-02-16 | 다시 만난 &#129489;‍&#127859;✨&#10;…⁠자세히
2026-03-08 19:35:17,972 [INFO]   [26] 좋아요:181,000 댓글:1,031 저장:14,000 공유:3,731 날짜:2026-02-15 | 신나게 조려보자 &#127744; with #SHINYU&#10;@TWS
2026-03-08 19:35:22,514 [INFO]   [27] 좋아요:76,000 댓글:461 저장:6,633 공유:1,665 날짜:2026-02-15 | 파트 12 | 너는 모를 나의 소원&#128171;&#10;…⁠자세히
2026-03-08 19:35:26,963 [INFO]   [28] 좋아요:226,000 댓글:1,144 저장:16,000 공유:4,989 날짜:2026-02-15 | 파트 13 | #ZEROBASEONE #김규빈 님과 #다시만난오늘 &#1
2026-03-08 19:35:31,421 [INFO]   [29] 좋아요:204,000 댓글:1,011 저장:15,000 공유:4,265 날짜:2026-02-15 | 파트 14 | 다시 네게로 나를 데려다 놓은 거야&#129309;&#10
2026-03-08 19:35:35,873 [INFO]   [30] 좋아요:297,000 댓글:1,712 저장:25,000 공유:9,788 날짜:2026-02-14 | 파트 15 | 운동하는 나, 멋지지 않아?&#128170;&#10;…⁠자
2026-03-08 19:35:40,309 [INFO]   [31] 좋아요:174,000 댓글:810 저장:9,772 공유:3,480 날짜:2026-02-14 | 파트 16 | #IVE #리즈 님과 #다시만난오늘 &#128171;&#1
2026-03-08 19:35:44,793 [INFO]   [32] 좋아요:94,000 댓글:531 저장:5,858 공유:1,330 날짜:2026-02-14 | 파트 17 | #HIGHLIGHT #양요섭 님과 #다시만난오늘 &#128
2026-03-08 19:35:49,201 [INFO]   [33] 좋아요:132,000 댓글:660 저장:9,448 공유:2,763 날짜:2026-02-14 | 미워... 아니 이뻐&#129402;&#10;…⁠자세히
2026-03-08 19:35:53,628 [INFO]   [34] 좋아요:137,000 댓글:447 저장:6,964 공유:2,087 날짜:2026-02-13 | 파트 18 | #KiiiKiii #이솔 님과 #다시만난오늘 &#12817
2026-03-08 19:36:06,945 [INFO]   [skip] 중복: 파트 18 | #KiiiKiii #이솔 님과 #다시만난오늘 &#12817
2026-03-08 19:36:11,405 [INFO]   [35] 좋아요:103,000 댓글:751 저장:6,995 공유:1,896 날짜:2026-02-13 | 그럼 가봅시닷&#128151;&#10;…⁠자세히
2026-03-08 19:36:15,816 [INFO]   [skip] 광고: 화이트데이에 츄파춥스로 더 단단해지는 우정을 선물하세요
2026-03-08 19:36:20,258 [INFO]   [36] 좋아요:225,000 댓글:1,227 저장:17,000 공유:5,750 날짜:2026-02-12 | 파트 19 | 06즈의 #다시만난오늘 ✍️&#129782;&#10;…⁠자
2026-03-08 19:36:24,770 [INFO]   [37] 좋아요:152,000 댓글:984 저장:11,000 공유:3,053 날짜:2026-02-12 | 파트 20 | 내 눈에 42 전부 담아둘래❄️&#10;…⁠자세히
2026-03-08 19:36:29,264 [INFO]   [38] 좋아요:154,000 댓글:1,046 저장:11,000 공유:3,617 날짜:2026-02-12 | &#129513;&#127848;&#10;…⁠자세히
2026-03-08 19:36:33,719 [INFO]   [39] 좋아요:367,000 댓글:1,959 저장:22,000 공유:7,566 날짜:2026-02-11 | 파트 21 | #SEVENTEEN #디노 선배님과 #다시만난오늘 &#12
2026-03-08 19:36:35,661 [INFO]   광고 4개 필터링됨
2026-03-08 19:36:38,818 [INFO]   → 게시물 39개, 평균좋아요 228,923, 참여율 123.05%
2026-03-08 19:36:41,836 [INFO] 
============================================================
2026-03-08 19:36:41,837 [INFO] [5/87] 아이콘 (Ikon)
2026-03-08 19:36:41,839 [INFO] ============================================================
2026-03-08 19:36:42,062 [WARNING]   TikTok이 포그라운드 아님, 복귀 시도...
2026-03-08 19:36:50,956 [INFO]   프로필: withikonic | 팔로워 3,146,000 | 좋아요 31,613,000
2026-03-08 19:36:50,957 [INFO]   그리드 비디오: 6개 (조회수: [429000, 86000, 260000])
2026-03-08 19:36:59,720 [INFO]   [1] 2026-01-13 — 30일 이전, 중단
2026-03-08 19:37:02,904 [INFO]   → 게시물 0개, 평균좋아요 0, 참여율 0%
2026-03-08 19:37:05,943 [INFO] 
============================================================
2026-03-08 19:37:05,945 [INFO] [6/87] 몬스타엑스 (MONSTA X)
2026-03-08 19:37:05,946 [INFO] ============================================================
2026-03-08 19:37:06,190 [WARNING]   TikTok이 포그라운드 아님, 복귀 시도...
2026-03-08 19:37:15,070 [INFO]   프로필: 몬스타엑스_MONSTA X | 팔로워 3,093,000 | 좋아요 89,665,000
2026-03-08 19:37:15,071 [INFO]   그리드 비디오: 6개 (조회수: [68000, 105000, 107000])
2026-03-08 19:37:23,879 [INFO]   [1] 좋아요:25,000 댓글:332 저장:1,040 공유:445 날짜:2026-03-08 | &#120394;&#120413; &#120418;&#120430; &#
2026-03-08 19:37:28,354 [INFO]   [2] 좋아요:25,000 댓글:262 저장:892 공유:317 날짜:2026-02-22 | 미워!&#10;사실 안미워&#128539; #주헌…⁠자세히
2026-03-08 19:37:32,797 [INFO]   [3] 좋아요:28,000 댓글:197 저장:1,034 공유:282 날짜:2026-02-17 | 새해 복 많이 받으세요 &#128583;‍♂️&#10;…⁠자세히
2026-03-08 19:37:37,839 [INFO]   [4] 좋아요:98,000 댓글:923 저장:3,587 공유:1,528 날짜:2026-02-15 | &#119809;&#119838;&#119852;&#119853; &#1
2026-03-08 19:37:43,030 [INFO]   [5] 좋아요:28,000 댓글:227 저장:915 공유:292 날짜:2026-02-15 | baby shownu &#129528; #SHOWNU #몬스…
2026-03-08 19:37:48,271 [INFO]   [6] 좋아요:9,256 댓글:91 저장:340 공유:94 날짜:2026-02-14 | one day I'll understand that I'm good as
2026-03-08 19:37:53,281 [INFO]   [7] 좋아요:7,990 댓글:94 저장:289 공유:74 날짜:2026-02-14 | baby minhyuk &#127868; #MINHYUK #몬…
2026-03-08 19:37:58,040 [INFO]   [8] 좋아요:8,628 댓글:86 저장:296 공유:85 날짜:2026-02-13 | I've stumbled through dreams #M…
2026-03-08 19:38:02,933 [INFO]   [9] 좋아요:19,000 댓글:210 저장:613 공유:180 날짜:2026-02-13 | baby kihyun &#129767; #KIHYUN #몬스타…
2026-03-08 19:38:07,677 [INFO]   [10] 좋아요:9,212 댓글:95 저장:332 공유:78 날짜:2026-02-12 | I'm finding my way dealing with these gr
2026-03-08 19:38:12,573 [INFO]   [11] 좋아요:19,000 댓글:194 저장:646 공유:190 날짜:2026-02-12 | baby hyungwon &#129782;&#127995; #HYUNGW
2026-03-08 19:38:17,486 [INFO]   [12] 좋아요:11,000 댓글:113 저장:395 공유:140 날짜:2026-02-11 | and I know everyone at home is still so 
2026-03-08 19:38:22,496 [INFO]   [13] 좋아요:12,000 댓글:121 저장:395 공유:153 날짜:2026-02-11 | baby joohoney &#129402; #JOOHONEY…
2026-03-08 19:38:27,392 [INFO]   [14] 좋아요:7,528 댓글:83 저장:300 공유:45 날짜:2026-02-10 | poured my soul into the stage, thinking 
2026-03-08 19:38:32,285 [INFO]   [15] 좋아요:19,000 댓글:303 저장:697 공유:287 날짜:2026-02-10 | baby I.M &#128118; #IM #몬스타엑스 #MO…
2026-03-08 19:38:37,140 [INFO]   [16] 좋아요:14,000 댓글:222 저장:512 공유:95 날짜:2026-02-09 | chasing bigger dreams than my eyes could
2026-03-08 19:38:50,409 [INFO]   [skip] 중복: chasing bigger dreams than my eyes could
2026-03-08 19:38:54,897 [INFO]   [17] 좋아요:22,000 댓글:173 저장:1,456 공유:660 날짜:2026-02-06 | I.M - ERROR 404 │ 2026 MONSTA X WORLD TO
2026-03-08 19:38:59,386 [INFO]   [18] 좋아요:7,130 댓글:101 저장:369 공유:77 날짜:2026-02-06 | 주헌 - 하늘에 머리가 닿을 때까지 │ 2026 MONSTA X WORL
2026-03-08 19:39:03,788 [INFO]   [19] 좋아요:15,000 댓글:153 저장:1,024 공유:467 날짜:2026-02-06 | 형원 - NO AIR │ 2026 MONSTA X WORLD TOUR [
2026-03-08 19:39:08,204 [INFO]   [20] 좋아요:8,776 댓글:121 저장:528 공유:213 날짜:2026-02-06 | 기현 - Howling │ 2026 MONSTA X WORLD TOUR 
2026-03-08 19:39:12,619 [INFO]   [21] 좋아요:7,527 댓글:119 저장:430 공유:157 날짜:2026-02-06 | 민혁 - Reaching │ 2026 MONSTA X WORLD TOUR
2026-03-08 19:39:17,036 [INFO]   [22] 좋아요:8,291 댓글:127 저장:504 공유:189 날짜:2026-02-06 | 셔누 - Around &amp; Go │ 2026 MONSTA X WOR
2026-03-08 19:39:30,347 [INFO]   [skip] 중복: 셔누 - Around &amp; Go │ 2026 MONSTA X WOR
2026-03-08 19:39:34,798 [INFO]   [23] 2026-02-04 — 30일 이전, 중단
2026-03-08 19:39:37,982 [INFO]   → 게시물 22개, 평균좋아요 18,606, 참여율 53.28%
2026-03-08 19:39:41,000 [INFO] 
============================================================
2026-03-08 19:39:41,002 [INFO] [7/87] 아스트로 (ASTRO)
2026-03-08 19:39:41,003 [INFO] ============================================================
2026-03-08 19:39:41,250 [WARNING]   TikTok이 포그라운드 아님, 복귀 시도...
2026-03-08 19:39:50,139 [INFO]   프로필: ASTRO 아스트로 | 팔로워 7,938,000 | 좋아요 110,000,000
2026-03-08 19:39:50,141 [INFO]   그리드 비디오: 6개 (조회수: [68000, 207000, 2843000])
2026-03-08 19:39:58,947 [INFO]   [1] 좋아요:18,000 댓글:576 저장:1,332 공유:285 날짜:2026-03-06 | 연차별 직장인의 자세 #엠제이 #MJ #윤산하 #YOONSANHA #AS
2026-03-08 19:40:12,190 [INFO]   [skip] 중복: 연차별 직장인의 자세 #엠제이 #MJ #윤산하 #YOONSANHA #AS
2026-03-08 19:40:25,467 [INFO]   연속 중복 2회 — 피드 끝, 중단
2026-03-08 19:40:28,664 [INFO]   → 게시물 1개, 평균좋아요 18,000, 참여율 29.7%
2026-03-08 19:40:31,682 [INFO] 
============================================================
2026-03-08 19:40:31,684 [INFO] [8/87] 엑스디너리 히어로즈 (Xdinary Heroes)
2026-03-08 19:40:31,684 [INFO] ============================================================
2026-03-08 19:40:31,931 [WARNING]   TikTok이 포그라운드 아님, 복귀 시도...
2026-03-08 19:40:40,789 [INFO]   프로필: Xdinary Heroes | 팔로워 1,660,000 | 좋아요 37,231,000
2026-03-08 19:40:40,791 [INFO]   그리드 비디오: 6개 (조회수: [14000, 78000, 35000])
2026-03-08 19:40:49,580 [INFO]   [1] 좋아요:4,922 댓글:76 저장:308 공유:93 날짜:2026-03-08 | Xdinary Heroes(엑스디너리 히어로즈) Official Fanc
2026-03-08 19:41:02,845 [INFO]   [skip] 중복: Xdinary Heroes(엑스디너리 히어로즈) Official Fanc
2026-03-08 19:41:07,227 [INFO]   [2] 좋아요:12,000 댓글:105 저장:850 공유:266 날짜:2026-03-06 | Xdinary Heroes(엑스디너리 히어로즈) Official Fanc
2026-03-08 19:41:11,691 [INFO]   [skip] 중복: Xdinary Heroes(엑스디너리 히어로즈) Official Fanc
2026-03-08 19:41:16,140 [INFO]   연속 중복 2회 — 피드 끝, 중단
2026-03-08 19:41:19,347 [INFO]   → 게시물 2개, 평균좋아요 8,461, 참여율 20.24%
2026-03-08 19:41:22,364 [INFO] 
============================================================
2026-03-08 19:41:22,366 [INFO] [9/87] 피원하모니 (P1Harmony)
2026-03-08 19:41:22,367 [INFO] ============================================================
2026-03-08 19:41:22,550 [WARNING]   TikTok이 포그라운드 아님, 복귀 시도...
2026-03-08 19:41:31,512 [INFO]   프로필: P1Harmony | 팔로워 5,903,000 | 좋아요 320,000,000
2026-03-08 19:41:31,514 [INFO]   그리드 비디오: 6개 (조회수: [175000, 258000, 618000])
2026-03-08 19:41:46,839 [WARNING]   비디오 페이지 미진입, 재시도...
2026-03-08 19:41:57,073 [INFO]   [1] 좋아요:61,000 댓글:626 저장:5,998 공유:2,869 날짜:2026-03-06 | heroes ready to return&#10;…⁠자세히⁠ ⁠|⁠ ⁠
2026-03-08 19:42:01,612 [INFO]   [2] 좋아요:89,000 댓글:521 저장:7,998 공유:2,671 날짜:2026-03-06 | 3월 12일?에 나타.. 날지도..?&#10;…⁠자세히
2026-03-08 19:42:06,006 [INFO]   [3] 좋아요:211,000 댓글:2,213 저장:17,000 공유:11,000 날짜:2026-03-06 | korea ain’t that far&#10;…⁠자세히⁠ ⁠|⁠ ⁠
2026-03-08 19:42:19,360 [INFO]   [skip] 중복: korea ain’t that far&#10;…⁠자세히⁠ ⁠|⁠ ⁠
2026-03-08 19:42:23,838 [INFO]   [4] 좋아요:24,000 댓글:349 저장:3,060 공유:788 날짜:2026-03-05 | the fate is sealed&#127754;&#10;…⁠자세히⁠ ⁠
2026-03-08 19:42:28,330 [INFO]   [5] 좋아요:117,000 댓글:624 저장:9,739 공유:3,952 날짜:2026-03-04 | let’s all pretend we didn’t see anything
2026-03-08 19:42:33,489 [INFO]   [6] 좋아요:77,000 댓글:633 저장:6,422 공유:2,089 날짜:2026-03-03 | me walking is a promo&#10;…⁠자세히⁠ ⁠|⁠ ⁠
2026-03-08 19:42:38,555 [INFO]   [7] 좋아요:82,000 댓글:892 저장:7,503 공유:3,242 날짜:2026-03-03 | final most wanted!…
2026-03-08 19:42:51,934 [INFO]   [skip] 중복: final most wanted!…
2026-03-08 19:42:56,462 [INFO]   [8] 좋아요:53,000 댓글:530 저장:5,198 공유:1,272 날짜:2026-02-28 | 리얼리티 쇼 처럼 &lt;영웅 잡기&gt; 운동회 홍팀 편집하기…⁠자세히
2026-03-08 19:43:01,004 [INFO]   [9] 좋아요:426,000 댓글:2,428 저장:41,000 공유:15,000 날짜:2026-02-27 | back again with a brand new look&#10;…⁠자
2026-03-08 19:43:05,455 [INFO]   [10] 좋아요:65,000 댓글:646 저장:5,726 공유:1,556 날짜:2026-02-27 | (Translation) Gathering all my telekinet
2026-03-08 19:43:18,730 [INFO]   [skip] 중복: (Translation) Gathering all my telekinet
2026-03-08 19:43:23,130 [INFO]   [11] 좋아요:79,000 댓글:1,058 저장:7,069 공유:2,212 날짜:2026-02-25 | its those guys again.&#10;…⁠자세히⁠ ⁠|⁠ ⁠
2026-03-08 19:43:36,591 [INFO]   [skip] 중복: its those guys again.&#10;…⁠자세히⁠ ⁠|⁠ ⁠
2026-03-08 19:43:49,913 [INFO]   연속 중복 2회 — 피드 끝, 중단
2026-03-08 19:43:53,113 [INFO]   → 게시물 11개, 평균좋아요 116,727, 참여율 91.06%
2026-03-08 19:43:56,138 [INFO] 
============================================================
2026-03-08 19:43:56,140 [INFO] [10/87] 에스에프나인 (SF9)
2026-03-08 19:43:56,141 [INFO] ============================================================
2026-03-08 19:43:56,338 [WARNING]   TikTok이 포그라운드 아님, 복귀 시도...
2026-03-08 19:44:05,257 [INFO]   프로필: SF9 Official | 팔로워 559,000 | 좋아요 7,932,000
2026-03-08 19:44:05,259 [INFO]   그리드 비디오: 6개 (조회수: [12000, 15000, 27000])
2026-03-08 19:44:14,149 [INFO]   [1] 좋아요:3,205 댓글:60 저장:131 공유:67 날짜:2026-03-02 | 
2026-03-08 19:44:27,373 [INFO]   [2] 좋아요:3,205 댓글:60 저장:131 공유:67 날짜:2026-03-02 | 
2026-03-08 19:44:31,768 [INFO]   [3] 좋아요:4,862 댓글:83 저장:252 공유:94 날짜:2026-02-14 | ㄱr질 수ㄱr 없Øㅓ도…☆&#10;…⁠자세히
2026-03-08 19:44:36,236 [INFO]   [4] 좋아요:4,736 댓글:72 저장:227 공유:63 날짜:2026-02-14 | ʟᴏᴠᴇ ʟᴏᴠᴇ ʟᴏᴠᴇ ♡&#10;…⁠자세히
2026-03-08 19:44:40,682 [INFO]   [5] 좋아요:2,120 댓글:33 저장:82 공유:11 날짜:2026-02-12 | 
2026-03-08 19:44:54,040 [INFO]   [6] 좋아요:2,120 댓글:33 저장:82 공유:11 날짜:2026-02-12 | 
2026-03-08 19:45:07,326 [INFO]   [7] 좋아요:2,120 댓글:33 저장:82 공유:11 날짜:2026-02-12 | 
2026-03-08 19:45:20,603 [INFO]   [8] 좋아요:2,120 댓글:33 저장:82 공유:11 날짜:2026-02-12 | 
2026-03-08 19:45:33,910 [INFO]   [9] 좋아요:2,120 댓글:33 저장:82 공유:11 날짜:2026-02-12 | 
2026-03-08 19:45:38,397 [INFO]   [10] 2026-01-28 — 30일 이전, 중단
2026-03-08 19:45:41,625 [INFO]   → 게시물 9개, 평균좋아요 2,956, 참여율 27.45%
2026-03-08 19:45:44,657 [INFO] 
============================================================
2026-03-08 19:45:44,659 [INFO] [11/87] 템페스트 (TEMPEST)
2026-03-08 19:45:44,660 [INFO] ============================================================
2026-03-08 19:45:44,836 [WARNING]   TikTok이 포그라운드 아님, 복귀 시도...
2026-03-08 19:45:53,668 [INFO]   프로필: 템페스트(TEMPEST) | 팔로워 1,557,000 | 좋아요 65,070,000
2026-03-08 19:45:53,670 [INFO]   그리드 비디오: 6개 (조회수: [6557, 27000, 376000])
2026-03-08 19:46:09,020 [WARNING]   비디오 페이지 미진입, 재시도...
2026-03-08 19:46:19,141 [INFO]   [1] 좋아요:1,954 댓글:81 저장:118 공유:89 날짜:2026-03-08 | Happy Women’s day&#127801;&#10;…⁠자세히⁠ ⁠|
2026-03-08 19:46:32,460 [INFO]   [skip] 중복: Happy Women’s day&#127801;&#10;…⁠자세히⁠ ⁠|
2026-03-08 19:46:45,744 [INFO]   연속 중복 2회 — 피드 끝, 중단
2026-03-08 19:46:48,933 [INFO]   → 게시물 1개, 평균좋아요 1,954, 참여율 34.19%
2026-03-08 19:46:51,952 [INFO] 
============================================================
2026-03-08 19:46:51,954 [INFO] [12/87] 에이비식스 (AB6IX)
2026-03-08 19:46:51,955 [INFO] ============================================================
2026-03-08 19:46:52,154 [WARNING]   TikTok이 포그라운드 아님, 복귀 시도...
2026-03-08 19:47:01,037 [INFO]   프로필: AB6IX(에이비식스) | 팔로워 968,000 | 좋아요 12,373,000
2026-03-08 19:47:01,039 [INFO]   그리드 비디오: 6개 (조회수: [4538, 4277, 4643])
2026-03-08 19:47:16,308 [WARNING]   비디오 페이지 미진입, 재시도...
2026-03-08 19:47:26,506 [INFO]   [1] 좋아요:781 댓글:25 저장:28 공유:13 날짜:2026-03-05 | AB6IX 3RD ALBUM &#10;'SEVEN : CRIMSON HO
2026-03-08 19:47:30,886 [INFO]   [2] 좋아요:788 댓글:22 저장:33 공유:25 날짜:2026-03-03 | AB6IX 3RD ALBUM &#10;'SEVEN : CRIMSON HO
2026-03-08 19:47:44,190 [INFO]   [skip] 중복: AB6IX 3RD ALBUM &#10;'SEVEN : CRIMSON HO
2026-03-08 19:47:48,859 [INFO]   [skip] 광고: 오늘만 한정! TikTok 프로모션 공식 푸시로 대규모 노출 확보!
2026-03-08 19:47:53,287 [INFO]   [3] 좋아요:1,692 댓글:39 저장:60 공유:22 날짜:2026-02-09 | 포항항ꉂꉂ(ᵔᗜᵔ*)ㅋㅋㅋㅋ포항항항포핳핳항⚓️⛴포항항ꉂꉂ(ᵔᗜᵔ*)ㅋㅋㅋ
2026-03-08 19:47:57,801 [INFO]   [4] 좋아요:1,736 댓글:29 저장:63 공유:24 날짜:2026-02-07 | Swalla &#128293;&#10;…⁠자세히⁠ ⁠|⁠ ⁠
2026-03-08 19:48:02,229 [INFO]   [5] 좋아요:2,062 댓글:29 저장:60 공유:73 날짜:2026-02-06 | 눈길 특☃️&#10;…⁠자세히
2026-03-08 19:48:06,679 [INFO]   [6] 2026-01-29 — 30일 이전, 중단
2026-03-08 19:48:06,681 [INFO]   광고 1개 필터링됨
2026-03-08 19:48:09,895 [INFO]   → 게시물 5개, 평균좋아요 1,411, 참여율 21.57%
2026-03-08 19:48:12,912 [INFO] 
============================================================
2026-03-08 19:48:12,913 [INFO] [13/87] 펜타곤 (PENTAGON)
2026-03-08 19:48:12,915 [INFO] ============================================================
2026-03-08 19:48:13,160 [WARNING]   TikTok이 포그라운드 아님, 복귀 시도...
2026-03-08 19:48:22,052 [INFO]   프로필: PENTAGON•펜타곤 | 팔로워 1,570,000 | 좋아요 31,041,000
2026-03-08 19:48:22,054 [INFO]   그리드 비디오: 6개 (조회수: [201000, 991000, 1434000])
2026-03-08 19:48:30,885 [INFO]   [1] 좋아요:37,000 댓글:553 저장:1,395 공유:548 날짜:2026-02-16 | 유니버스와 함께 영원히 ‘빛나리’&#128153;✨&#10;…⁠자세히
2026-03-08 19:48:35,285 [INFO]   [2] 좋아요:169,000 댓글:1,516 저장:5,555 공유:2,504 날짜:2026-02-14 | 초콜릿처럼 달콤한 우리지만&#127851; 가끔은 아웅다웅 ☁️…⁠자세히
2026-03-08 19:48:39,690 [INFO]   [3] 좋아요:277,000 댓글:2,674 저장:9,319 공유:5,500 날짜:2026-02-14 | 드디어 펜타곤 무대 &#120019;-1! 유니버스 만날 준비 완료&#1
2026-03-08 19:48:44,084 [INFO]   [4] 2025-07-06 — 30일 이전, 중단
2026-03-08 19:48:47,274 [INFO]   → 게시물 3개, 평균좋아요 161,000, 참여율 19.52%
2026-03-08 19:48:50,297 [INFO] 
============================================================
2026-03-08 19:48:50,300 [INFO] [14/87] 오메가엑스 (OMEGA X)
2026-03-08 19:48:50,301 [INFO] ============================================================
2026-03-08 19:48:50,494 [WARNING]   TikTok이 포그라운드 아님, 복귀 시도...
2026-03-08 19:48:59,336 [INFO]   프로필: OMEGA X | 팔로워 532,000 | 좋아요 17,097,000
2026-03-08 19:48:59,337 [INFO]   그리드 비디오: 6개 (조회수: [16000, 11000, 34000])
2026-03-08 19:49:14,660 [WARNING]   비디오 페이지 미진입, 재시도...
2026-03-08 19:49:24,720 [INFO]   [1] 좋아요:3,094 댓글:32 저장:186 공유:116 날짜:2026-03-06 | 2026 OMEGA X EUROPE TOUR [RE:CONNECT]…⁠자
2026-03-08 19:49:38,133 [INFO]   [skip] 중복: 2026 OMEGA X EUROPE TOUR [RE:CONNECT]…⁠자
2026-03-08 19:49:42,616 [INFO]   [2] 좋아요:9,181 댓글:90 저장:497 공유:137 날짜:2026-03-03 | &#128148;&#128525;&#129315;&#10;…⁠자세히
2026-03-08 19:49:55,878 [INFO]   [skip] 중복: &#128148;&#128525;&#129315;&#10;…⁠자세히
2026-03-08 19:50:09,226 [INFO]   연속 중복 2회 — 피드 끝, 중단
2026-03-08 19:50:12,385 [INFO]   → 게시물 2개, 평균좋아요 6,137, 참여율 49.38%
2026-03-08 19:50:15,402 [INFO] 
============================================================
2026-03-08 19:50:15,403 [INFO] [15/87] 에이티즈 (ATEEZ)
2026-03-08 19:50:15,404 [INFO] ============================================================
2026-03-08 19:50:15,691 [WARNING]   TikTok이 포그라운드 아님, 복귀 시도...
2026-03-08 19:50:24,581 [INFO]   프로필: ATEEZ_Official | 팔로워 9,311,000 | 좋아요 440,000,000
2026-03-08 19:50:24,582 [INFO]   그리드 비디오: 6개 (조회수: [1440000, 765000, 194000])
2026-03-08 19:50:39,896 [WARNING]   비디오 페이지 미진입, 재시도...
2026-03-08 19:50:50,153 [INFO]   [1] 좋아요:431,000 댓글:2,705 저장:30,000 공유:24,000 날짜:2026-03-07 | Only 1% can hit every beat&#10;…⁠자세히⁠ ⁠|
2026-03-08 19:50:54,647 [INFO]   [2] 좋아요:243,000 댓글:1,096 저장:16,000 공유:4,136 날짜:2026-03-06 | you killed my ego&#129653;&#10;…⁠자세히⁠ ⁠|
2026-03-08 19:51:07,931 [INFO]   [skip] 중복: you killed my ego&#129653;&#10;…⁠자세히⁠ ⁠|
2026-03-08 19:51:12,439 [INFO]   [3] 좋아요:350,000 댓글:2,043 저장:25,000 공유:14,000 날짜:2026-03-05 | you better tighten up before the scene&#
2026-03-08 19:51:16,855 [INFO]   [4] 좋아요:528,000 댓글:3,134 저장:41,000 공유:25,000 날짜:2026-02-27 | You like it @Dolce&amp;Gabbana &#10;…⁠자세
2026-03-08 19:51:21,370 [INFO]   [5] 좋아요:260,000 댓글:1,867 저장:22,000 공유:9,747 날짜:2026-02-27 | 100% #Adrenaline vibe&#10;…⁠자세히⁠ ⁠|⁠ ⁠
2026-03-08 19:51:25,750 [INFO]   [6] 좋아요:229,000 댓글:1,487 저장:18,000 공유:9,023 날짜:2026-02-25 | low low low&#128071;&#10;…⁠자세히⁠ ⁠|⁠ ⁠
2026-03-08 19:51:39,014 [INFO]   [skip] 중복: low low low&#128071;&#10;…⁠자세히⁠ ⁠|⁠ ⁠
2026-03-08 19:51:43,581 [INFO]   [7] 좋아요:188,000 댓글:1,131 저장:13,000 공유:11,000 날짜:2026-02-23 | POV: Just trying to get ready for the sh
2026-03-08 19:51:48,053 [INFO]   [8] 좋아요:406,000 댓글:2,582 저장:36,000 공유:17,000 날짜:2026-02-22 | Big Guy&#128170;&#127995;&#10;…⁠자세히⁠ ⁠|⁠
2026-03-08 19:51:52,616 [INFO]   [9] 좋아요:379,000 댓글:1,095 저장:25,000 공유:5,472 날짜:2026-02-21 | #Adrenaline with 정훈, 유준, 헌터 님&#128165;&#
2026-03-08 19:51:57,078 [INFO]   [10] 좋아요:434,000 댓글:1,507 저장:24,000 공유:5,114 날짜:2026-02-21 | #Adrenaline with 션 님&#128165;&#10;…⁠자세히
2026-03-08 19:52:01,507 [INFO]   [11] 좋아요:721,000 댓글:6,443 저장:50,000 공유:51,000 날짜:2026-02-20 | #Adrenaline Twerking Ver. &#128062;&#10;
2026-03-08 19:52:14,778 [INFO]   [skip] 중복: #Adrenaline Twerking Ver. &#128062;&#10;
2026-03-08 19:52:19,190 [INFO]   [12] 좋아요:242,000 댓글:833 저장:11,000 공유:3,013 날짜:2026-02-20 | #Adrenaline with 슬기 선배님&#128165;&#10;…⁠자
2026-03-08 19:52:23,671 [INFO]   [13] 좋아요:121,000 댓글:678 저장:7,557 공유:1,082 날짜:2026-02-18 | #Adrenaline with 양요섭 선배님&#128165;&#10;…⁠
2026-03-08 19:52:28,136 [INFO]   [14] 좋아요:611,000 댓글:2,449 저장:31,000 공유:9,782 날짜:2026-02-18 | #Adrenaline with 마시로 님&#128165;&#10;…⁠자세
2026-03-08 19:52:32,584 [INFO]   [15] 좋아요:628,000 댓글:2,564 저장:46,000 공유:13,000 날짜:2026-02-18 | #Adrenaline Speed Up Ver. &#128565;‍&#12
2026-03-08 19:52:45,814 [INFO]   [skip] 중복: #Adrenaline Speed Up Ver. &#128565;‍&#12
2026-03-08 19:52:59,140 [INFO]   연속 중복 2회 — 피드 끝, 중단
2026-03-08 19:53:02,350 [INFO]   → 게시물 15개, 평균좋아요 384,733, 참여율 111.7%
2026-03-08 19:53:05,384 [INFO] 
============================================================
2026-03-08 19:53:05,386 [INFO] [16/87] 이펙스 (EPEX)
2026-03-08 19:53:05,387 [INFO] ============================================================
2026-03-08 19:53:05,609 [WARNING]   TikTok이 포그라운드 아님, 복귀 시도...
2026-03-08 19:53:14,446 [INFO]   프로필: EPEX | 팔로워 1,779,000 | 좋아요 50,637,000
2026-03-08 19:53:14,448 [INFO]   그리드 비디오: 6개 (조회수: [35824000, 29298000, 23000])
2026-03-08 19:53:23,271 [INFO]   [1] 2025-02-04 — 30일 이전, 중단
2026-03-08 19:53:26,452 [INFO]   → 게시물 0개, 평균좋아요 0, 참여율 0%
2026-03-08 19:53:29,471 [INFO] 
============================================================
2026-03-08 19:53:29,473 [INFO] [17/87] 데이식스 (DAY6)
2026-03-08 19:53:29,474 [INFO] ============================================================
2026-03-08 19:53:29,681 [WARNING]   TikTok이 포그라운드 아님, 복귀 시도...
2026-03-08 19:53:38,628 [INFO]   프로필: DAY6 | 팔로워 422,000 | 좋아요 337,000
2026-03-08 19:53:38,629 [INFO]   그리드 비디오: 1개 (조회수: [2764000])
2026-03-08 19:53:47,462 [INFO]   [1] 2020-05-01 — 30일 이전, 중단
2026-03-08 19:53:50,640 [INFO]   → 게시물 0개, 평균좋아요 0, 참여율 0%
2026-03-08 19:53:53,670 [INFO] 
============================================================
2026-03-08 19:53:53,672 [INFO] [18/87] 크래비티 (CRAVITY)
2026-03-08 19:53:53,673 [INFO] ============================================================
2026-03-08 19:53:53,913 [WARNING]   TikTok이 포그라운드 아님, 복귀 시도...
2026-03-08 19:54:02,806 [INFO]   프로필: Cravity LUVITY | 팔로워 171 | 좋아요 877
2026-03-08 19:54:02,807 [INFO]   그리드 비디오: 6개 (조회수: [52, 39, 33])
2026-03-08 19:54:11,712 [INFO]   [1] 2021-04-04 — 30일 이전, 중단
2026-03-08 19:54:14,867 [INFO]   → 게시물 0개, 평균좋아요 0, 참여율 0%
2026-03-08 19:54:17,884 [INFO] 
============================================================
2026-03-08 19:54:17,884 [INFO] [19/87] 원어스 (ONEUS)
2026-03-08 19:54:17,886 [INFO] ============================================================
2026-03-08 19:54:18,081 [WARNING]   TikTok이 포그라운드 아님, 복귀 시도...
2026-03-08 19:54:27,080 [INFO]   프로필: ONEUS_Official | 팔로워 1,647,000 | 좋아요 33,766,000
2026-03-08 19:54:27,081 [INFO]   그리드 비디오: 6개 (조회수: [34000, 46000, 40000])
2026-03-08 19:54:35,794 [INFO]   [1] 좋아요:7,533 댓글:94 저장:476 공유:177 날짜:2026-02-17 | &#128058;&#128168;&#128055;&#128055;&#12
2026-03-08 19:54:40,131 [INFO]   [2] 좋아요:12,000 댓글:125 저장:724 공유:185 날짜:2026-02-10 | 투문과 아웅다웅 〰️ #원어스 #ONEUS #HWANWOONG #XION
2026-03-08 19:54:44,502 [INFO]   [3] 좋아요:10,000 댓글:118 저장:642 공유:201 날짜:2026-02-06 | I Really like TOMOON &#127769;  #원어스 #ON
2026-03-08 19:54:48,977 [INFO]   [4] 2026-02-04 — 30일 이전, 중단
2026-03-08 19:54:52,150 [INFO]   → 게시물 3개, 평균좋아요 9,844, 참여율 26.9%
2026-03-08 19:54:55,166 [INFO] 
============================================================
2026-03-08 19:54:55,168 [INFO] [20/87] 킥플립 (KickFlip)
2026-03-08 19:54:55,168 [INFO] ============================================================
2026-03-08 19:54:55,372 [WARNING]   TikTok이 포그라운드 아님, 복귀 시도...
2026-03-08 19:55:04,288 [INFO]   프로필: KICKFLIP &#119816;&#119821;&#119813;&#119822; | 킥플립 | 팔로워 77 | 좋아요 97
2026-03-08 19:55:04,290 [INFO]   그리드 비디오: 2개 (조회수: [582, 370])
2026-03-08 19:55:13,030 [INFO]   [1] 좋아요:70 댓글:0 저장:2 공유:1 날짜:2026-03-02 | te esperaremos maru
2026-03-08 19:55:17,690 [INFO]   [2] 좋아요:27 댓글:0 저장:5 공유:0 날짜:2026-03-02 | &#128680;&#128761; ¡ATENCIÓN FLIP WORLD!
2026-03-08 19:55:30,774 [WARNING]   연속 빈 데이터 3회 — TikTok 포그라운드 확인
2026-03-08 19:55:30,979 [WARNING]   TikTok이 포그라운드 아님, 복귀 시도...
2026-03-08 19:55:38,608 [INFO]   → 게시물 2개, 평균좋아요 48, 참여율 11.03%
2026-03-08 19:55:41,641 [INFO] 
============================================================
2026-03-08 19:55:41,643 [INFO] [21/87] 골든차일드 (Golden Child, GNCD)
2026-03-08 19:55:41,644 [INFO] ============================================================
2026-03-08 19:55:41,897 [WARNING]   TikTok이 포그라운드 아님, 복귀 시도...
2026-03-08 19:55:50,805 [INFO]   프로필: GoldenChild 골든차일드 | 팔로워 662,000 | 좋아요 6,295,000
2026-03-08 19:55:50,807 [INFO]   그리드 비디오: 6개 (조회수: [8413, 11000, 10000])
2026-03-08 19:55:59,576 [INFO]   [1] 좋아요:1,454 댓글:60 저장:33 공유:20 날짜:2026-03-04 | JJ is everywhere&#129395; &#10;…⁠자세히⁠ ⁠|
2026-03-08 19:56:04,037 [INFO]   [2] 좋아요:1,495 댓글:23 저장:40 공유:20 날짜:2026-02-25 | 가질 수가 없어도&#128542;❌❌&#10;…⁠자세히
2026-03-08 19:56:08,483 [INFO]   [3] 좋아요:1,125 댓글:30 저장:39 공유:18 날짜:2026-02-14 | &#128054;&#10;…⁠자세히
2026-03-08 19:56:12,907 [INFO]   [4] 좋아요:1,436 댓글:36 저장:40 공유:23 날짜:2026-02-09 | love love love . . &#128420;&#10;…⁠자세히⁠ 
2026-03-08 19:56:17,322 [INFO]   [5] 2025-12-26 — 30일 이전, 중단
2026-03-08 19:56:20,515 [INFO]   → 게시물 4개, 평균좋아요 1,377, 참여율 14.58%
2026-03-08 19:56:23,532 [INFO] 
============================================================
2026-03-08 19:56:23,533 [INFO] [22/87] 드리핀 (DRIPPIN)
2026-03-08 19:56:23,534 [INFO] ============================================================
2026-03-08 19:56:23,753 [WARNING]   TikTok이 포그라운드 아님, 복귀 시도...
2026-03-08 19:56:32,627 [INFO]   프로필: drippin events | 팔로워 1,018 | 좋아요 15,000
2026-03-08 19:56:32,629 [INFO]   그리드 비디오: 6개 (조회수: [15000, 15000, 722])
2026-03-08 19:56:41,354 [INFO]   [1] 2022-08-28 — 30일 이전, 중단
2026-03-08 19:56:44,564 [INFO]   → 게시물 0개, 평균좋아요 0, 참여율 0%
2026-03-08 19:56:47,600 [INFO] 
============================================================
2026-03-08 19:56:47,602 [INFO] [23/87] 루네이트 (LUN8)
2026-03-08 19:56:47,603 [INFO] ============================================================
2026-03-08 19:56:47,833 [WARNING]   TikTok이 포그라운드 아님, 복귀 시도...
2026-03-08 19:56:56,891 [INFO]   프로필: LUN8 | 팔로워 817,000 | 좋아요 19,971,000
2026-03-08 19:56:56,893 [INFO]   그리드 비디오: 6개 (조회수: [5463, 8800, 8679])
2026-03-08 19:57:05,651 [INFO]   [1] 좋아요:2,414 댓글:43 저장:117 공유:27 날짜:2026-03-08 | drippin’ in finesse⭐ #루네이트 #준우 #춤짱심짱
2026-03-08 19:57:10,133 [INFO]   [2] 좋아요:2,560 댓글:38 저장:142 공유:34 날짜:2026-03-06 | 자기야 화풀어 #루네이트 #카엘 #타쿠마 #준우 #이안
2026-03-08 19:57:23,482 [INFO]   [skip] 중복: 자기야 화풀어 #루네이트 #카엘 #타쿠마 #준우 #이안
2026-03-08 19:57:27,939 [INFO]   [3] 좋아요:1,372 댓글:25 저장:90 공유:13 날짜:2026-03-05 | 아령 1회보다 효과적인 운동 #루네이트 #준우 #유우마
2026-03-08 19:57:32,329 [INFO]   [4] 좋아요:3,204 댓글:47 저장:213 공유:42 날짜:2026-03-04 | One, two, three, four #루네이트 #진수 #카엘 #타쿠마
2026-03-08 19:57:36,692 [INFO]   [5] 좋아요:6,001 댓글:58 저장:612 공유:142 날짜:2026-03-03 | Give it up to me #루네이트 #진수 #카엘 #타쿠마
2026-03-08 19:57:41,119 [INFO]   [6] 좋아요:1,635 댓글:49 저장:115 공유:28 날짜:2026-03-02 | 싱잉볼의 효능 #루네이트 #타쿠마 #준우
2026-03-08 19:57:45,522 [INFO]   [7] 좋아요:2,276 댓글:32 저장:179 공유:32 날짜:2026-03-01 | 일할 때 잠들면 안 되는 이유 #루네이트 #진수 #카엘 #이안 #유우마
2026-03-08 19:57:49,946 [INFO]   [8] 좋아요:10,000 댓글:130 저장:679 공유:155 날짜:2026-02-28 | 시동 걸어 막 활활 타오르게&#128293; #루네이트 #카엘 #준우 #
2026-03-08 19:58:03,248 [INFO]   [skip] 중복: 시동 걸어 막 활활 타오르게&#128293; #루네이트 #카엘 #준우 #
2026-03-08 19:58:07,620 [INFO]   [9] 좋아요:3,135 댓글:50 저장:233 공유:39 날짜:2026-02-26 | I want you #루네이트
2026-03-08 19:58:12,054 [INFO]   [10] 좋아요:3,449 댓글:70 저장:231 공유:56 날짜:2026-02-25 | Talking to the moon #루네이트 #카엘 #心如止水
2026-03-08 19:58:16,516 [INFO]   [11] 좋아요:3,466 댓글:92 저장:255 공유:210 날짜:2026-02-24 | &#128539;&#128539;&#128539; #루네이트 #카엘 #타
2026-03-08 19:58:20,953 [INFO]   [12] 좋아요:3,991 댓글:166 저장:247 공유:61 날짜:2026-02-23 | 너 미워&#128532; #루네이트 #진수 #준우
2026-03-08 19:58:25,371 [INFO]   [13] 좋아요:2,665 댓글:60 저장:177 공유:42 날짜:2026-02-22 | 다함께 차차차 #루네이트 #불후의명곡
2026-03-08 19:58:29,857 [INFO]   [14] 좋아요:2,919 댓글:62 저장:163 공유:56 날짜:2026-02-22 | 듣기만 해도 행운이 들어오는 차차차 #루네이트 #불후의명곡
2026-03-08 19:58:34,288 [INFO]   [15] 좋아요:2,650 댓글:52 저장:189 공유:46 날짜:2026-02-21 | LUN8 on That Beat #루네이트 #진수 #타쿠마 #이안 #유우
2026-03-08 19:58:38,706 [INFO]   [16] 좋아요:11,000 댓글:185 저장:759 공유:384 날짜:2026-02-20 | E E E E A #루네이트
2026-03-08 19:58:43,201 [INFO]   [17] 좋아요:3,169 댓글:69 저장:218 공유:58 날짜:2026-02-19 | 교복 #으르렁 왔다 #춤짱심짱 #루네이트 #준우
2026-03-08 19:58:47,565 [INFO]   [18] 좋아요:1,871 댓글:36 저장:139 공유:25 날짜:2026-02-18 | 신년 다짐으로 운동하다가 친척 형들한테 걸림.mp4 #루네이트 #진수 #
2026-03-08 19:59:00,847 [INFO]   [skip] 중복: 신년 다짐으로 운동하다가 친척 형들한테 걸림.mp4 #루네이트 #진수 #
2026-03-08 19:59:05,272 [INFO]   [19] 좋아요:3,743 댓글:92 저장:278 공유:93 날짜:2026-02-16 | @&#129767;&#129293;ྀི 님에게 회신 &#129784;&#
2026-03-08 19:59:09,723 [INFO]   [20] 좋아요:6,432 댓글:122 저장:459 공유:213 날짜:2026-02-15 | @유니&#127854; 님에게 회신 오늘 너의 맘을 허락해&#128152
2026-03-08 19:59:15,219 [INFO]   [21] 좋아요:2,738 댓글:66 저장:207 공유:30 날짜:2026-02-14 | &#128056;&#128149; #루네이트 #유우마
2026-03-08 19:59:28,521 [INFO]   [skip] 중복: &#128056;&#128149; #루네이트 #유우마
2026-03-08 19:59:32,974 [INFO]   [22] 좋아요:2,914 댓글:56 저장:216 공유:35 날짜:2026-02-12 | On beat #루네이트 #진수 #준우
2026-03-08 19:59:46,291 [INFO]   [skip] 중복: On beat #루네이트 #진수 #준우
2026-03-08 19:59:59,664 [INFO]   연속 중복 2회 — 피드 끝, 중단
2026-03-08 20:00:02,845 [INFO]   → 게시물 22개, 평균좋아요 3,800, 참여율 170.91%
2026-03-08 20:00:05,862 [INFO] 
============================================================
2026-03-08 20:00:05,864 [INFO] [24/87] 넥스지 (NEXZ)
2026-03-08 20:00:05,866 [INFO] ============================================================
2026-03-08 20:00:06,118 [WARNING]   TikTok이 포그라운드 아님, 복귀 시도...
2026-03-08 20:00:14,974 [INFO]   프로필: NEXZ | 팔로워 1,322,000 | 좋아요 45,220,000
2026-03-08 20:00:14,975 [INFO]   그리드 비디오: 6개 (조회수: [18000, 20000, 112000])
2026-03-08 20:00:23,780 [INFO]   [1] 좋아요:6,903 댓글:140 저장:404 공유:213 날짜:2026-03-08 | how NEXZ walk&#10;…⁠자세히⁠ ⁠|⁠ ⁠
2026-03-08 20:00:28,220 [INFO]   [2] 좋아요:7,019 댓글:155 저장:502 공유:152 날짜:2026-03-08 | ≽^•⩊•^≼&#10;…⁠자세히
2026-03-08 20:00:32,752 [INFO]   [3] 좋아요:36,000 댓글:354 저장:2,369 공유:832 날짜:2026-03-07 | &#119821;&#119848; &#119811;&#119848;&#1
2026-03-08 20:00:46,228 [INFO]   [skip] 중복: &#119821;&#119848; &#119811;&#119848;&#1
2026-03-08 20:00:50,721 [INFO]   [4] 좋아요:8,105 댓글:127 저장:629 공유:175 날짜:2026-03-07 | &#128535;&#128513;&#128535;&#128513;&#10
2026-03-08 20:00:55,169 [INFO]   [5] 좋아요:23,000 댓글:268 저장:1,751 공유:531 날짜:2026-03-07 | &#119924;&#119938;&#119955;&#119946;&#11
2026-03-08 20:00:59,620 [INFO]   [6] 좋아요:66,000 댓글:376 저장:4,220 공유:1,651 날짜:2026-03-05 | &#128394;️&#127821;&#127822;&#128394;️&#
2026-03-08 20:01:04,130 [INFO]   [7] 좋아요:248,000 댓글:1,649 저장:25,000 공유:8,660 날짜:2026-03-05 | &#120393;&#120384;&#120403;&#120405; &#1
2026-03-08 20:01:08,612 [INFO]   [8] 좋아요:49,000 댓글:242 저장:3,500 공유:845 날짜:2026-03-04 | 4 minutes &#128293;&#10;…⁠자세히⁠ ⁠|⁠ ⁠
2026-03-08 20:01:13,117 [INFO]   [9] 좋아요:468,000 댓글:2,334 저장:34,000 공유:15,000 날짜:2026-03-04 | two&#10;…⁠자세히⁠ ⁠|⁠ ⁠
2026-03-08 20:01:26,402 [INFO]   [skip] 중복: two&#10;…⁠자세히⁠ ⁠|⁠ ⁠
2026-03-08 20:01:30,835 [INFO]   [10] 좋아요:21,000 댓글:235 저장:1,702 공유:571 날짜:2026-03-03 | &#119956;&#119945;&#119946;&#119951;&#11
2026-03-08 20:01:35,253 [INFO]   [11] 좋아요:79,000 댓글:512 저장:5,598 공유:2,484 날짜:2026-03-02 | 미워 (   ꐦ •̀ ⤙ •́ )&#10;…⁠자세히
2026-03-08 20:01:48,561 [INFO]   [skip] 중복: 미워 (   ꐦ •̀ ⤙ •́ )&#10;…⁠자세히
2026-03-08 20:01:53,056 [INFO]   [12] 좋아요:11,000 댓글:109 저장:907 공유:225 날짜:2026-02-28 | 세이타 휴이 안아 .. &#129730;&#10;…⁠자세히
2026-03-08 20:01:57,521 [INFO]   [13] 좋아요:44,000 댓글:528 저장:2,936 공유:1,412 날짜:2026-02-27 | 예의 바른 나무 &#127795;&#10;…⁠자세히
2026-03-08 20:02:01,984 [INFO]   [14] 좋아요:14,000 댓글:152 저장:998 공유:340 날짜:2026-02-27 | &#127822;&#127823;&#127822;&#10;@bandsor
2026-03-08 20:02:15,245 [INFO]   [skip] 중복: &#127822;&#127823;&#127822;&#10;@bandsor
2026-03-08 20:02:19,619 [INFO]   [15] 좋아요:16,000 댓글:234 저장:1,310 공유:535 날짜:2026-02-26 | ⊹₊ ˚‧&#127872; HYUI KITTY &#127822;‧˚₊ ⊹
2026-03-08 20:02:24,110 [INFO]   [16] 좋아요:31,000 댓글:202 저장:2,125 공유:873 날짜:2026-02-26 | ⋆꙳•❅*‧&#128059;‍❄️‧*❆ ₊⋆&#10;…⁠자세히
2026-03-08 20:02:28,549 [INFO]   [17] 좋아요:22,000 댓글:208 저장:1,672 공유:613 날짜:2026-02-26 | ⋆꙳•❅*‧&#128039;‧*❆ ₊⋆&#10;…⁠자세히
2026-03-08 20:02:32,997 [INFO]   [18] 좋아요:18,000 댓글:208 저장:1,619 공유:617 날짜:2026-02-25 | ❄️✨❄️✨&#10;…⁠자세히
2026-03-08 20:02:37,437 [INFO]   [19] 좋아요:173,000 댓글:508 저장:11,000 공유:2,619 날짜:2026-02-24 | 404 (NEW ERA)&#10;…⁠자세히⁠ ⁠|⁠ ⁠
2026-03-08 20:02:41,838 [INFO]   [20] 좋아요:19,000 댓글:197 저장:1,497 공유:607 날짜:2026-02-23 | 휴이야~ &#128536;&#128139;&#10;…⁠자세히
2026-03-08 20:02:55,103 [INFO]   [skip] 중복: 휴이야~ &#128536;&#128139;&#10;…⁠자세히
2026-03-08 20:03:08,448 [INFO]   연속 중복 2회 — 피드 끝, 중단
2026-03-08 20:03:11,657 [INFO]   → 게시물 20개, 평균좋아요 68,001, 참여율 222.6%
2026-03-08 20:03:14,678 [INFO] 
============================================================
2026-03-08 20:03:14,680 [INFO] [25/87] 에잇턴 (8TURN)
2026-03-08 20:03:14,681 [INFO] ============================================================
2026-03-08 20:03:14,884 [WARNING]   TikTok이 포그라운드 아님, 복귀 시도...
2026-03-08 20:03:23,835 [INFO]   프로필: 8TURN | 팔로워 2,001,000 | 좋아요 54,793,000
2026-03-08 20:03:23,837 [INFO]   그리드 비디오: 6개 (조회수: [91000, 18000, 121000])
2026-03-08 20:03:39,072 [WARNING]   비디오 페이지 미진입, 재시도...
2026-03-08 20:03:55,262 [WARNING]   비디오 페이지 2차 실패, 프로필만 저장
2026-03-08 20:03:55,286 [INFO]   → 게시물 0개, 평균좋아요 0, 참여율 0%
2026-03-08 20:03:58,320 [INFO] 
============================================================
2026-03-08 20:03:58,322 [INFO] [26/87] 씨아이엑스 (CIX)
2026-03-08 20:03:58,323 [INFO] ============================================================
2026-03-08 20:03:58,492 [WARNING]   TikTok이 포그라운드 아님, 복귀 시도...
2026-03-08 20:04:11,886 [INFO]   프로필:  | 팔로워 0 | 좋아요 0
2026-03-08 20:04:11,888 [INFO]   그리드 비디오: 0개 (조회수: [])
2026-03-08 20:04:11,889 [WARNING]   그리드 비디오 없음
2026-03-08 20:04:11,910 [INFO]   → 게시물 0개, 평균좋아요 0, 참여율 0%
2026-03-08 20:04:14,933 [INFO] 
============================================================
2026-03-08 20:04:14,935 [INFO] [27/87] 이븐 (EVNNE)
2026-03-08 20:04:14,936 [INFO] ============================================================
2026-03-08 20:04:15,116 [WARNING]   TikTok이 포그라운드 아님, 복귀 시도...
2026-03-08 20:04:24,078 [INFO]   프로필: EVNNE | 팔로워 557,000 | 좋아요 30,880,000
2026-03-08 20:04:24,079 [INFO]   그리드 비디오: 6개 (조회수: [36000, 24000, 12000])
2026-03-08 20:04:32,800 [INFO]   [1] 좋아요:7,303 댓글:61 저장:312 공유:147 날짜:2026-03-07 | &#128536;&#10;…⁠자세히
2026-03-08 20:04:37,284 [INFO]   [2] 좋아요:6,431 댓글:54 저장:279 공유:143 날짜:2026-03-03 | 너 미워 (๑&gt;؂&lt;๑)&#10;…⁠자세히
2026-03-08 20:04:50,556 [INFO]   [skip] 중복: 너 미워 (๑&gt;؂&lt;๑)&#10;…⁠자세히
2026-03-08 20:04:55,044 [INFO]   [3] 좋아요:4,683 댓글:61 저장:211 공유:106 날짜:2026-03-02 | &#128056;&#128056;&#128056;&#10;…⁠자세히
2026-03-08 20:04:59,501 [INFO]   [4] 좋아요:6,049 댓글:112 저장:263 공유:86 날짜:2026-03-02 | Make a wish&#129502;‍♂️&#10;…⁠자세히⁠ ⁠|⁠ ⁠
2026-03-08 20:05:03,967 [INFO]   [5] 좋아요:44,000 댓글:265 저장:1,813 공유:1,227 날짜:2026-02-28 | 어쩜 이렇게 예뻐 (ღ•͈ᴗ•͈ღ)&#10;…⁠자세히
2026-03-08 20:05:08,450 [INFO]   [6] 좋아요:17,000 댓글:88 저장:562 공유:134 날짜:2026-02-27 | 404&#10;…⁠자세히
2026-03-08 20:05:12,841 [INFO]   [7] 좋아요:20,000 댓글:107 저장:730 공유:246 날짜:2026-02-27 | Adrenaline&#10;…⁠자세히⁠ ⁠|⁠ ⁠
2026-03-08 20:05:17,362 [INFO]   [8] 좋아요:11,000 댓글:107 저장:534 공유:250 날짜:2026-02-22 | Swalla la &#10;…⁠자세히⁠ ⁠|⁠ ⁠
2026-03-08 20:05:21,728 [INFO]   [9] 좋아요:15,000 댓글:101 저장:579 공유:155 날짜:2026-02-20 | Ready to go HOME &#127969;&#127939;&#10;
2026-03-08 20:05:35,439 [INFO]   [skip] 중복: Ready to go HOME &#127969;&#127939;&#10;
2026-03-08 20:05:42,441 [INFO]   [10] 좋아요:0 댓글:0 저장:0 공유:0 날짜: | 1,000만원 클라이언트, 존중
2026-03-08 20:05:56,300 [WARNING]   연속 빈 데이터 3회 — TikTok 포그라운드 확인
2026-03-08 20:05:56,473 [WARNING]   TikTok이 포그라운드 아님, 복귀 시도...
2026-03-08 20:06:04,187 [INFO]   → 게시물 10개, 평균좋아요 13,146, 참여율 45.23%
2026-03-08 20:06:07,206 [INFO] 
============================================================
2026-03-08 20:06:07,208 [INFO] [28/87] 나우즈 (NOWZ)
2026-03-08 20:06:07,209 [INFO] ============================================================
2026-03-08 20:06:07,404 [WARNING]   TikTok이 포그라운드 아님, 복귀 시도...
2026-03-08 20:06:16,334 [INFO]   프로필: NOWZ·나우즈 | 팔로워 506,000 | 좋아요 8,679,000
2026-03-08 20:06:16,335 [INFO]   그리드 비디오: 6개 (조회수: [157000, 33000, 141000])
2026-03-08 20:06:31,623 [WARNING]   비디오 페이지 미진입, 재시도...
2026-03-08 20:06:41,669 [INFO]   [1] 좋아요:15,000 댓글:86 저장:488 공유:96 날짜:2026-03-04 | 파트 1 | [&#128250;] NOWZ (나우즈) 'AMMO (fea
2026-03-08 20:06:46,146 [INFO]   [2] 좋아요:2,670 댓글:31 저장:163 공유:18 날짜:2026-03-08 | 파트 5 | Cuz ya voices give me ammo &#10;…
2026-03-08 20:06:50,641 [INFO]   [3] 좋아요:13,000 댓글:59 저장:521 공유:76 날짜:2026-03-07 | 파트 4 | Hands up hands up hands up&#10;…⁠
2026-03-08 20:06:55,131 [INFO]   [4] 좋아요:7,315 댓글:42 저장:263 공유:73 날짜:2026-03-07 | 파트 3 | #AMMO &#128165; with #모니카 안무가님, #
2026-03-08 20:06:59,571 [INFO]   [5] 좋아요:12,000 댓글:78 저장:510 공유:123 날짜:2026-03-05 | 파트 2 | Attention &#128165;&#10;…⁠자세히⁠ ⁠|
2026-03-08 20:07:03,937 [INFO]   [6] 좋아요:6,697 댓글:80 저장:393 공유:145 날짜:2026-03-03 | We're pumpin' Adrenaline&#10;…⁠자세히⁠ ⁠|⁠ 
2026-03-08 20:07:17,279 [INFO]   [skip] 중복: We're pumpin' Adrenaline&#10;…⁠자세히⁠ ⁠|⁠ 
2026-03-08 20:07:21,817 [INFO]   [7] 좋아요:24,000 댓글:152 저장:1,605 공유:398 날짜:2026-02-28 | 공삼즈는 가끔 아웅다웅 &#129308;&#129307;&#10;…⁠자세
2026-03-08 20:07:26,318 [INFO]   [8] 좋아요:8,167 댓글:77 저장:491 공유:90 날짜:2026-02-26 | 사실 안 미워 ❤️&#10;…⁠자세히
2026-03-08 20:07:30,744 [INFO]   [9] 좋아요:9,279 댓글:108 저장:569 공유:149 날짜:2026-02-25 | 미워&#10;…⁠자세히
2026-03-08 20:07:35,198 [INFO]   [10] 좋아요:7,259 댓글:93 저장:355 공유:70 날짜:2026-02-23 | 조려보자 &#129489;‍&#127859;&#10;…⁠자세히
2026-03-08 20:07:48,446 [INFO]   [skip] 중복: 조려보자 &#129489;‍&#127859;&#10;…⁠자세히
2026-03-08 20:07:52,768 [INFO]   [11] 좋아요:8,837 댓글:68 저장:458 공유:52 날짜:2026-02-19 | 사 랑 스 러 워 ❤️&#10;…⁠자세히
2026-03-08 20:08:06,071 [INFO]   [skip] 중복: 사 랑 스 러 워 ❤️&#10;…⁠자세히
2026-03-08 20:08:10,445 [INFO]   [12] 좋아요:7,347 댓글:48 저장:329 공유:91 날짜:2026-02-17 | 소원을 &#128052;해봐&#10;…⁠자세히
2026-03-08 20:08:23,708 [INFO]   [skip] 중복: 소원을 &#128052;해봐&#10;…⁠자세히
2026-03-08 20:08:36,958 [INFO]   연속 중복 2회 — 피드 끝, 중단
2026-03-08 20:08:40,144 [INFO]   → 게시물 12개, 평균좋아요 10,130, 참여율 15.97%
2026-03-08 20:08:43,163 [INFO] 
============================================================
2026-03-08 20:08:43,165 [INFO] [29/87] 더뉴식스 (THE NEW SIX)
2026-03-08 20:08:43,166 [INFO] ============================================================
2026-03-08 20:08:43,353 [WARNING]   TikTok이 포그라운드 아님, 복귀 시도...
2026-03-08 20:08:52,256 [INFO]   프로필: TNX | 팔로워 1,388,000 | 좋아요 33,547,000
2026-03-08 20:08:52,258 [INFO]   그리드 비디오: 6개 (조회수: [30000, 3745000, 4647])
2026-03-08 20:09:07,639 [WARNING]   비디오 페이지 미진입, 재시도...
2026-03-08 20:09:17,856 [INFO]   [1] 2026-02-05 — 30일 이전, 중단
2026-03-08 20:09:21,092 [INFO]   → 게시물 0개, 평균좋아요 0, 참여율 0%
2026-03-08 20:09:24,123 [INFO] 
============================================================
2026-03-08 20:09:24,125 [INFO] [30/87] 앰퍼샌드원 (AMPERS&ONE)
2026-03-08 20:09:24,126 [INFO] ============================================================
2026-03-08 20:09:24,335 [WARNING]   TikTok이 포그라운드 아님, 복귀 시도...
2026-03-08 20:09:33,195 [INFO]   프로필: &#128139; | 팔로워 1,985 | 좋아요 159
2026-03-08 20:09:33,197 [INFO]   그리드 비디오: 1개 (조회수: [292])
2026-03-08 20:09:41,965 [INFO]   [1] 2025-12-30 — 30일 이전, 중단
2026-03-08 20:09:45,142 [INFO]   → 게시물 0개, 평균좋아요 0, 참여율 0%
2026-03-08 20:09:48,180 [INFO] 
============================================================
2026-03-08 20:09:48,181 [INFO] [31/87] 파우 (POW)
2026-03-08 20:09:48,183 [INFO] ============================================================
2026-03-08 20:09:48,383 [WARNING]   TikTok이 포그라운드 아님, 복귀 시도...
2026-03-08 20:09:57,279 [INFO]   프로필: POW | 팔로워 897,000 | 좋아요 32,629,000
2026-03-08 20:09:57,281 [INFO]   그리드 비디오: 6개 (조회수: [2528, 10000, 7739])
2026-03-08 20:10:06,035 [INFO]   [1] 좋아요:861 댓글:26 저장:48 공유:21 날짜:2026-03-08 | 크록하 아는 사람? #추억&#10;…⁠자세히
2026-03-08 20:10:10,460 [INFO]   [2] 좋아요:3,366 댓글:47 저장:116 공유:51 날짜:2026-03-08 | one two&#10;…⁠자세히⁠ ⁠|⁠ ⁠
2026-03-08 20:10:14,933 [INFO]   [3] 좋아요:2,525 댓글:69 저장:130 공유:56 날짜:2026-03-07 | ❤️‍&#128293;&#10;…⁠자세히
2026-03-08 20:10:19,456 [INFO]   [4] 좋아요:5,720 댓글:115 저장:305 공유:79 날짜:2026-03-07 | Hey girl&#10;…⁠자세히⁠ ⁠|⁠ ⁠
2026-03-08 20:10:24,002 [INFO]   [5] 좋아요:1,929 댓글:58 저장:116 공유:72 날짜:2026-03-07 | 말할까 말까&#10;…⁠자세히
2026-03-08 20:10:28,462 [INFO]   [6] 좋아요:6,030 댓글:81 저장:173 공유:65 날짜:2026-03-06 | #ReiAmi &#129782; How was your day today
2026-03-08 20:10:32,858 [INFO]   [7] 좋아요:5,173 댓글:54 저장:189 공유:62 날짜:2026-03-06 | 오늘 하루 어떠세요❓&#10;…⁠자세히
2026-03-08 20:10:37,361 [INFO]   [8] 좋아요:3,356 댓글:40 저장:126 공유:35 날짜:2026-03-06 | 오늘 하루 어때요?&#128165;&#128165;&#10;…⁠자세히
2026-03-08 20:10:50,673 [INFO]   [skip] 중복: 오늘 하루 어때요?&#128165;&#128165;&#10;…⁠자세히
2026-03-08 20:10:55,038 [INFO]   [9] 좋아요:80,000 댓글:347 저장:4,737 공유:1,951 날짜:2026-03-04 | Left Right&#10;…⁠자세히⁠ ⁠|⁠ ⁠
2026-03-08 20:10:59,465 [INFO]   [10] 좋아요:52,000 댓글:531 저장:1,413 공유:1,145 날짜:2026-03-03 | #BI 님 맘속의 Love! Bomb!&#129782;&#127995;&
2026-03-08 20:11:03,855 [INFO]   [11] 좋아요:4,692 댓글:62 저장:257 공유:79 날짜:2026-02-28 | 몽이의 붕어빵~ 줄까말까~~&#10;…⁠자세히
2026-03-08 20:11:08,318 [INFO]   [12] 좋아요:11,000 댓글:106 저장:509 공유:170 날짜:2026-02-27 | #ERIC 님 오늘 하루 어떠세요❓&#10;…⁠자세히
2026-03-08 20:11:12,768 [INFO]   [13] 좋아요:2,451 댓글:54 저장:147 공유:48 날짜:2026-02-25 | 누구게요?&#10;…⁠자세히
2026-03-08 20:11:17,215 [INFO]   [14] 좋아요:2,380 댓글:45 저장:139 공유:44 날짜:2026-02-24 | 임토끼 아는 사람? &#10;…⁠자세히
2026-03-08 20:11:21,671 [INFO]   [15] 좋아요:3,012 댓글:63 저장:178 공유:103 날짜:2026-02-23 | I &#129782; YOU&#10;…⁠자세히⁠ ⁠|⁠ ⁠
2026-03-08 20:11:26,089 [INFO]   [16] 좋아요:2,801 댓글:50 저장:147 공유:48 날짜:2026-02-23 | &#128521;&#10;…⁠자세히
2026-03-08 20:11:30,682 [INFO]   [17] 좋아요:3,093 댓글:63 저장:210 공유:80 날짜:2026-02-21 | 나랑 같이 무술 배울 사람&#128587;‍♂️#추억&#10;…⁠자세히
2026-03-08 20:11:35,039 [INFO]   [18] 좋아요:2,864 댓글:58 저장:179 공유:60 날짜:2026-02-20 | &#128535;&#128077;&#10;…⁠자세히
2026-03-08 20:11:39,546 [INFO]   [19] 좋아요:2,429 댓글:50 저장:135 공유:34 날짜:2026-02-20 | 난 계속 걸어가&#127939;&#128168;&#10;…⁠자세히
2026-03-08 20:11:44,029 [INFO]   [20] 좋아요:3,129 댓글:63 저장:194 공유:64 날짜:2026-02-19 | 뻔한 인사 대신 말할게…&#128147;&#10;…⁠자세히
2026-03-08 20:11:48,527 [INFO]   [21] 좋아요:2,774 댓글:59 저장:152 공유:46 날짜:2026-02-19 | 그대&#10;…⁠자세히
2026-03-08 20:11:53,023 [INFO]   [22] 좋아요:3,880 댓글:56 저장:204 공유:52 날짜:2026-02-18 | 터져버릴지도 몰라&#127774;&#10;…⁠자세히
2026-03-08 20:11:57,488 [INFO]   [23] 좋아요:3,605 댓글:50 저장:220 공유:45 날짜:2026-02-18 | 내 이름을 부르는 너&#128166;&#10;…⁠자세히
2026-03-08 20:12:01,935 [INFO]   [24] 좋아요:3,369 댓글:48 저장:167 공유:51 날짜:2026-02-17 | 세뱃돈 줄까말까&#10;…⁠자세히
2026-03-08 20:12:06,368 [INFO]   [25] 좋아요:2,416 댓글:46 저장:131 공유:20 날짜:2026-02-17 | &#127775;&#119810;&#119848;&#119846;&#11
2026-03-08 20:12:10,759 [INFO]   [26] 좋아요:7,676 댓글:88 저장:319 공유:145 날짜:2026-02-16 | 오늘 하루는 어때&#129782;&#10;…⁠자세히
2026-03-08 20:12:15,186 [INFO]   [27] 좋아요:126,000 댓글:367 저장:2,968 공유:2,829 날짜:2026-02-16 | 으르렁&#10;…⁠자세히
2026-03-08 20:12:19,604 [INFO]   [28] 좋아요:3,620 댓글:37 저장:169 공유:40 날짜:2026-02-16 | &#129528;‧₊˚Love! Bomb!˚₊‧&#128054;&#10;
2026-03-08 20:12:24,086 [INFO]   [29] 좋아요:2,269 댓글:45 저장:152 공유:24 날짜:2026-02-16 | 점심시간 추천곡 받아요 #추억&#10;…⁠자세히
2026-03-08 20:12:28,611 [INFO]   [30] 좋아요:25,000 댓글:179 저장:1,417 공유:381 날짜:2026-02-15 | No Hands&#10;…⁠자세히⁠ ⁠|⁠ ⁠
2026-03-08 20:12:33,100 [INFO]   [31] 좋아요:3,092 댓글:48 저장:189 공유:33 날짜:2026-02-15 | 순진하기는…&#10;…⁠자세히
2026-03-08 20:12:37,568 [INFO]   [32] 좋아요:6,876 댓글:66 저장:371 공유:124 날짜:2026-02-15 | Untouchable&#10;…⁠자세히⁠ ⁠|⁠ ⁠
2026-03-08 20:12:41,979 [INFO]   [33] 좋아요:2,352 댓글:47 저장:161 공유:24 날짜:2026-02-15 | ⋆｡‧˚Love! Bomb!˚‧｡⋆&#10;…⁠자세히⁠ ⁠|⁠ ⁠
2026-03-08 20:12:46,382 [INFO]   [34] 좋아요:4,055 댓글:74 저장:412 공유:96 날짜:2026-02-15 | &#128680;주의: 사납습니다.&#10;…⁠자세히
2026-03-08 20:12:50,783 [INFO]   [35] 좋아요:2,118 댓글:49 저장:146 공유:39 날짜:2026-02-14 | 카스 친구 구함 #추억&#10;…⁠자세히
2026-03-08 20:13:04,091 [INFO]   [skip] 중복: 카스 친구 구함 #추억&#10;…⁠자세히
2026-03-08 20:13:08,511 [INFO]   [36] 좋아요:3,373 댓글:60 저장:194 공유:46 날짜:2026-02-14 | ˚✧ ₊˚ʚ&#129418;ɞ ˚₊ ✧ ﾟ&#10;…⁠자세히⁠ ⁠|⁠ ⁠
2026-03-08 20:13:12,938 [INFO]   [37] 좋아요:2,079 댓글:49 저장:150 공유:37 날짜:2026-02-14 | 말할까 말까&#10;…⁠자세히
2026-03-08 20:13:17,259 [INFO]   [38] 좋아요:8,564 댓글:115 저장:359 공유:150 날짜:2026-02-14 | 초콜릿 줄까말까…&#127851;&#10;…⁠자세히
2026-03-08 20:13:21,625 [INFO]   [39] 좋아요:2,359 댓글:46 저장:128 공유:16 날짜:2026-02-14 | #JUNTAE 님 오늘 하루 어떠세요❓&#10;…⁠자세히
2026-03-08 20:13:26,120 [INFO]   [40] 좋아요:8,294 댓글:74 저장:323 공유:147 날짜:2026-02-14 | Darling be my valentine&#10;…⁠자세히⁠ ⁠|⁠ ⁠
2026-03-08 20:13:30,570 [INFO]   [41] 좋아요:10,000 댓글:85 저장:327 공유:103 날짜:2026-02-13 | 말할까 말까&#128064;&#10;…⁠자세히
2026-03-08 20:13:35,105 [INFO]   [42] 좋아요:5,421 댓글:56 저장:177 공유:44 날짜:2026-02-13 | 이미 넌 알잖아 좋아한다고&#10;…⁠자세히
2026-03-08 20:13:39,577 [INFO]   [43] 좋아요:2,320 댓글:37 저장:120 공유:15 날짜:2026-02-13 | #JUNYONG 님 맘속의 Love! Bomb!&#10;…⁠자세히
2026-03-08 20:13:44,713 [INFO]   → 게시물 43개, 평균좋아요 10,240, 참여율 660.62%
2026-03-08 20:13:47,730 [INFO] 
============================================================
2026-03-08 20:13:47,732 [INFO] [32/87] 소디엑 (XODIAC)
2026-03-08 20:13:47,733 [INFO] ============================================================
2026-03-08 20:13:47,951 [WARNING]   TikTok이 포그라운드 아님, 복귀 시도...
2026-03-08 20:13:56,806 [INFO]   프로필: Xodiac_Official | 팔로워 263 | 좋아요 6,565
2026-03-08 20:13:56,808 [INFO]   그리드 비디오: 6개 (조회수: [2351, 1790, 1833])
2026-03-08 20:14:05,545 [INFO]   [1] 2023-04-12 — 30일 이전, 중단
2026-03-08 20:14:08,729 [INFO]   → 게시물 0개, 평균좋아요 0, 참여율 0%
2026-03-08 20:14:11,746 [INFO] 
============================================================
2026-03-08 20:14:11,748 [INFO] [33/87] 유나이트 (YOUNITE)
2026-03-08 20:14:11,749 [INFO] ============================================================
2026-03-08 20:14:11,906 [WARNING]   TikTok이 포그라운드 아님, 복귀 시도...
2026-03-08 20:14:20,969 [INFO]   프로필: YOUNITE | 팔로워 656,000 | 좋아요 21,303,000
2026-03-08 20:14:20,971 [INFO]   그리드 비디오: 6개 (조회수: [4147000, 9116000, 7250000])
2026-03-08 20:14:29,854 [INFO]   [1] 2024-06-16 — 30일 이전, 중단
2026-03-08 20:14:33,007 [INFO]   → 게시물 0개, 평균좋아요 0, 참여율 0%
2026-03-08 20:14:36,032 [INFO] 
============================================================
2026-03-08 20:14:36,033 [INFO] [34/87] 배너 (VANNER)
2026-03-08 20:14:36,035 [INFO] ============================================================
2026-03-08 20:14:36,221 [WARNING]   TikTok이 포그라운드 아님, 복귀 시도...
2026-03-08 20:14:45,148 [INFO]   프로필: VANNER | 팔로워 430,000 | 좋아요 8,812,000
2026-03-08 20:14:45,149 [INFO]   그리드 비디오: 6개 (조회수: [3936, 8294, 6549])
2026-03-08 20:14:53,977 [INFO]   [1] 좋아요:1,060 댓글:24 저장:59 공유:18 날짜:2026-03-07 | rudeeeee&#128129;&#10;…⁠자세히⁠ ⁠|⁠ ⁠
2026-03-08 20:14:58,415 [INFO]   [2] 좋아요:1,568 댓글:46 저장:85 공유:25 날짜:2026-02-18 | 쮝들은 삐삐 안 미워&#10;…⁠자세히
2026-03-08 20:15:02,933 [INFO]   [3] 좋아요:1,499 댓글:29 저장:65 공유:15 날짜:2026-02-17 | &#128663;&#128168;&#129653; &#10;…⁠자세히
2026-03-08 20:15:16,414 [INFO]   [skip] 중복: &#128663;&#128168;&#129653; &#10;…⁠자세히
2026-03-08 20:15:20,907 [INFO]   [4] 좋아요:1,160 댓글:20 저장:61 공유:19 날짜:2026-02-16 | 신나게 조려보자&#10;…⁠자세히
2026-03-08 20:15:25,388 [INFO]   [5] 좋아요:1,085 댓글:36 저장:42 공유:16 날짜:2026-02-14 | &#129294;삐삐 7주년 축하해&#129294;&#10;…⁠자세히
2026-03-08 20:15:29,882 [INFO]   [6] 좋아요:1,840 댓글:28 저장:78 공유:26 날짜:2026-02-12 | L O V E  M E  ♡&#10;…⁠자세히⁠ ⁠|⁠ ⁠
2026-03-08 20:15:34,287 [INFO]   [7] 좋아요:864 댓글:18 저장:56 공유:17 날짜:2026-02-10 | 아웅다웅〰️&#10;…⁠자세히
2026-03-08 20:15:38,705 [INFO]   [8] 좋아요:616 댓글:26 저장:27 공유:12 날짜:2026-02-09 | 성국아&#127853;혜성아&#127850;&#10;…⁠자세히
2026-03-08 20:15:43,148 [INFO]   [9] 2026-01-28 — 30일 이전, 중단
2026-03-08 20:15:46,339 [INFO]   → 게시물 8개, 평균좋아요 1,211, 참여율 28.23%
2026-03-08 20:15:49,356 [INFO] 
============================================================
2026-03-08 20:15:49,358 [INFO] [35/87] 비에이이일칠삼 (BAE173)
2026-03-08 20:15:49,359 [INFO] ============================================================
2026-03-08 20:15:49,605 [WARNING]   TikTok이 포그라운드 아님, 복귀 시도...
2026-03-08 20:15:58,584 [INFO]   프로필: BAE173 | 팔로워 782,000 | 좋아요 18,594,000
2026-03-08 20:15:58,586 [INFO]   그리드 비디오: 6개 (조회수: [14000, 9940, 26000])
2026-03-08 20:16:07,387 [INFO]   [1] 좋아요:3,115 댓글:33 저장:139 공유:37 날짜:2026-03-05 | &#128054;&#129418;&#128162; #BAE173 #YOO
2026-03-08 20:16:11,850 [INFO]   [2] 좋아요:2,670 댓글:43 저장:110 공유:51 날짜:2026-03-04 | 괴물 #BAE173 #비에이이173 #MUZIN #무진
2026-03-08 20:16:16,197 [INFO]   [3] 좋아요:5,757 댓글:64 저장:215 공유:76 날짜:2026-03-02 | All of You&#128153; #BAE173 #비에이이173 #Al
2026-03-08 20:16:20,621 [INFO]   [4] 좋아요:1,489 댓글:29 저장:57 공유:21 날짜:2026-02-27 | 한번만 안아줘&#128064;&#128149; #BAE173 #비에이이1
2026-03-08 20:16:24,987 [INFO]   [5] 좋아요:18,000 댓글:97 저장:790 공유:324 날짜:2026-02-26 | 정말 얄미워 #BAE173 #비에이이173 #JUNSEO #준서
2026-03-08 20:16:29,323 [INFO]   [6] 좋아요:3,970 댓글:45 저장:179 공유:72 날짜:2026-02-16 | Adrenaline #BAE173 #BIT #빛 #Ateez #에이티즈
2026-03-08 20:16:42,616 [INFO]   [skip] 중복: Adrenaline #BAE173 #BIT #빛 #Ateez #에이티즈
2026-03-08 20:16:47,083 [INFO]   [7] 2026-01-29 — 30일 이전, 중단
2026-03-08 20:16:50,241 [INFO]   → 게시물 6개, 평균좋아요 5,833, 참여율 17.17%
2026-03-08 20:16:53,274 [INFO] 
============================================================
2026-03-08 20:16:53,276 [INFO] [36/87] 에이티투메이저 (82MAJOR)
2026-03-08 20:16:53,277 [INFO] ============================================================
2026-03-08 20:16:53,509 [WARNING]   TikTok이 포그라운드 아님, 복귀 시도...
2026-03-08 20:17:02,429 [INFO]   프로필: 82MAJOR | 팔로워 1,476,000 | 좋아요 28,957,000
2026-03-08 20:17:02,431 [INFO]   그리드 비디오: 6개 (조회수: [13000, 3960, 37000])
2026-03-08 20:17:11,238 [INFO]   [1] 좋아요:3,920 댓글:53 저장:215 공유:95 날짜:2026-03-08 | 82 Punch Machine Challenge&#10;…⁠자세히⁠ ⁠|
2026-03-08 20:17:15,654 [INFO]   [2] 좋아요:1,474 댓글:34 저장:120 공유:42 날짜:2026-03-08 | &#129672;&#128536;&#10;…⁠자세히
2026-03-08 20:17:19,962 [INFO]   [3] 좋아요:12,000 댓글:126 저장:1,037 공유:379 날짜:2026-03-07 | 82 Boxer &#129354;&#10;#82MAJOR #82메이저 …
2026-03-08 20:17:24,353 [INFO]   [4] 좋아요:4,752 댓글:80 저장:353 공유:125 날짜:2026-03-07 | Baby girl what’s happenin &#128064;&#10;
2026-03-08 20:17:28,766 [INFO]   [5] 좋아요:5,826 댓글:62 저장:462 공유:126 날짜:2026-03-06 | &#128516;&#129303;☺️&#10;…⁠자세히
2026-03-08 20:17:33,255 [INFO]   [6] 좋아요:2,878 댓글:56 저장:241 공유:84 날짜:2026-03-06 | #fyp&#10;…⁠자세히
2026-03-08 20:17:46,569 [INFO]   [skip] 중복: #fyp&#10;…⁠자세히
2026-03-08 20:17:59,811 [INFO]   연속 중복 2회 — 피드 끝, 중단
2026-03-08 20:18:02,991 [INFO]   → 게시물 6개, 평균좋아요 5,141, 참여율 35.59%
2026-03-08 20:18:06,009 [INFO] 
============================================================
2026-03-08 20:18:06,011 [INFO] [37/87] 판타지보이즈 (FANTASY BOYS)
2026-03-08 20:18:06,012 [INFO] ============================================================
2026-03-08 20:18:06,237 [WARNING]   TikTok이 포그라운드 아님, 복귀 시도...
2026-03-08 20:18:15,166 [INFO]   프로필: FANTASYBOYS | 팔로워 400,000 | 좋아요 8,190,000
2026-03-08 20:18:15,168 [INFO]   그리드 비디오: 6개 (조회수: [96000, 1408, 16000])
2026-03-08 20:18:30,634 [WARNING]   비디오 페이지 미진입, 재시도...
2026-03-08 20:18:40,778 [INFO]   [1] 2025-03-20 — 30일 이전, 중단
2026-03-08 20:18:43,991 [INFO]   → 게시물 0개, 평균좋아요 0, 참여율 0%
2026-03-08 20:18:47,009 [INFO] 
============================================================
2026-03-08 20:18:47,011 [INFO] [38/87] 더윈드 (The Wind)
2026-03-08 20:18:47,012 [INFO] ============================================================
2026-03-08 20:18:47,278 [WARNING]   TikTok이 포그라운드 아님, 복귀 시도...
2026-03-08 20:18:56,140 [INFO]   프로필: The Wind | 팔로워 401,000 | 좋아요 10,298,000
2026-03-08 20:18:56,142 [INFO]   그리드 비디오: 6개 (조회수: [14000, 22000, 71000])
2026-03-08 20:19:04,984 [INFO]   [1] 좋아요:5,275 댓글:77 저장:376 공유:708 날짜:2026-03-05 | (ᐡ-ܫ•ᐡ) &#128076;&#10;…⁠자세히
2026-03-08 20:19:09,358 [INFO]   [2] 좋아요:5,819 댓글:104 저장:453 공유:1,635 날짜:2026-02-27 | &#129308;&#129783;&#10;…⁠자세히
2026-03-08 20:19:13,772 [INFO]   [3] 좋아요:23,000 댓글:221 저장:1,685 공유:2,258 날짜:2026-02-26 | ×͜× ˒˒&#10;…⁠자세히⁠ ⁠|⁠ ⁠
2026-03-08 20:19:18,251 [INFO]   [4] 좋아요:5,383 댓글:125 저장:399 공유:1,384 날짜:2026-02-25 | &#128165; &#120335;&#120358;&#120378; &#
2026-03-08 20:19:22,761 [INFO]   [5] 좋아요:19,000 댓글:278 저장:1,279 공유:4,757 날짜:2026-02-24 | /̵͇̿̿/'̿̿ ̿̿ ̿̿ ˙·٠˙·❤️٠&#10;…⁠자세히⁠ ⁠|⁠ 
2026-03-08 20:19:27,210 [INFO]   [6] 좋아요:4,178 댓글:121 저장:310 공유:1,322 날짜:2026-02-23 | Be my side &#129293;&#10;…⁠자세히⁠ ⁠|⁠ ⁠
2026-03-08 20:19:31,726 [INFO]   [7] 좋아요:16,000 댓글:352 저장:1,161 공유:4,801 날짜:2026-02-20 | Let’s go TCA&#10;…⁠자세히⁠ ⁠|⁠ ⁠
2026-03-08 20:19:36,154 [INFO]   [8] 좋아요:8,026 댓글:292 저장:524 공유:4,333 날짜:2026-02-19 | &#119868;&#119871;&#119884; &#119904;&#1
2026-03-08 20:19:40,637 [INFO]   [9] 좋아요:39,000 댓글:662 저장:2,777 공유:12,000 날짜:2026-02-18 | &#119930;&#119960;&#119938;&#119949;&#11
2026-03-08 20:19:45,146 [INFO]   [10] 좋아요:8,354 댓글:272 저장:547 공유:5,240 날짜:2026-02-17 | ONE TWO &#128074;&#10;…⁠자세히⁠ ⁠|⁠ ⁠
2026-03-08 20:19:49,610 [INFO]   [11] 좋아요:20,000 댓글:325 저장:1,217 공유:5,899 날짜:2026-02-16 | 토니비니 아웅다웅 (  •̀ ⤙ •́  )&#10;…⁠자세히
2026-03-08 20:19:54,042 [INFO]   [12] 좋아요:20,000 댓글:420 저장:1,113 공유:4,691 날짜:2026-02-16 | &#119877;&#119890;&#119886;&#119897;&#11
2026-03-08 20:19:58,503 [INFO]   [13] 좋아요:16,000 댓글:286 저장:1,054 공유:5,094 날짜:2026-02-06 | Pew &#128168;&#10;…⁠자세히⁠ ⁠|⁠ ⁠
2026-03-08 20:20:02,938 [INFO]   [14] 2026-02-05 — 30일 이전, 중단
2026-03-08 20:20:06,152 [INFO]   → 게시물 13개, 평균좋아요 14,618, 참여율 122.34%
2026-03-08 20:20:09,170 [INFO] 
============================================================
2026-03-08 20:20:09,172 [INFO] [39/87] 위아이 (WEi)
2026-03-08 20:20:09,173 [INFO] ============================================================
2026-03-08 20:20:09,366 [WARNING]   TikTok이 포그라운드 아님, 복귀 시도...
2026-03-08 20:20:18,246 [INFO]   프로필: 위아이(WEi) | 팔로워 2,475,000 | 좋아요 60,229,000
2026-03-08 20:20:18,247 [INFO]   그리드 비디오: 6개 (조회수: [19000, 47000, 48000])
2026-03-08 20:20:27,130 [INFO]   [1] 좋아요:4,860 댓글:76 저장:246 공유:60 날짜:2026-03-03 | 아웅다웅✊&#127995;&#10;…⁠자세히
2026-03-08 20:20:31,526 [INFO]   [2] 좋아요:11,000 댓글:159 저장:565 공유:145 날짜:2026-03-02 | 너 미워 &#10;#위아이 #WEi #장대현 #JANGDAEHYEON
2026-03-08 20:20:35,939 [INFO]   [3] 좋아요:8,721 댓글:229 저장:519 공유:116 날짜:2026-02-11 | &#127874;&#128057;&#127881;&#10;#위아이 #WE
2026-03-08 20:20:40,357 [INFO]   [4] 2026-01-28 — 30일 이전, 중단
2026-03-08 20:20:43,605 [INFO]   → 게시물 3개, 평균좋아요 8,193, 참여율 23.42%
2026-03-08 20:20:46,628 [INFO] 
============================================================
2026-03-08 20:20:46,630 [INFO] [40/87] 휘브 (WHIB)
2026-03-08 20:20:46,631 [INFO] ============================================================
2026-03-08 20:20:46,824 [WARNING]   TikTok이 포그라운드 아님, 복귀 시도...
2026-03-08 20:20:55,786 [INFO]   프로필: WHIB | 팔로워 778,000 | 좋아요 14,224,000
2026-03-08 20:20:55,788 [INFO]   그리드 비디오: 6개 (조회수: [15000, 9845, 19000])
2026-03-08 20:21:04,491 [INFO]   [1] 좋아요:5,683 댓글:72 저장:212 공유:106 날짜:2026-03-07 | &#120279;-&#120819; Dress Code : &#12929
2026-03-08 20:21:17,800 [INFO]   [skip] 중복: &#120279;-&#120819; Dress Code : &#12929
2026-03-08 20:21:28,563 [INFO]   [2] 좋아요:3,424 댓글:52 저장:172 공유:112 날짜:2026-03-06 | WONJUN's English Time&#10;…⁠자세히⁠ ⁠|⁠ ⁠
2026-03-08 20:21:33,019 [INFO]   [3] 좋아요:3,681 댓글:38 저장:134 공유:36 날짜:2026-03-06 | &#120279;-&#120821; 첫 콘서트 파이팅❤️‍&#128293
2026-03-08 20:21:37,499 [INFO]   [4] 좋아요:2,351 댓글:37 저장:94 공유:21 날짜:2026-03-05 | 같이 뛰어놀 준비됐어!?&#127926;&#10;2026 WHIB 1st
2026-03-08 20:21:41,959 [INFO]   [5] 좋아요:9,543 댓글:66 저장:314 공유:109 날짜:2026-03-04 | 쉿, WHITE to BLACK&#10;2026 WHIB 1st CONC
2026-03-08 20:21:46,481 [INFO]   [6] 좋아요:5,043 댓글:29 저장:203 공유:74 날짜:2026-03-03 | 3월 안녕하세요 &#129303;&#10;…⁠자세히
2026-03-08 20:21:51,010 [INFO]   [7] 좋아요:7,109 댓글:62 저장:289 공유:84 날짜:2026-03-02 | Let's Play on&#10;2026 WHIB 1st CONCE…⁠자
2026-03-08 20:21:55,402 [INFO]   [8] 좋아요:4,041 댓글:50 저장:177 공유:40 날짜:2026-03-01 | Love Me Harder&#129782;&#10;…⁠자세히⁠ ⁠|⁠ ⁠
2026-03-08 20:22:08,733 [INFO]   [skip] 중복: Love Me Harder&#129782;&#10;…⁠자세히⁠ ⁠|⁠ ⁠
2026-03-08 20:22:13,133 [INFO]   [9] 좋아요:32,000 댓글:280 저장:1,283 공유:973 날짜:2026-02-26 | Omote&#10;…⁠자세히⁠ ⁠|⁠ ⁠
2026-03-08 20:22:26,428 [INFO]   [skip] 중복: Omote&#10;…⁠자세히⁠ ⁠|⁠ ⁠
2026-03-08 20:22:30,898 [INFO]   [10] 좋아요:6,635 댓글:67 저장:353 공유:141 날짜:2026-02-25 | 형 몇 년생이에요?&#129430;&#10;…⁠자세히
2026-03-08 20:22:35,305 [INFO]   [11] 좋아요:6,248 댓글:59 저장:276 공유:181 날짜:2026-02-24 | Really Like You »-♡→&#10;…⁠자세히⁠ ⁠|⁠ ⁠
2026-03-08 20:22:39,790 [INFO]   [12] 좋아요:5,970 댓글:50 저장:245 공유:56 날짜:2026-02-23 | #ROCKTHENATION_Challenge &#10;JM RTN …⁠자
2026-03-08 20:22:44,183 [INFO]   [13] 좋아요:3,631 댓글:63 저장:139 공유:97 날짜:2026-02-23 | #ELEVATE &#10;시선은 straight…⁠자세히
2026-03-08 20:22:48,682 [INFO]   [14] 좋아요:2,319 댓글:27 저장:86 공유:17 날짜:2026-02-22 | #ROCKTHENATION_Challenge &#10;&#128727;&
2026-03-08 20:22:53,081 [INFO]   [15] 좋아요:608 댓글:19 저장:37 공유:10 날짜:2026-02-22 | 2026 WHIB 1st CONCERT [GO UP : Our era] 
2026-03-08 20:22:57,556 [INFO]   [16] 좋아요:12,000 댓글:96 저장:602 공유:324 날짜:2026-02-21 | #ROCKTHENATION_Challenge&#10;with #KAMDE
2026-03-08 20:23:02,008 [INFO]   [17] 좋아요:4,845 댓글:44 저장:209 공유:45 날짜:2026-02-21 | #WHOsTHENEXT&#10;&#120402;&#120413;&#120
2026-03-08 20:23:06,559 [INFO]   [18] 좋아요:1,963 댓글:27 저장:102 공유:28 날짜:2026-02-20 | #ROCKTHENATION_Challenge &#10;with #밸리곰 
2026-03-08 20:23:10,934 [INFO]   [19] 좋아요:2,081 댓글:34 저장:105 공유:21 날짜:2026-02-20 | #ROCKTHENATION_Challenge&#10;with #이준 #세
2026-03-08 20:23:15,350 [INFO]   [20] 좋아요:9,833 댓글:116 저장:438 공유:214 날짜:2026-02-19 | #ROCKTHENATION_Challenge &#10;준민 연습실 ver
2026-03-08 20:23:19,780 [INFO]   [21] 좋아요:2,212 댓글:29 저장:102 공유:15 날짜:2026-02-19 | #ROCKTHENATION_Challenge &#10;미쳐가는 거야 WA
2026-03-08 20:23:24,209 [INFO]   [22] 좋아요:5,251 댓글:42 저장:222 공유:64 날짜:2026-02-18 | #ROCKTHENATION_Challenge &#10;&#129704;&
2026-03-08 20:23:28,605 [INFO]   [23] 좋아요:10,000 댓글:106 저장:451 공유:236 날짜:2026-02-18 | 어쩜 이렇게 예뻐 ᧔ෆ᧓ &#10;…⁠자세히
2026-03-08 20:23:41,928 [INFO]   [skip] 중복: 어쩜 이렇게 예뻐 ᧔ෆ᧓ &#10;…⁠자세히
2026-03-08 20:23:46,359 [INFO]   [24] 좋아요:4,813 댓글:59 저장:237 공유:55 날짜:2026-02-16 | 가족 휘브❤️&#10;…⁠자세히
2026-03-08 20:23:50,848 [INFO]   [25] 좋아요:2,627 댓글:29 저장:116 공유:27 날짜:2026-02-15 | #ROCKTHENATION_Challenge &#10;진버미랑 원주니&#
2026-03-08 20:23:55,289 [INFO]   [26] 좋아요:5,091 댓글:56 저장:228 공유:61 날짜:2026-02-15 | #ELEVATE &#10;NYC-…⁠자세히⁠ ⁠|⁠ ⁠
2026-03-08 20:23:59,872 [INFO]   [27] 좋아요:5,189 댓글:56 저장:275 공유:169 날짜:2026-02-14 | MMMM&#10;…⁠자세히⁠ ⁠|⁠ ⁠
2026-03-08 20:24:04,265 [INFO]   [28] 좋아요:6,880 댓글:58 저장:290 공유:130 날짜:2026-02-14 | #ROCKTHENATION_Challenge &#10;&#127928;&
2026-03-08 20:24:08,761 [INFO]   [29] 좋아요:2,329 댓글:43 저장:96 공유:21 날짜:2026-02-14 | #ROCKTHENATION_Challenge &#10;개굴 더 네이션 &
2026-03-08 20:24:13,182 [INFO]   [30] 좋아요:5,558 댓글:52 저장:235 공유:102 날짜:2026-02-14 | #ROCKTHENATION_Challenge &#10;Easy ver &
2026-03-08 20:24:17,647 [INFO]   [31] 좋아요:15,000 댓글:117 저장:589 공유:237 날짜:2026-02-13 | #ROCKTHENATION_Challenge&#10;with #박한빈 선
2026-03-08 20:24:22,101 [INFO]   [32] 좋아요:4,094 댓글:43 저장:163 공유:38 날짜:2026-02-13 | #ROCKTHENATION_Challenge &#10;Hey! Hey!…
2026-03-08 20:24:26,549 [INFO]   [33] 좋아요:2,445 댓글:33 저장:100 공유:22 날짜:2026-02-12 | #ROCKTHENATION_Challenge&#10;with #은호 선배
2026-03-08 20:24:30,946 [INFO]   [34] 좋아요:4,436 댓글:43 저장:196 공유:94 날짜:2026-02-12 | Uh, uh, uh, uh,&#10;…⁠자세히⁠ ⁠|⁠ ⁠
2026-03-08 20:24:35,388 [INFO]   [35] 좋아요:6,450 댓글:58 저장:270 공유:77 날짜:2026-02-12 | #ROCKTHENATION_Challenge&#10;Rock the na
2026-03-08 20:24:39,829 [INFO]   [36] 좋아요:5,015 댓글:79 저장:200 공유:107 날짜:2026-02-12 | #ELEVATE &#120402;&#120410; &#120423;&#1
2026-03-08 20:24:44,312 [INFO]   [37] 좋아요:3,024 댓글:32 저장:155 공유:34 날짜:2026-02-11 | #ROCKTHENATION_Challenge&#10;with #남성모 선
2026-03-08 20:24:48,693 [INFO]   [38] 좋아요:38,000 댓글:227 저장:1,811 공유:622 날짜:2026-02-11 | #ROCKTHENATION_Challenge&#10;with #유메키 님
2026-03-08 20:24:53,191 [INFO]   [39] 좋아요:2,075 댓글:30 저장:80 공유:16 날짜:2026-02-11 | #ROCKTHENATION_Challenge&#10;&#120303;&#
2026-03-08 20:24:57,540 [INFO]   [40] 좋아요:6,321 댓글:42 저장:265 공유:115 날짜:2026-02-10 | #ROCKTHENATION_Challenge&#10;with #홍석천 #
2026-03-08 20:25:01,954 [INFO]   [41] 좋아요:17,000 댓글:136 저장:1,092 공유:420 날짜:2026-02-10 | #ROCKTHENATION_Challenge&#10;with #민기 선배
2026-03-08 20:25:07,064 [INFO]   → 게시물 41개, 평균좋아요 6,898, 참여율 289.45%
2026-03-08 20:25:10,099 [INFO] 
============================================================
2026-03-08 20:25:10,101 [INFO] [41/87] 다이몬 (DXMON)
2026-03-08 20:25:10,102 [INFO] ============================================================
2026-03-08 20:25:10,292 [WARNING]   TikTok이 포그라운드 아님, 복귀 시도...
2026-03-08 20:25:19,263 [INFO]   프로필: DXMON | 팔로워 430,000 | 좋아요 10,549,000
2026-03-08 20:25:19,265 [INFO]   그리드 비디오: 6개 (조회수: [18000, 7227, 8006])
2026-03-08 20:25:28,066 [INFO]   [1] 좋아요:4,556 댓글:52 저장:282 공유:113 날짜:2026-03-03 | Left Right &#10;…⁠자세히⁠ ⁠|⁠ ⁠
2026-03-08 20:25:32,536 [INFO]   [2] 좋아요:1,045 댓글:33 저장:85 공유:41 날짜:2026-03-01 | &#128076;&#127995;&#10;…⁠자세히
2026-03-08 20:25:37,014 [INFO]   [3] 좋아요:1,322 댓글:29 저장:111 공유:48 날짜:2026-02-26 | Do&#10;…⁠자세히⁠ ⁠|⁠ ⁠
2026-03-08 20:25:50,486 [INFO]   [skip] 중복: Do&#10;…⁠자세히⁠ ⁠|⁠ ⁠
2026-03-08 20:25:55,060 [INFO]   [4] 좋아요:1,229 댓글:31 저장:90 공유:30 날짜:2026-02-25 | がんばれ&#10;…⁠자세히⁠ ⁠|⁠ ⁠
2026-03-08 20:25:59,492 [INFO]   [5] 좋아요:1,242 댓글:28 저장:80 공유:32 날짜:2026-02-24 | 미워 &#10;…⁠자세히
2026-03-08 20:26:03,873 [INFO]   [6] 좋아요:12,000 댓글:74 저장:509 공유:298 날짜:2026-02-21 | Anh di tu Han Quoc &#10;…⁠자세히⁠ ⁠|⁠ ⁠
2026-03-08 20:26:08,358 [INFO]   [7] 좋아요:1,988 댓글:34 저장:133 공유:49 날짜:2026-02-21 | 다 아는데 왜 자꾸 숨겨 &#129418;&#10;…⁠자세히
2026-03-08 20:26:12,717 [INFO]   [8] 좋아요:1,300 댓글:29 저장:82 공유:15 날짜:2026-02-20 | TEE ❄️&#10;…⁠자세히⁠ ⁠|⁠ ⁠
2026-03-08 20:26:17,159 [INFO]   [9] 좋아요:2,449 댓글:27 저장:128 공유:39 날짜:2026-02-19 | &#127926;&#10;…⁠자세히
2026-03-08 20:26:21,734 [INFO]   [10] 좋아요:3,828 댓글:61 저장:279 공유:79 날짜:2026-02-16 | Adrenaline&#10;…⁠자세히⁠ ⁠|⁠ ⁠
2026-03-08 20:26:35,172 [INFO]   [skip] 중복: Adrenaline&#10;…⁠자세히⁠ ⁠|⁠ ⁠
2026-03-08 20:26:39,562 [INFO]   [11] 좋아요:1,992 댓글:34 저장:145 공유:36 날짜:2026-02-15 | &#128048;&amp;&#128568;랑 조려보자 &#10;…⁠자세히
2026-03-08 20:26:44,072 [INFO]   [12] 좋아요:911 댓글:15 저장:63 공유:13 날짜:2026-02-15 | Type.&#10;…⁠자세히⁠ ⁠|⁠ ⁠
2026-03-08 20:26:48,599 [INFO]   [13] 좋아요:857 댓글:25 저장:72 공유:16 날짜:2026-02-14 | SWEET x ♾️ &#10;…⁠자세히⁠ ⁠|⁠ ⁠
2026-03-08 20:26:53,062 [INFO]   [14] 좋아요:1,465 댓글:29 저장:123 공유:27 날짜:2026-02-13 | BIG GUY&#128170;&#127995;&#10;…⁠자세히⁠ ⁠|⁠
2026-03-08 20:26:57,591 [INFO]   [15] 좋아요:1,550 댓글:33 저장:128 공유:28 날짜:2026-02-13 | 777&#10;…⁠자세히
2026-03-08 20:27:02,044 [INFO]   [16] 좋아요:2,031 댓글:38 저장:124 공유:32 날짜:2026-02-12 | HOLD UP!&#10;…⁠자세히⁠ ⁠|⁠ ⁠
2026-03-08 20:27:06,566 [INFO]   [17] 좋아요:1,423 댓글:30 저장:131 공유:38 날짜:2026-02-09 | You&#10;…⁠자세히⁠ ⁠|⁠ ⁠
2026-03-08 20:27:11,072 [INFO]   [18] 좋아요:884 댓글:22 저장:83 공유:19 날짜:2026-02-09 | TT&#10;…⁠자세히⁠ ⁠|⁠ ⁠
2026-03-08 20:27:15,606 [INFO]   [19] 좋아요:2,654 댓글:27 저장:196 공유:45 날짜:2026-02-06 | &#128518;&#10;…⁠자세히
2026-03-08 20:27:20,149 [INFO]   [20] 2026-02-03 — 30일 이전, 중단
2026-03-08 20:27:23,349 [INFO]   → 게시물 19개, 평균좋아요 2,354, 참여율 23.98%
2026-03-08 20:27:26,367 [INFO] 
============================================================
2026-03-08 20:27:26,369 [INFO] [42/87] 온앤오프 (ONF)
2026-03-08 20:27:26,370 [INFO] ============================================================
2026-03-08 20:27:26,587 [WARNING]   TikTok이 포그라운드 아님, 복귀 시도...
2026-03-08 20:27:35,542 [INFO]   프로필: 온앤오프(ONF) | 팔로워 405,000 | 좋아요 6,456,000
2026-03-08 20:27:35,544 [INFO]   그리드 비디오: 6개 (조회수: [594, 640, 1675])
2026-03-08 20:27:44,389 [INFO]   [1] 좋아요:220 댓글:8 저장:10 공유:6 날짜:2026-03-08 | 우리는 아웅다웅❤️‍&#129657; #온앤오프 #ONF
2026-03-08 20:27:48,853 [INFO]   [2] 좋아요:252 댓글:6 저장:10 공유:7 날짜:2026-03-08 | 우리가 졌으니까 오늘 퓨즈 맘을 허락해&#128173; #온앤오프 #ON
2026-03-08 20:27:53,326 [INFO]   [3] 좋아요:483 댓글:16 저장:16 공유:6 날짜:2026-03-08 | OFF팀 껴안아&#128158; #온앤오프 #ONF
2026-03-08 20:27:57,681 [INFO]   [4] 좋아요:545 댓글:14 저장:24 공유:16 날짜:2026-03-08 | ON팀 껴안아&#128158; #온앤오프 #ONF
2026-03-08 20:28:02,070 [INFO]   [5] 좋아요:591 댓글:20 저장:31 공유:29 날짜:2026-03-07 | 온앤오프 맛집이다〰️&#10;…⁠자세히
2026-03-08 20:28:06,441 [INFO]   [skip] 중복: 온앤오프 맛집이다〰️&#10;…⁠자세히
2026-03-08 20:28:19,759 [INFO]   연속 중복 2회 — 피드 끝, 중단
2026-03-08 20:28:22,941 [INFO]   → 게시물 5개, 평균좋아요 418, 참여율 33.14%
2026-03-08 20:28:25,957 [INFO] 
============================================================
2026-03-08 20:28:25,959 [INFO] [43/87] 미래소년 (MIRAE)
2026-03-08 20:28:25,960 [INFO] ============================================================
2026-03-08 20:28:26,195 [WARNING]   TikTok이 포그라운드 아님, 복귀 시도...
2026-03-08 20:28:35,108 [INFO]   프로필: 미래소년 (MIRAE) | 팔로워 1,467,000 | 좋아요 31,187,000
2026-03-08 20:28:35,110 [INFO]   그리드 비디오: 6개 (조회수: [132000, 783000, 255000])
2026-03-08 20:28:50,420 [WARNING]   비디오 페이지 미진입, 재시도...
2026-03-08 20:29:00,711 [INFO]   [1] 2024-02-14 — 30일 이전, 중단
2026-03-08 20:29:03,897 [INFO]   → 게시물 0개, 평균좋아요 0, 참여율 0%
2026-03-08 20:29:06,913 [INFO] 
============================================================
2026-03-08 20:29:06,915 [INFO] [44/87] 엠씨엔디 (MCND)
2026-03-08 20:29:06,916 [INFO] ============================================================
2026-03-08 20:29:07,140 [WARNING]   TikTok이 포그라운드 아님, 복귀 시도...
2026-03-08 20:29:16,051 [INFO]   프로필: MCND_official | 팔로워 1,608,000 | 좋아요 41,863,000
2026-03-08 20:29:16,053 [INFO]   그리드 비디오: 6개 (조회수: [5263, 17000, 30000])
2026-03-08 20:29:24,852 [INFO]   [1] 좋아요:1,728 댓글:55 저장:56 공유:43 날짜:2026-03-07 | 내 전부를 다 걸겠어 &#10;…⁠자세히
2026-03-08 20:29:29,300 [INFO]   [2] 좋아요:4,749 댓글:70 저장:238 공유:80 날짜:2026-02-28 | MCND 6살 축하한다 &#10;…⁠자세히
2026-03-08 20:29:33,758 [INFO]   [3] 좋아요:9,056 댓글:121 저장:413 공유:207 날짜:2026-02-21 | 누난 나의 MVP &#10;…⁠자세히
2026-03-08 20:29:38,212 [INFO]   [4] 좋아요:3,069 댓글:57 저장:132 공유:52 날짜:2026-02-20 | Love me &#10;…⁠자세히⁠ ⁠|⁠ ⁠
2026-03-08 20:29:42,598 [INFO]   [5] 좋아요:3,534 댓글:73 저장:165 공유:64 날짜:2026-02-16 | 안전운전&#127950;️&#128168; &#10;…⁠자세히
2026-03-08 20:29:47,077 [INFO]   [6] 좋아요:2,334 댓글:64 저장:102 공유:42 날짜:2026-02-15 | Omote &#10;…⁠자세히⁠ ⁠|⁠ ⁠
2026-03-08 20:29:51,477 [INFO]   [7] 좋아요:1,861 댓글:30 저장:82 공유:39 날짜:2026-02-14 | 가질수가없어도 &#10;…⁠자세히
2026-03-08 20:29:55,923 [INFO]   [8] 좋아요:1,900 댓글:35 저장:77 공유:43 날짜:2026-02-14 | 두쫀쿠 사줄사람 &#10;…⁠자세히
2026-03-08 20:30:00,342 [INFO]   [9] 좋아요:1,814 댓글:26 저장:74 공유:36 날짜:2026-02-13 | 승민아 승민아 &#10;…⁠자세히
2026-03-08 20:30:04,753 [INFO]   [10] 좋아요:3,654 댓글:77 저장:187 공유:75 날짜:2026-02-13 | 다 조려 &#10;…⁠자세히
2026-03-08 20:30:09,167 [INFO]   [11] 좋아요:2,754 댓글:57 저장:116 공유:41 날짜:2026-02-12 | &#128533;&#128222; &#10;…⁠자세히
2026-03-08 20:30:13,600 [INFO]   [12] 좋아요:2,549 댓글:65 저장:100 공유:25 날짜:2026-02-12 | NO BATIDÃO &#10;…⁠자세히⁠ ⁠|⁠ ⁠
2026-03-08 20:30:18,022 [INFO]   [13] 좋아요:3,876 댓글:54 저장:151 공유:65 날짜:2026-02-11 | &#129709;&#129777;&#127995;‍&#129778;&#1
2026-03-08 20:30:22,527 [INFO]   [14] 좋아요:2,239 댓글:45 저장:108 공유:24 날짜:2026-02-10 | Love love LOVE &#10;…⁠자세히⁠ ⁠|⁠ ⁠
2026-03-08 20:30:26,985 [INFO]   [15] 좋아요:4,327 댓글:72 저장:174 공유:90 날짜:2026-02-09 | BIC guy&#128535; &#10;…⁠자세히⁠ ⁠|⁠ ⁠
2026-03-08 20:30:31,475 [INFO]   [16] 좋아요:2,706 댓글:58 저장:123 공유:43 날짜:2026-02-08 | &#129308;&#127995;아웅다웅&#129307;&#127995;
2026-03-08 20:30:35,908 [INFO]   [17] 좋아요:2,582 댓글:82 저장:128 공유:52 날짜:2026-02-07 | 허락해줄래? &#10;…⁠자세히
2026-03-08 20:30:40,350 [INFO]   [18] 2026-02-05 — 30일 이전, 중단
2026-03-08 20:30:43,541 [INFO]   → 게시물 17개, 평균좋아요 3,219, 참여율 69.37%
2026-03-08 20:30:46,557 [INFO] 
============================================================
2026-03-08 20:30:46,559 [INFO] [45/87] 싸이커스 (xikers)
2026-03-08 20:30:46,560 [INFO] ============================================================
2026-03-08 20:30:46,758 [WARNING]   TikTok이 포그라운드 아님, 복귀 시도...
2026-03-08 20:30:55,606 [INFO]   프로필: xikers_official | 팔로워 1,450,000 | 좋아요 71,816,000
2026-03-08 20:30:55,608 [INFO]   그리드 비디오: 6개 (조회수: [577000, 14000, 110000])
2026-03-08 20:31:04,482 [INFO]   [1] 2025-10-31 — 30일 이전, 중단
2026-03-08 20:31:07,665 [INFO]   → 게시물 0개, 평균좋아요 0, 참여율 0%
2026-03-08 20:31:10,697 [INFO] 
============================================================
2026-03-08 20:31:10,699 [INFO] [46/87] 누에라 (NouerA)
2026-03-08 20:31:10,700 [INFO] ============================================================
2026-03-08 20:31:10,933 [WARNING]   TikTok이 포그라운드 아님, 복귀 시도...
2026-03-08 20:31:19,875 [INFO]   프로필: NouerA | 팔로워 305,000 | 좋아요 4,617,000
2026-03-08 20:31:19,877 [INFO]   그리드 비디오: 6개 (조회수: [1984, 6290, 3110])
2026-03-08 20:31:28,659 [INFO]   [1] 좋아요:682 댓글:19 저장:29 공유:23 날짜:2026-03-08 | &#128299;&#128165;&#10;…⁠자세히
2026-03-08 20:31:33,095 [INFO]   [2] 좋아요:2,607 댓글:46 저장:137 공유:45 날짜:2026-03-08 | #BigGirlsDontCry&#10;…⁠자세히
2026-03-08 20:31:46,506 [INFO]   [skip] 중복: #BigGirlsDontCry&#10;…⁠자세히
2026-03-08 20:31:59,962 [INFO]   연속 중복 2회 — 피드 끝, 중단
2026-03-08 20:32:03,157 [INFO]   → 게시물 2개, 평균좋아요 1,644, 참여율 43.36%
2026-03-08 20:32:06,174 [INFO] 
============================================================
2026-03-08 20:32:06,175 [INFO] [47/87] 엔싸인 (n.SSign)
2026-03-08 20:32:06,176 [INFO] ============================================================
2026-03-08 20:32:06,387 [WARNING]   TikTok이 포그라운드 아님, 복귀 시도...
2026-03-08 20:32:15,262 [INFO]   프로필: n.SSign(엔싸인) | 팔로워 193,000 | 좋아요 6,749,000
2026-03-08 20:32:15,263 [INFO]   그리드 비디오: 6개 (조회수: [16000, 324, 1146])
2026-03-08 20:32:30,501 [WARNING]   비디오 페이지 미진입, 재시도...
2026-03-08 20:32:40,515 [INFO]   [1] 2026-01-13 — 30일 이전, 중단
2026-03-08 20:32:43,720 [INFO]   → 게시물 0개, 평균좋아요 0, 참여율 0%
2026-03-08 20:32:46,743 [INFO] 
============================================================
2026-03-08 20:32:46,745 [INFO] [48/87] 다크비 (DKB)
2026-03-08 20:32:46,746 [INFO] ============================================================
2026-03-08 20:32:46,956 [WARNING]   TikTok이 포그라운드 아님, 복귀 시도...
2026-03-08 20:32:55,829 [INFO]   프로필: 다크비(DKB) | 팔로워 1,063,000 | 좋아요 24,492,000
2026-03-08 20:32:55,830 [INFO]   그리드 비디오: 6개 (조회수: [1967000, 35000, 41000])
2026-03-08 20:33:04,707 [INFO]   [1] 좋아요:257,000 댓글:3,077 저장:12,000 공유:30,000 날짜:2026-03-07 | &#128293;&#128293;&#128293;&#128293;&#12
2026-03-08 20:33:09,300 [INFO]   [2] 좋아요:4,808 댓글:59 저장:260 공유:160 날짜:2026-03-03 | &#129502;‍♂️&#10;…⁠자세히⁠ ⁠|⁠ ⁠
2026-03-08 20:33:13,796 [INFO]   [3] 좋아요:6,614 댓글:23 저장:295 공유:65 날짜:2026-03-02 | Left Right ×3 GO!!&#10;…⁠자세히⁠ ⁠|⁠ ⁠
2026-03-08 20:33:18,197 [INFO]   [4] 좋아요:3,840 댓글:30 저장:174 공유:48 날짜:2026-02-28 | 신난다 신나&#129768;&#10;…⁠자세히
2026-03-08 20:33:22,639 [INFO]   [5] 좋아요:79,000 댓글:549 저장:3,162 공유:1,948 날짜:2026-02-28 | 안미워사실 &#10;…⁠자세히
2026-03-08 20:33:27,201 [INFO]   [6] 좋아요:5,222 댓글:69 저장:187 공유:47 날짜:2026-02-27 | BB들 받았어요!!! 다크비 상 받았어요!!!!&#127942;&#10;
2026-03-08 20:33:40,440 [INFO]   [skip] 중복: BB들 받았어요!!! 다크비 상 받았어요!!!!&#127942;&#10;
2026-03-08 20:33:44,924 [INFO]   [7] 좋아요:2,359 댓글:27 저장:111 공유:32 날짜:2026-02-26 | so energisch&#128293;&#10;…⁠자세히⁠ ⁠|⁠ ⁠
2026-03-08 20:33:58,211 [INFO]   [skip] 중복: so energisch&#128293;&#10;…⁠자세히⁠ ⁠|⁠ ⁠
2026-03-08 20:34:02,659 [INFO]   [8] 좋아요:3,968 댓글:43 저장:175 공유:105 날짜:2026-02-24 | 딱 현관문 앞까지만&#128591;&#10;…⁠자세히
2026-03-08 20:34:07,109 [INFO]   [9] 좋아요:2,906 댓글:25 저장:136 공유:36 날짜:2026-02-23 | ma lullaby&#128420;&#10;⁡…⁠자세히⁠ ⁠|⁠ ⁠
2026-03-08 20:34:11,620 [INFO]   [10] 좋아요:5,406 댓글:52 저장:265 공유:109 날짜:2026-02-22 | Pull up the base&#128640;&#10;…⁠자세히⁠ ⁠|⁠
2026-03-08 20:34:16,044 [INFO]   [11] 좋아요:6,841 댓글:62 저장:374 공유:96 날짜:2026-02-20 | Afro vibe&#128378;&#10;…⁠자세히⁠ ⁠|⁠ ⁠
2026-03-08 20:34:29,317 [INFO]   [skip] 중복: Afro vibe&#128378;&#10;…⁠자세히⁠ ⁠|⁠ ⁠
2026-03-08 20:34:33,812 [INFO]   [12] 좋아요:2,327 댓글:42 저장:112 공유:27 날짜:2026-02-19 | It’s my birthday&#127881;&#127874;&#1278
2026-03-08 20:34:38,235 [INFO]   [13] 좋아요:7,676 댓글:47 저장:300 공유:96 날짜:2026-02-17 | 닭도리탕&#127831; 신나게 조려보자&#129749;&#10;…⁠자세
2026-03-08 20:34:42,675 [INFO]   [14] 좋아요:2,959 댓글:35 저장:124 공유:24 날짜:2026-02-16 | 새해 복 많이 받으세요&#128168; BB&#128420;&#10;…⁠
2026-03-08 20:34:47,122 [INFO]   [15] 좋아요:1,685 댓글:44 저장:77 공유:29 날짜:2026-02-15 | 케이크 맛있ㄷr..&#129316;&#10;…⁠자세히
2026-03-08 20:34:51,569 [INFO]   [16] 좋아요:26,000 댓글:144 저장:1,322 공유:512 날짜:2026-02-08 | When i &#128483;️to u &#129397;&#10;…⁠자세
2026-03-08 20:34:56,096 [INFO]   [17] 좋아요:3,335 댓글:35 저장:170 공유:31 날짜:2026-02-07 | 아웅다웅〜&#129308;&#127995;♥&#129307;&#12799
2026-03-08 20:35:00,643 [INFO]   [18] 2026-02-04 — 30일 이전, 중단
2026-03-08 20:35:03,807 [INFO]   → 게시물 17개, 평균좋아요 24,820, 참여율 18.44%
2026-03-08 20:35:06,823 [INFO] 
============================================================
2026-03-08 20:35:06,825 [INFO] [49/87] 에이티비오 (ATBO)
2026-03-08 20:35:06,826 [INFO] ============================================================
2026-03-08 20:35:07,032 [WARNING]   TikTok이 포그라운드 아님, 복귀 시도...
2026-03-08 20:35:15,955 [INFO]   프로필: ATBO | 팔로워 726,000 | 좋아요 6,200,000
2026-03-08 20:35:15,956 [INFO]   그리드 비디오: 6개 (조회수: [79000, 134000, 31000])
2026-03-08 20:35:24,724 [INFO]   [1] 2025-07-07 — 30일 이전, 중단
2026-03-08 20:35:27,887 [INFO]   → 게시물 0개, 평균좋아요 0, 참여율 0%
2026-03-08 20:35:30,904 [INFO] 
============================================================
2026-03-08 20:35:30,906 [INFO] [50/87] 엘라스트 (E'LAST)
2026-03-08 20:35:30,907 [INFO] ============================================================
2026-03-08 20:35:31,152 [WARNING]   TikTok이 포그라운드 아님, 복귀 시도...
2026-03-08 20:35:40,081 [INFO]   프로필: E'LAST (엘라스트) | 팔로워 1,524,000 | 좋아요 27,069,000
2026-03-08 20:35:40,082 [INFO]   그리드 비디오: 6개 (조회수: [1375000, 622000, 910000])
2026-03-08 20:35:48,849 [INFO]   [1] 2025-09-28 — 30일 이전, 중단
2026-03-08 20:35:52,028 [INFO]   → 게시물 0개, 평균좋아요 0, 참여율 0%
2026-03-08 20:35:55,060 [INFO] 
============================================================
2026-03-08 20:35:55,062 [INFO] [51/87] 아크 (ARrC)
2026-03-08 20:35:55,063 [INFO] ============================================================
2026-03-08 20:35:55,289 [WARNING]   TikTok이 포그라운드 아님, 복귀 시도...
2026-03-08 20:36:04,229 [INFO]   프로필: ARrC (아크) | 팔로워 342,000 | 좋아요 7,772,000
2026-03-08 20:36:04,230 [INFO]   그리드 비디오: 6개 (조회수: [5427, 1600, 9046])
2026-03-08 20:36:13,136 [INFO]   [1] 좋아요:1,971 댓글:58 저장:104 공유:127 날짜:2026-03-08 | Give To Gain&#129330;&#10;…⁠자세히⁠ ⁠|⁠ ⁠
2026-03-08 20:36:17,521 [INFO]   [2] 좋아요:454 댓글:21 저장:37 공유:15 날짜:2026-03-07 | beat it&#10; …⁠자세히⁠ ⁠|⁠ ⁠
2026-03-08 20:36:30,849 [INFO]   [skip] 중복: beat it&#10; …⁠자세히⁠ ⁠|⁠ ⁠
2026-03-08 20:36:44,305 [INFO]   연속 중복 2회 — 피드 끝, 중단
2026-03-08 20:36:47,486 [INFO]   → 게시물 2개, 평균좋아요 1,212, 참여율 39.66%
2026-03-08 20:36:50,503 [INFO] 
============================================================
2026-03-08 20:36:50,505 [INFO] [52/87] 노매드 (NOMAD)
2026-03-08 20:36:50,506 [INFO] ============================================================
2026-03-08 20:36:50,678 [WARNING]   TikTok이 포그라운드 아님, 복귀 시도...
2026-03-08 20:36:59,534 [INFO]   프로필: NOMAD | 팔로워 187,000 | 좋아요 2,673,000
2026-03-08 20:36:59,536 [INFO]   그리드 비디오: 6개 (조회수: [159000, 36000, 42000])
2026-03-08 20:37:08,355 [INFO]   [1] 2025-12-05 — 30일 이전, 중단
2026-03-08 20:37:11,503 [INFO]   → 게시물 0개, 평균좋아요 0, 참여율 0%
2026-03-08 20:37:14,520 [INFO] 
============================================================
2026-03-08 20:37:14,522 [INFO] [53/87] 올아워즈 (ALL(H)OURS)
2026-03-08 20:37:14,523 [INFO] ============================================================
2026-03-08 20:37:14,760 [WARNING]   TikTok이 포그라운드 아님, 복귀 시도...
2026-03-08 20:37:23,862 [INFO]   프로필: ALL(H)OURS | 팔로워 698,000 | 좋아요 15,091,000
2026-03-08 20:37:23,863 [INFO]   그리드 비디오: 6개 (조회수: [52000, 44000, 71000])
2026-03-08 20:37:32,728 [INFO]   [1] 2025-09-10 — 30일 이전, 중단
2026-03-08 20:37:35,896 [INFO]   → 게시물 0개, 평균좋아요 0, 참여율 0%
2026-03-08 20:37:38,913 [INFO] 
============================================================
2026-03-08 20:37:38,915 [INFO] [54/87] 트렌드지 (TRENDZ)
2026-03-08 20:37:38,916 [INFO] ============================================================
2026-03-08 20:37:39,134 [WARNING]   TikTok이 포그라운드 아님, 복귀 시도...
2026-03-08 20:37:48,052 [INFO]   프로필: TRENDZ 트렌드지 | 팔로워 634,000 | 좋아요 14,880,000
2026-03-08 20:37:48,054 [INFO]   그리드 비디오: 6개 (조회수: [3575000, 4160000, 5794000])
2026-03-08 20:37:56,828 [INFO]   [1] 2023-10-21 — 30일 이전, 중단
2026-03-08 20:37:59,997 [INFO]   → 게시물 0개, 평균좋아요 0, 참여율 0%
2026-03-08 20:38:03,014 [INFO] 
============================================================
2026-03-08 20:38:03,016 [INFO] [55/87] 나인아이 (NINE.i)
2026-03-08 20:38:03,017 [INFO] ============================================================
2026-03-08 20:38:03,197 [WARNING]   TikTok이 포그라운드 아님, 복귀 시도...
2026-03-08 20:38:12,050 [INFO]   프로필: NINE.i_OFFICIAL | 팔로워 394,000 | 좋아요 9,289,000
2026-03-08 20:38:12,052 [INFO]   그리드 비디오: 6개 (조회수: [46000, 97000, 247000])
2026-03-08 20:38:27,421 [WARNING]   비디오 페이지 미진입, 재시도...
2026-03-08 20:38:37,654 [INFO]   [1] 2023-12-21 — 30일 이전, 중단
2026-03-08 20:38:40,857 [INFO]   → 게시물 0개, 평균좋아요 0, 참여율 0%
2026-03-08 20:38:43,895 [INFO] 
============================================================
2026-03-08 20:38:43,897 [INFO] [56/87] 세븐어스 (SEVENUS)
2026-03-08 20:38:43,898 [INFO] ============================================================
2026-03-08 20:38:44,111 [WARNING]   TikTok이 포그라운드 아님, 복귀 시도...
2026-03-08 20:38:52,908 [INFO]   프로필: 세븐어스(SEVENUS) | 팔로워 7,191 | 좋아요 122,000
2026-03-08 20:38:52,910 [INFO]   그리드 비디오: 6개 (조회수: [2295, 1885, 1721])
2026-03-08 20:39:01,730 [INFO]   [1] 2025-11-25 — 30일 이전, 중단
2026-03-08 20:39:04,899 [INFO]   → 게시물 0개, 평균좋아요 0, 참여율 0%
2026-03-08 20:39:07,916 [INFO] 
============================================================
2026-03-08 20:39:07,918 [INFO] [57/87] 에이머스 (AIMERS)
2026-03-08 20:39:07,919 [INFO] ============================================================
2026-03-08 20:39:08,145 [WARNING]   TikTok이 포그라운드 아님, 복귀 시도...
2026-03-08 20:39:17,073 [INFO]   프로필: 세븐어스(SEVENUS) | 팔로워 7,191 | 좋아요 122,000
2026-03-08 20:39:17,075 [INFO]   그리드 비디오: 6개 (조회수: [2295, 1885, 1721])
2026-03-08 20:39:25,739 [INFO]   [1] 2025-11-25 — 30일 이전, 중단
2026-03-08 20:39:28,931 [INFO]   → 게시물 0개, 평균좋아요 0, 참여율 0%
2026-03-08 20:39:31,948 [INFO] 
============================================================
2026-03-08 20:39:31,950 [INFO] [58/87] 원팩트 (ONE PACT)
2026-03-08 20:39:31,951 [INFO] ============================================================
2026-03-08 20:39:32,181 [WARNING]   TikTok이 포그라운드 아님, 복귀 시도...
2026-03-08 20:39:41,038 [INFO]   프로필: onepact | 팔로워 475,000 | 좋아요 19,414,000
2026-03-08 20:39:41,039 [INFO]   그리드 비디오: 6개 (조회수: [4120, 9942, 14000])
2026-03-08 20:39:49,877 [INFO]   [1] 좋아요:1,451 댓글:18 저장:56 공유:12 날짜:2026-03-08 | &#119826;&#119808;&#119821;&#119812; &#1
2026-03-08 20:39:54,291 [INFO]   [2] 좋아요:3,013 댓글:66 저장:147 공유:71 날짜:2026-03-08 | &#119826;&#119808;&#119821;&#119812; &#1
2026-03-08 20:39:58,711 [INFO]   [3] 좋아요:4,054 댓글:46 저장:193 공유:54 날짜:2026-03-07 | &#119826;&#119808;&#119821;&#119812; &#1
2026-03-08 20:40:11,993 [INFO]   [skip] 중복: &#119826;&#119808;&#119821;&#119812; &#1
2026-03-08 20:40:25,230 [INFO]   연속 중복 2회 — 피드 끝, 중단
2026-03-08 20:40:28,415 [INFO]   → 게시물 3개, 평균좋아요 2,839, 참여율 32.72%
2026-03-08 20:40:31,431 [INFO] 
============================================================
2026-03-08 20:40:31,433 [INFO] [59/87] 티아이오티 (TIOT)
2026-03-08 20:40:31,434 [INFO] ============================================================
2026-03-08 20:40:31,702 [WARNING]   TikTok이 포그라운드 아님, 복귀 시도...
2026-03-08 20:40:40,608 [INFO]   프로필: onepact | 팔로워 475,000 | 좋아요 19,414,000
2026-03-08 20:40:40,610 [INFO]   그리드 비디오: 6개 (조회수: [4120, 9942, 14000])
2026-03-08 20:40:49,465 [INFO]   [1] 좋아요:1,451 댓글:18 저장:56 공유:12 날짜:2026-03-08 | &#119826;&#119808;&#119821;&#119812; &#1
2026-03-08 20:40:53,871 [INFO]   [2] 좋아요:3,013 댓글:66 저장:147 공유:71 날짜:2026-03-08 | &#119826;&#119808;&#119821;&#119812; &#1
2026-03-08 20:40:58,175 [INFO]   [3] 좋아요:4,054 댓글:46 저장:193 공유:54 날짜:2026-03-07 | &#119826;&#119808;&#119821;&#119812; &#1
2026-03-08 20:41:11,456 [INFO]   [skip] 중복: &#119826;&#119808;&#119821;&#119812; &#1
2026-03-08 20:41:24,720 [INFO]   연속 중복 2회 — 피드 끝, 중단
2026-03-08 20:41:27,910 [INFO]   → 게시물 3개, 평균좋아요 2,839, 참여율 32.72%
2026-03-08 20:41:30,938 [INFO] 
============================================================
2026-03-08 20:41:30,939 [INFO] [60/87] 엔카이브 (NCHIVE)
2026-03-08 20:41:30,940 [INFO] ============================================================
2026-03-08 20:41:31,125 [WARNING]   TikTok이 포그라운드 아님, 복귀 시도...
2026-03-08 20:41:39,939 [INFO]   프로필: NCHIVE | 팔로워 136,000 | 좋아요 3,599,000
2026-03-08 20:41:39,941 [INFO]   그리드 비디오: 6개 (조회수: [829000, 639000, 435000])
2026-03-08 20:41:48,732 [INFO]   [1] 좋아요:155,000 댓글:3,087 저장:9,011 공유:11,000 날짜:2026-02-07 | drop it down♥️&#10; …⁠자세히⁠ ⁠|⁠ ⁠
2026-03-08 20:42:01,995 [INFO]   [skip] 중복: drop it down♥️&#10; …⁠자세히⁠ ⁠|⁠ ⁠
2026-03-08 20:42:06,446 [INFO]   [2] 2024-04-11 — 30일 이전, 중단
2026-03-08 20:42:09,592 [INFO]   → 게시물 1개, 평균좋아요 155,000, 참여율 21.48%
2026-03-08 20:42:12,623 [INFO] 
============================================================
2026-03-08 20:42:12,624 [INFO] [61/87] 더킹덤 (The KingDom)
2026-03-08 20:42:12,625 [INFO] ============================================================
2026-03-08 20:42:12,823 [WARNING]   TikTok이 포그라운드 아님, 복귀 시도...
2026-03-08 20:42:21,627 [INFO]   프로필: TheKingDom_gfent | 팔로워 327,000 | 좋아요 4,956,000
2026-03-08 20:42:21,628 [INFO]   그리드 비디오: 6개 (조회수: [14000, 8207, 11000])
2026-03-08 20:42:30,416 [INFO]   [1] 2025-12-14 — 30일 이전, 중단
2026-03-08 20:42:33,596 [INFO]   → 게시물 0개, 평균좋아요 0, 참여율 0%
2026-03-08 20:42:36,612 [INFO] 
============================================================
2026-03-08 20:42:36,614 [INFO] [62/87] 블리처스 (BLITZERS)
2026-03-08 20:42:36,614 [INFO] ============================================================
2026-03-08 20:42:36,868 [WARNING]   TikTok이 포그라운드 아님, 복귀 시도...
2026-03-08 20:42:45,774 [INFO]   프로필: BLITZERS | 팔로워 1,273,000 | 좋아요 25,126,000
2026-03-08 20:42:45,775 [INFO]   그리드 비디오: 6개 (조회수: [34000, 74000, 96000])
2026-03-08 20:43:01,206 [WARNING]   비디오 페이지 미진입, 재시도...
2026-03-08 20:43:11,408 [INFO]   [1] 좋아요:1,899 댓글:72 저장:109 공유:28 날짜:2026-02-16 | ZICO, Crush - ‘Yin and Yang’ (JUHAN X WO
2026-03-08 20:43:15,803 [INFO]   [2] 좋아요:9,610 댓글:68 저장:669 공유:246 날짜:2026-02-10 | 67 set&#129478;&#129722; #BLITZERS #블리처스
2026-03-08 20:43:20,284 [INFO]   [3] 좋아요:14,000 댓글:126 저장:992 공유:423 날짜:2026-02-08 | 67 set&#128523;&#127869;️&#10;#BLITZERS 
2026-03-08 20:43:33,744 [INFO]   [skip] 중복: 67 set&#128523;&#127869;️&#10;#BLITZERS 
2026-03-08 20:43:38,238 [INFO]   [4] 2025-12-31 — 30일 이전, 중단
2026-03-08 20:43:41,393 [INFO]   → 게시물 3개, 평균좋아요 8,503, 참여율 13.84%
2026-03-08 20:43:44,410 [INFO] 
============================================================
2026-03-08 20:43:44,412 [INFO] [63/87] 웨이커 (WAKER)
2026-03-08 20:43:44,413 [INFO] ============================================================
2026-03-08 20:43:44,668 [WARNING]   TikTok이 포그라운드 아님, 복귀 시도...
2026-03-08 20:43:53,554 [INFO]   프로필: Waker | 팔로워 70 | 좋아요 605
2026-03-08 20:43:53,555 [INFO]   그리드 비디오: 6개 (조회수: [83, 82, 87])
2026-03-08 20:44:02,365 [INFO]   [1] 2023-09-13 — 30일 이전, 중단
2026-03-08 20:44:05,558 [INFO]   → 게시물 0개, 평균좋아요 0, 참여율 0%
2026-03-08 20:44:08,583 [INFO] 
============================================================
2026-03-08 20:44:08,585 [INFO] [64/87] 워터파이어 (WATERFIRE)
2026-03-08 20:44:08,586 [INFO] ============================================================
2026-03-08 20:44:08,802 [WARNING]   TikTok이 포그라운드 아님, 복귀 시도...
2026-03-08 20:44:17,658 [INFO]   프로필: user58969149385 | 팔로워 15,000 | 좋아요 130,000
2026-03-08 20:44:17,660 [INFO]   그리드 비디오: 6개 (조회수: [32000, 45000, 22000])
2026-03-08 20:44:32,952 [WARNING]   비디오 페이지 미진입, 재시도...
2026-03-08 20:44:43,121 [INFO]   [1] 2024-07-23 — 30일 이전, 중단
2026-03-08 20:44:46,326 [INFO]   → 게시물 0개, 평균좋아요 0, 참여율 0%
2026-03-08 20:44:49,342 [INFO] 
============================================================
2026-03-08 20:44:49,344 [INFO] [65/87] 피커스 (PICKUS)
2026-03-08 20:44:49,345 [INFO] ============================================================
2026-03-08 20:44:49,575 [WARNING]   TikTok이 포그라운드 아님, 복귀 시도...
2026-03-08 20:44:58,392 [INFO]   프로필: PICKUS | 팔로워 15,000 | 좋아요 284,000
2026-03-08 20:44:58,394 [INFO]   그리드 비디오: 6개 (조회수: [145000, 70000, 55000])
2026-03-08 20:45:07,198 [INFO]   [1] 2024-08-26 — 30일 이전, 중단
2026-03-08 20:45:10,374 [INFO]   → 게시물 0개, 평균좋아요 0, 참여율 0%
2026-03-08 20:45:13,408 [INFO] 
============================================================
2026-03-08 20:45:13,410 [INFO] [66/87] 어센트 (ASC2NT)
2026-03-08 20:45:13,411 [INFO] ============================================================
2026-03-08 20:45:13,626 [WARNING]   TikTok이 포그라운드 아님, 복귀 시도...
2026-03-08 20:45:22,523 [INFO]   프로필: 어센트(ASC2NT) | 팔로워 38,000 | 좋아요 564,000
2026-03-08 20:45:22,525 [INFO]   그리드 비디오: 6개 (조회수: [6358, 3091, 6674])
2026-03-08 20:45:37,788 [WARNING]   비디오 페이지 미진입, 재시도...
2026-03-08 20:45:47,946 [INFO]   [1] 좋아요:1,517 댓글:36 저장:135 공유:54 날짜:2026-02-28 | &#119826;&#119853;&#119842;&#119845;&#11
2026-03-08 20:46:01,352 [INFO]   [skip] 중복: &#119826;&#119853;&#119842;&#119845;&#11
2026-03-08 20:46:05,756 [INFO]   [2] 2025-12-24 — 30일 이전, 중단
2026-03-08 20:46:08,961 [INFO]   → 게시물 1개, 평균좋아요 1,517, 참여율 27.4%
2026-03-08 20:46:11,978 [INFO] 
============================================================
2026-03-08 20:46:11,979 [INFO] [67/87] 하우 (HAWW)
2026-03-08 20:46:11,981 [INFO] ============================================================
2026-03-08 20:46:12,229 [WARNING]   TikTok이 포그라운드 아님, 복귀 시도...
2026-03-08 20:46:21,082 [INFO]   프로필: HAWW | 팔로워 170,000 | 좋아요 3,805,000
2026-03-08 20:46:21,084 [INFO]   그리드 비디오: 6개 (조회수: [62000, 35000, 25000])
2026-03-08 20:46:29,945 [INFO]   [1] 2024-03-08 — 30일 이전, 중단
2026-03-08 20:46:33,123 [INFO]   → 게시물 0개, 평균좋아요 0, 참여율 0%
2026-03-08 20:46:36,139 [INFO] 
============================================================
2026-03-08 20:46:36,141 [INFO] [68/87] 이스트샤인 (EASTSHINE)
2026-03-08 20:46:36,142 [INFO] ============================================================
2026-03-08 20:46:36,308 [WARNING]   TikTok이 포그라운드 아님, 복귀 시도...
2026-03-08 20:46:45,120 [INFO]   프로필: EASTSHINE | 팔로워 120,000 | 좋아요 3,528,000
2026-03-08 20:46:45,122 [INFO]   그리드 비디오: 6개 (조회수: [6451, 6362, 220000])
2026-03-08 20:46:53,932 [INFO]   [1] 2025-03-27 — 30일 이전, 중단
2026-03-08 20:46:57,104 [INFO]   → 게시물 0개, 평균좋아요 0, 참여율 0%
2026-03-08 20:47:00,121 [INFO] 
============================================================
2026-03-08 20:47:00,123 [INFO] [69/87] 이오닛 (AEONIT)
2026-03-08 20:47:00,124 [INFO] ============================================================
2026-03-08 20:47:00,340 [WARNING]   TikTok이 포그라운드 아님, 복귀 시도...
2026-03-08 20:47:09,301 [INFO]   프로필: AEONIT(이오닛) | 팔로워 55,000 | 좋아요 1,245,000
2026-03-08 20:47:09,303 [INFO]   그리드 비디오: 6개 (조회수: [38000, 24000, 14000])
2026-03-08 20:47:24,602 [WARNING]   비디오 페이지 미진입, 재시도...
2026-03-08 20:47:34,825 [INFO]   [1] 2025-08-28 — 30일 이전, 중단
2026-03-08 20:47:38,005 [INFO]   → 게시물 0개, 평균좋아요 0, 참여율 0%
2026-03-08 20:47:41,022 [INFO] 
============================================================
2026-03-08 20:47:41,024 [INFO] [70/87] 비디유 (B.D.U)
2026-03-08 20:47:41,025 [INFO] ============================================================
2026-03-08 20:47:41,246 [WARNING]   TikTok이 포그라운드 아님, 복귀 시도...
2026-03-08 20:47:50,060 [INFO]   프로필: B.D.U (비디유) | 팔로워 86,000 | 좋아요 644,000
2026-03-08 20:47:50,062 [INFO]   그리드 비디오: 6개 (조회수: [53000, 26000, 27000])
2026-03-08 20:48:05,308 [WARNING]   비디오 페이지 미진입, 재시도...
2026-03-08 20:48:15,586 [INFO]   [1] 2025-06-26 — 30일 이전, 중단
2026-03-08 20:48:18,782 [INFO]   → 게시물 0개, 평균좋아요 0, 참여율 0%
2026-03-08 20:48:21,814 [INFO] 
============================================================
2026-03-08 20:48:21,815 [INFO] [71/87] 데이차일드 (DayChild)
2026-03-08 20:48:21,816 [INFO] ============================================================
2026-03-08 20:48:22,021 [WARNING]   TikTok이 포그라운드 아님, 복귀 시도...
2026-03-08 20:48:31,020 [INFO]   프로필: DAYCHILD | 팔로워 8,237 | 좋아요 70,000
2026-03-08 20:48:31,022 [INFO]   그리드 비디오: 6개 (조회수: [788, 1659, 2508])
2026-03-08 20:48:39,772 [INFO]   [1] 좋아요:68 댓글:11 저장:5 공유:10 날짜:2026-02-17 | (ᐡ- ﻌ •ᐡ). (ᐡ-ܫ•ᐡ)  &#128523;&#10;…⁠자세히
2026-03-08 20:48:44,126 [INFO]   [2] 좋아요:268 댓글:6 저장:14 공유:7 날짜:2026-02-16 | 미워 &#128530; 아니 이뻐 ☺️&#10;…⁠자세히
2026-03-08 20:48:48,523 [INFO]   [3] 좋아요:343 댓글:12 저장:26 공유:10 날짜:2026-02-15 | 아웅다웅… ☺️&#10;…⁠자세히
2026-03-08 20:48:52,888 [INFO]   [4] 2025-12-15 — 30일 이전, 중단
2026-03-08 20:48:56,045 [INFO]   → 게시물 3개, 평균좋아요 226, 참여율 15.74%
2026-03-08 20:48:59,063 [INFO] 
============================================================
2026-03-08 20:48:59,065 [INFO] [72/87] 드래곤포니 (Dragon Pony)
2026-03-08 20:48:59,066 [INFO] ============================================================
2026-03-08 20:48:59,267 [WARNING]   TikTok이 포그라운드 아님, 복귀 시도...
2026-03-08 20:49:08,078 [INFO]   프로필: Dragon_Pony | 팔로워 57,000 | 좋아요 926,000
2026-03-08 20:49:08,080 [INFO]   그리드 비디오: 6개 (조회수: [28000, 219000, 43000])
2026-03-08 20:49:23,463 [WARNING]   비디오 페이지 미진입, 재시도...
2026-03-08 20:49:33,658 [INFO]   [1] 2025-12-20 — 30일 이전, 중단
2026-03-08 20:49:36,865 [INFO]   → 게시물 0개, 평균좋아요 0, 참여율 0%
2026-03-08 20:49:39,888 [INFO] 
============================================================
2026-03-08 20:49:39,890 [INFO] [73/87] 클로즈 유어 아이즈 (CLOSE YOUR EYES)
2026-03-08 20:49:39,891 [INFO] ============================================================
2026-03-08 20:49:40,250 [WARNING]   TikTok이 포그라운드 아님, 복귀 시도...
2026-03-08 20:49:49,129 [INFO]   프로필: CLOSE YOUR EYES | 팔로워 517,000 | 좋아요 19,157,000
2026-03-08 20:49:49,131 [INFO]   그리드 비디오: 6개 (조회수: [7221, 21000, 19000])
2026-03-08 20:49:57,917 [INFO]   [1] 좋아요:2,608 댓글:86 저장:204 공유:129 날짜:2026-03-08 | Can you make this hotter?☕️&#10;…⁠자세히⁠ ⁠
2026-03-08 20:50:02,890 [INFO]   [2] 좋아요:7,992 댓글:209 저장:515 공유:490 날짜:2026-03-08 | #CLOSEYOUREYES #클로즈유어아…
2026-03-08 20:50:07,349 [INFO]   [3] 좋아요:6,565 댓글:79 저장:569 공유:119 날짜:2026-03-08 | Annyeonghaseyo&#10;…⁠자세히⁠ ⁠|⁠ ⁠
2026-03-08 20:50:11,811 [INFO]   [4] 좋아요:6,843 댓글:99 저장:527 공유:219 날짜:2026-03-07 | 사장님 너무 잘생겼어요~&#10;…⁠자세히
2026-03-08 20:50:16,249 [INFO]   [5] 좋아요:23,000 댓글:191 저장:1,919 공유:894 날짜:2026-03-06 | ur sooo #RUDE ❕&#10;…⁠자세히⁠ ⁠|⁠ ⁠
2026-03-08 20:50:20,652 [INFO]   [6] 좋아요:33,000 댓글:258 저장:2,248 공유:894 날짜:2026-03-06 | left right go&#10;…⁠자세히⁠ ⁠|⁠ ⁠
2026-03-08 20:50:25,020 [INFO]   [7] 좋아요:12,000 댓글:94 저장:848 공유:278 날짜:2026-03-05 | 아웅?다웅¿&#10;…⁠자세히
2026-03-08 20:50:29,417 [INFO]   [8] 좋아요:21,000 댓글:184 저장:1,482 공유:616 날짜:2026-03-05 | 3월의 첫 만남&#128073;&#128072;&#10;…⁠자세히
2026-03-08 20:50:33,816 [INFO]   [9] 좋아요:8,996 댓글:102 저장:722 공유:197 날짜:2026-03-04 | 클로저, 바빠?&#128054;&#10;…⁠자세히
2026-03-08 20:50:38,218 [INFO]   [10] 좋아요:8,301 댓글:102 저장:601 공유:178 날짜:2026-03-04 | DJ, put it back on&#128171;&#10;…⁠자세히⁠ ⁠
2026-03-08 20:50:51,498 [INFO]   [skip] 중복: DJ, put it back on&#128171;&#10;…⁠자세히⁠ ⁠
2026-03-08 20:50:55,910 [INFO]   [11] 좋아요:7,609 댓글:104 저장:662 공유:183 날짜:2026-03-01 | 바나나 알러지 눅숭이&#128586;&#127820;&#10;…⁠자세히
2026-03-08 20:51:00,333 [INFO]   [12] 좋아요:30,000 댓글:218 저장:2,160 공유:787 날짜:2026-03-01 | 404 the new era &#10;…⁠자세히⁠ ⁠|⁠ ⁠
2026-03-08 20:51:04,746 [INFO]   [13] 좋아요:12,000 댓글:139 저장:1,189 공유:261 날짜:2026-02-28 | &#127836;大好き‼️&#10;…⁠자세히⁠ ⁠|⁠ ⁠
2026-03-08 20:51:09,180 [INFO]   [14] 좋아요:9,471 댓글:166 저장:727 공유:165 날짜:2026-02-26 | 아름답고 따듯했고 신비로워&#128171;&#10;…⁠자세히
2026-03-08 20:51:13,605 [INFO]   [15] 좋아요:11,000 댓글:130 저장:959 공유:221 날짜:2026-02-25 | 클로저‼️&#10;…⁠자세히
2026-03-08 20:51:17,991 [INFO]   [16] 좋아요:21,000 댓글:164 저장:1,410 공유:288 날짜:2026-02-25 | Wanna be like #LILLEAGUE TATSUHIRO, SORA
2026-03-08 20:51:22,410 [INFO]   [17] 좋아요:12,000 댓글:96 저장:898 공유:154 날짜:2026-02-24 | Wanna be like #TJBB AEROM, KOTA 님&#12842
2026-03-08 20:51:26,904 [INFO]   [18] 좋아요:16,000 댓글:146 저장:1,353 공유:423 날짜:2026-02-23 | &#120389;&#120410;&#120417;&#120417;&#12
2026-03-08 20:51:31,335 [INFO]   [19] 좋아요:15,000 댓글:135 저장:926 공유:157 날짜:2026-02-23 | Wanna be like #KIDPHENOMENON 岡尾琥珀, 佐藤峻乃介
2026-03-08 20:51:35,753 [INFO]   [20] 좋아요:5,749 댓글:103 저장:539 공유:76 날짜:2026-02-22 | 클로저 사랑해✋✋&#10;…⁠자세히
2026-03-08 20:51:40,500 [INFO]   [21] 좋아요:6,959 댓글:102 저장:519 공유:73 날짜:2026-02-21 | #CLOSEYOUREYES #클로즈유어아…
2026-03-08 20:51:44,984 [INFO]   [22] 좋아요:14,000 댓글:158 저장:1,422 공유:354 날짜:2026-02-21 | &#120398;&#120420;&#120420;&#120409;&#12
2026-03-08 20:51:49,363 [INFO]   [23] 좋아요:20,000 댓글:253 저장:1,242 공유:393 날짜:2026-02-20 | 클로저만의 지니&#129293;&#129502;‍♂️&#10;…⁠자세히
2026-03-08 20:51:53,813 [INFO]   [24] 좋아요:22,000 댓글:190 저장:1,634 공유:399 날짜:2026-02-20 | 頑張って (ง •̀_•́)ง&#10;…⁠자세히⁠ ⁠|⁠ ⁠
2026-03-08 20:52:07,098 [INFO]   [skip] 중복: 頑張って (ง •̀_•́)ง&#10;…⁠자세히⁠ ⁠|⁠ ⁠
2026-03-08 20:52:11,476 [INFO]   [25] 좋아요:5,150 댓글:118 저장:625 공유:163 날짜:2026-02-19 | ☀️&#128048;&#129446;&#10;…⁠자세히
2026-03-08 20:52:15,962 [INFO]   [26] 좋아요:35,000 댓글:240 저장:2,347 공유:906 날짜:2026-02-18 | 클로저 (안) 미워 =^ o ∧ o ^= #CLOSEYOUREYES #클
2026-03-08 20:52:21,007 [INFO]   [27] 좋아요:6,493 댓글:94 저장:556 공유:81 날짜:2026-02-18 | #CLOSEYOUREYES #클로즈유어아…
2026-03-08 20:52:34,294 [INFO]   [skip] 중복: #CLOSEYOUREYES #클로즈유어아…
2026-03-08 20:52:38,661 [INFO]   [28] 좋아요:6,626 댓글:98 저장:572 공유:130 날짜:2026-02-17 | 설 특집&#127968; 클家네 형제들 2026.02.17 8PM (KS
2026-03-08 20:52:51,949 [INFO]   [skip] 중복: 설 특집&#127968; 클家네 형제들 2026.02.17 8PM (KS
2026-03-08 20:52:56,396 [INFO]   [29] 좋아요:8,877 댓글:170 저장:698 공유:255 날짜:2026-02-16 | I’m 23 (｡･ө･｡)&#10;…⁠자세히⁠ ⁠|⁠ ⁠
2026-03-08 20:53:01,623 [INFO]   [30] 좋아요:3,662 댓글:73 저장:336 공유:39 날짜:2026-02-16 | #마징시앙 #MAJINGXIANG #CLOS…
2026-03-08 20:53:06,185 [INFO]   [skip] 중복: #마징시앙 #MAJINGXIANG #CLOS…
2026-03-08 20:53:10,568 [INFO]   [31] 좋아요:33,000 댓글:302 저장:2,731 공유:804 날짜:2026-02-15 | JET SET!&#10;…⁠자세히⁠ ⁠|⁠ ⁠
2026-03-08 20:53:15,000 [INFO]   [32] 좋아요:15,000 댓글:100 저장:1,043 공유:247 날짜:2026-02-15 | 폭신폭신한 공오즈를&#10;…⁠자세히
2026-03-08 20:53:19,416 [INFO]   [33] 좋아요:48,000 댓글:458 저장:3,654 공유:1,360 날짜:2026-02-15 | Knife &#128374;️&#129705; #CLOSEYOUREYES
2026-03-08 20:53:23,814 [INFO]   [skip] 광고: 컬러풀한 패턴과 위트 있는 디테일이 더해진 폴로 랄프 로렌 스프링 룩
2026-03-08 20:53:28,233 [INFO]   [34] 좋아요:7,877 댓글:98 저장:743 공유:184 날짜:2026-02-14 | For CLOSER &#127851;&#128157;&#10;…⁠자세히⁠
2026-03-08 20:53:32,684 [INFO]   [35] 좋아요:9,950 댓글:90 저장:811 공유:225 날짜:2026-02-14 | Be with me&#127851;&#128149;&#10;…⁠자세히⁠ 
2026-03-08 20:53:37,643 [INFO]   [36] 좋아요:8,757 댓글:86 저장:622 공유:137 날짜:2026-02-14 | #CLOSEYOUREYES #클로즈유어아…
2026-03-08 20:53:42,428 [INFO]   [skip] 중복: #CLOSEYOUREYES #클로즈유어아…
2026-03-08 20:53:46,903 [INFO]   [37] 좋아요:50,000 댓글:867 저장:2,919 공유:2,093 날짜:2026-02-13 | EEEE A &#128526;&#10;…⁠자세히⁠ ⁠|⁠ ⁠
2026-03-08 20:53:51,226 [INFO]   [38] 좋아요:12,000 댓글:160 저장:931 공유:317 날짜:2026-02-13 | me+you &#10;…⁠자세히⁠ ⁠|⁠ ⁠
2026-03-08 20:53:53,191 [INFO]   광고 1개 필터링됨
2026-03-08 20:53:56,351 [INFO]   → 게시물 38개, 평균좋아요 15,354, 참여율 275.78%
2026-03-08 20:53:59,368 [INFO] 
============================================================
2026-03-08 20:53:59,370 [INFO] [74/87] 아홉 (AHOF)
2026-03-08 20:53:59,371 [INFO] ============================================================
2026-03-08 20:53:59,812 [WARNING]   TikTok이 포그라운드 아님, 복귀 시도...
2026-03-08 20:54:08,658 [INFO]   프로필: AHOF | 팔로워 1,026,000 | 좋아요 41,204,000
2026-03-08 20:54:08,659 [INFO]   그리드 비디오: 6개 (조회수: [101000, 92000, 183000])
2026-03-08 20:54:17,534 [INFO]   [1] 좋아요:33,000 댓글:363 저장:2,361 공유:1,008 날짜:2026-03-07 | &#128076;&#128076;&#10;…⁠자세히
2026-03-08 20:54:22,007 [INFO]   [2] 좋아요:33,000 댓글:477 저장:2,081 공유:1,107 날짜:2026-03-07 | &#128535;&#10;…⁠자세히
2026-03-08 20:54:26,392 [INFO]   [3] 좋아요:56,000 댓글:685 저장:3,549 공유:1,517 날짜:2026-03-05 | &#129344;&#127930;&#10;…⁠자세히
2026-03-08 20:54:30,851 [INFO]   [4] 좋아요:31,000 댓글:491 저장:2,188 공유:1,077 날짜:2026-03-05 | Focus on me now&#10;…⁠자세히⁠ ⁠|⁠ ⁠
2026-03-08 20:54:35,687 [INFO]   [5] 좋아요:31,000 댓글:415 저장:2,202 공유:781 날짜:2026-03-03 | テケテケテケデスカ？&#128170;&#10;…⁠자세히⁠ ⁠|⁠ ⁠
2026-03-08 20:54:40,025 [INFO]   [6] 좋아요:121,000 댓글:3,188 저장:7,860 공유:5,684 날짜:2026-03-03 | #Marikitsadilim &#129763;&#10;…⁠자세히
2026-03-08 20:54:44,576 [INFO]   [7] 좋아요:132,000 댓글:1,303 저장:8,136 공유:3,839 날짜:2026-03-01 | &#129694;&#128378;&#128703;&#127897;️&#1
2026-03-08 20:54:49,091 [INFO]   [8] 좋아요:50,000 댓글:612 저장:3,307 공유:1,264 날짜:2026-03-01 | R U D E ‼️&#10;…⁠자세히⁠ ⁠|⁠ ⁠
2026-03-08 20:54:53,548 [INFO]   [9] 좋아요:32,000 댓글:581 저장:2,262 공유:780 날짜:2026-02-27 | 요즘따라……..&#10;…⁠자세히
2026-03-08 20:54:58,018 [INFO]   [10] 좋아요:52,000 댓글:782 저장:3,918 공유:1,803 날짜:2026-02-24 | 다시 만난 오늘 &#128521;&#10;…⁠자세히
2026-03-08 20:55:02,534 [INFO]   [11] 좋아요:83,000 댓글:1,747 저장:5,520 공유:3,115 날짜:2026-02-22 | Let’s go kitty kat &#129763;&#10;(dc: @n
2026-03-08 20:55:06,878 [INFO]   [12] 좋아요:60,000 댓글:696 저장:3,921 공유:1,587 날짜:2026-02-21 | &#127472;&#127479; #배그손댄스 #2018 #2016 &#
2026-03-08 20:55:11,318 [INFO]   [13] 좋아요:40,000 댓글:540 저장:2,842 공유:929 날짜:2026-02-21 | No Way &#129765;&#10;…⁠자세히⁠ ⁠|⁠ ⁠
2026-03-08 20:55:15,705 [INFO]   [14] 좋아요:37,000 댓글:916 저장:2,623 공유:1,102 날짜:2026-02-20 | 그대 춤을 추는 #서정우 같아요&#10;그 안에 투#박한 음악은 포하예요
2026-03-08 20:55:20,153 [INFO]   [15] 좋아요:66,000 댓글:1,499 저장:4,800 공유:2,283 날짜:2026-02-20 | Omote &#128526;&#10;…⁠자세히⁠ ⁠|⁠ ⁠
2026-03-08 20:55:24,571 [INFO]   [16] 좋아요:59,000 댓글:1,084 저장:3,671 공유:3,092 날짜:2026-02-19 | 저쪽 신사분이 보내신 &#127799;입니다&#10;받으시겠습니까? (Y
2026-03-08 20:55:37,943 [INFO]   [skip] 중복: 저쪽 신사분이 보내신 &#127799;입니다&#10;받으시겠습니까? (Y
2026-03-08 20:55:42,408 [INFO]   [17] 좋아요:77,000 댓글:1,266 저장:5,139 공유:3,108 날짜:2026-02-18 | FOHA lang ang kasama ko &#128064;&#10;…⁠
2026-03-08 20:55:46,841 [INFO]   [18] 좋아요:38,000 댓글:735 저장:2,522 공유:801 날짜:2026-02-18 | &#129482;(얼음) 널 지킬 수 있을까&#10;✋(땡) 한 번만 안
2026-03-08 20:55:51,335 [INFO]   [19] 좋아요:68,000 댓글:1,168 저장:4,291 공유:1,840 날짜:2026-02-17 | S for Swang #STEVEN&#10;…⁠자세히⁠ ⁠|⁠ ⁠
2026-03-08 20:56:04,585 [INFO]   [skip] 중복: S for Swang #STEVEN&#10;…⁠자세히⁠ ⁠|⁠ ⁠
2026-03-08 20:56:09,013 [INFO]   [20] 좋아요:36,000 댓글:599 저장:2,568 공유:803 날짜:2026-02-16 | ☀️&#127330;&#127332;&#127325;&#127315;&#
2026-03-08 20:56:22,274 [INFO]   [skip] 중복: ☀️&#127330;&#127332;&#127325;&#127315;&#
2026-03-08 20:56:26,659 [INFO]   [21] 좋아요:185,000 댓글:3,494 저장:12,000 공유:7,564 날짜:2026-02-15 | Wag Ipagsabi &#129323;&#10;…⁠자세히⁠ ⁠|⁠ ⁠
2026-03-08 20:56:39,912 [INFO]   [skip] 중복: Wag Ipagsabi &#129323;&#10;…⁠자세히⁠ ⁠|⁠ ⁠
2026-03-08 20:56:44,297 [INFO]   [22] 좋아요:114,000 댓글:1,391 저장:7,432 공유:3,332 날짜:2026-02-13 | うちらが噂の&#129437;&#128047;&#128059;&#10;…⁠
2026-03-08 20:56:57,510 [INFO]   [skip] 중복: うちらが噂の&#129437;&#128047;&#128059;&#10;…⁠
2026-03-08 20:57:02,582 [INFO]   [23] 좋아요:880 댓글:11 저장:0 공유:6 날짜: | 
2026-03-08 20:57:06,918 [INFO]   [24] 좋아요:69,000 댓글:852 저장:4,393 공유:1,679 날짜:2026-02-12 | 포하 미워… (반어법)&#10;…⁠자세히
2026-03-08 20:57:11,286 [INFO]   [25] 좋아요:102,000 댓글:1,403 저장:8,519 공유:2,814 날짜:2026-02-10 | &#129655;아웅&#128047;다웅&#129655;&#10;…⁠자세
2026-03-08 20:57:15,704 [INFO]   [26] 좋아요:34,000 댓글:472 저장:2,382 공유:1,044 날짜:2026-02-10 | 왜 ○l㉣łı ㄴr도 ㅂΓ빠 ૮  ྀི •̀ ﻌ  •́  ྀིა&#128
2026-03-08 20:57:20,168 [INFO]   [27] 좋아요:37,000 댓글:420 저장:2,556 공유:1,084 날짜:2026-02-08 | &#128299;2️⃣0️⃣1️⃣6️⃣&#128299;&#10;…⁠자세히
2026-03-08 20:57:24,616 [INFO]   [28] 좋아요:45,000 댓글:537 저장:3,059 공유:1,216 날짜:2026-02-07 | #mwah &#128059;&#128149;&#10;…⁠자세히
2026-03-08 20:57:29,048 [INFO]   [29] 좋아요:80,000 댓글:916 저장:5,737 공유:2,662 날짜:2026-02-07 | &#128056;&#10;…⁠자세히
2026-03-08 20:57:33,473 [INFO]   [30] 좋아요:110,000 댓글:1,984 저장:7,270 공유:3,759 날짜:2026-02-06 | &#129763;&#129325;&#10;…⁠자세히
2026-03-08 20:57:37,895 [INFO]   [31] 좋아요:38,000 댓글:540 저장:2,834 공유:1,297 날짜:2026-02-06 | But I don’t sleep enough without you &#1
2026-03-08 20:57:42,232 [INFO]   [32] 2026-02-04 — 30일 이전, 중단
2026-03-08 20:57:45,420 [INFO]   → 게시물 31개, 평균좋아요 62,899, 참여율 195.59%
2026-03-08 20:57:48,436 [INFO] 
============================================================
2026-03-08 20:57:48,438 [INFO] [75/87] 엑스러브 (XLOV)
2026-03-08 20:57:48,439 [INFO] ============================================================
2026-03-08 20:57:48,647 [WARNING]   TikTok이 포그라운드 아님, 복귀 시도...
2026-03-08 20:57:57,562 [INFO]   프로필: XLOV | 팔로워 2,469,000 | 좋아요 90,027,000
2026-03-08 20:57:57,563 [INFO]   그리드 비디오: 6개 (조회수: [3893000, 1714000, 2194000])
2026-03-08 20:58:06,552 [INFO]   [1] 좋아요:843,000 댓글:7,032 저장:73,000 공유:22,000 날짜:2026-02-18 | 나의 ❷⓿번째 생일,,&#128155;&#10;…⁠자세히
2026-03-08 20:58:10,950 [INFO]   [2] 좋아요:411,000 댓글:2,504 저장:39,000 공유:8,124 날짜:2026-02-15 | &#128048;&#129418;&#10;…⁠자세히
2026-03-08 20:58:24,177 [INFO]   [skip] 중복: &#128048;&#129418;&#10;…⁠자세히
2026-03-08 20:58:28,648 [INFO]   [3] 2026-02-05 — 30일 이전, 중단
2026-03-08 20:58:31,826 [INFO]   → 게시물 2개, 평균좋아요 627,000, 참여율 25.07%
2026-03-08 20:58:34,868 [INFO] 
============================================================
2026-03-08 20:58:34,870 [INFO] [76/87] 뉴비트 (NEWBEAT)
2026-03-08 20:58:34,871 [INFO] ============================================================
2026-03-08 20:58:35,130 [WARNING]   TikTok이 포그라운드 아님, 복귀 시도...
2026-03-08 20:58:44,025 [INFO]   프로필: NewBeat_official | 팔로워 303,000 | 좋아요 4,802,000
2026-03-08 20:58:44,027 [INFO]   그리드 비디오: 6개 (조회수: [74000, 64000, 1042])
2026-03-08 20:58:52,890 [INFO]   [1] 2025-11-06 — 30일 이전, 중단
2026-03-08 20:58:56,136 [INFO]   → 게시물 0개, 평균좋아요 0, 참여율 0%
2026-03-08 20:58:59,170 [INFO] 
============================================================
2026-03-08 20:58:59,172 [INFO] [77/87] 아이딧 (IDID)
2026-03-08 20:58:59,173 [INFO] ============================================================
2026-03-08 20:58:59,371 [WARNING]   TikTok이 포그라운드 아님, 복귀 시도...
2026-03-08 20:59:08,348 [INFO]   프로필: IDID | 팔로워 543,000 | 좋아요 16,269,000
2026-03-08 20:59:08,350 [INFO]   그리드 비디오: 6개 (조회수: [28000, 309000, 29000])
2026-03-08 20:59:17,425 [INFO]   [1] 좋아요:9,207 댓글:104 저장:714 공유:161 날짜:2026-03-07 | WITHID은 정말 보통이 아닌걸 (P)&#10;#IDID #아이딧 #D
2026-03-08 20:59:21,887 [INFO]   [2] 좋아요:95,000 댓글:597 저장:4,577 공유:2,252 날짜:2026-03-07 | 기다렸어 어서와 &#128150;&#10;#IDID #아이딧…⁠자세히
2026-03-08 20:59:26,295 [INFO]   [3] 좋아요:10,000 댓글:114 저장:802 공유:372 날짜:2026-03-07 | 最初はキュン！ じゃんけん恋&#129655;&#10;#IDID #아이딧 #
2026-03-08 20:59:30,773 [INFO]   [4] 좋아요:28,000 댓글:189 저장:1,759 공유:423 날짜:2026-03-06 | &#119912;&#119962;&#119952; &#128168;&#1
2026-03-08 20:59:35,224 [INFO]   [5] 좋아요:17,000 댓글:198 저장:1,250 공유:453 날짜:2026-03-06 | &#128293;&#128293;&#128293;&#10;#IDID #아
2026-03-08 20:59:39,623 [INFO]   [6] 좋아요:11,000 댓글:111 저장:952 공유:261 날짜:2026-03-05 | &#120017;&#120042;&#120044;&#120052; &#1
2026-03-08 20:59:44,130 [INFO]   [7] 좋아요:15,000 댓글:130 저장:1,160 공유:322 날짜:2026-03-04 | 오늘의 콘셉트 : 자색고구마 &#127840;&#10;#IDID #아이딧
2026-03-08 20:59:48,546 [INFO]   [8] 좋아요:10,000 댓글:115 저장:852 공유:405 날짜:2026-03-03 | 햇살같은 WITHID&#128158;&#10;#IDID #아이딧…⁠자세히
2026-03-08 20:59:52,970 [INFO]   [9] 좋아요:9,762 댓글:154 저장:881 공유:315 날짜:2026-03-03 | &#128139;&#128420;&#10;#IDID #아이딧…⁠자세히
2026-03-08 20:59:57,490 [INFO]   [10] 좋아요:15,000 댓글:171 저장:1,239 공유:404 날짜:2026-03-03 | &#120191;&#120205;&#120206;&#120216; &#1
2026-03-08 21:00:01,895 [INFO]   [11] 좋아요:6,111 댓글:82 저장:564 공유:153 날짜:2026-03-02 | °ₒ ੈੈ˚SȾȺ℞໒﻿✌&#10;#IDID #아이딧…⁠자세히⁠ ⁠|⁠ ⁠
2026-03-08 21:00:06,291 [INFO]   [12] 좋아요:14,000 댓글:146 저장:1,044 공유:320 날짜:2026-03-01 | &#119988;ℴ&#120010; &#119990;&#120007;ℯ 
2026-03-08 21:00:10,758 [INFO]   [13] 좋아요:7,626 댓글:103 저장:680 공유:211 날짜:2026-03-01 | 추억 소환술&#129311; #배그손댄스&#10;#IDID #아이딧…⁠자
2026-03-08 21:00:24,038 [INFO]   [skip] 중복: 추억 소환술&#129311; #배그손댄스&#10;#IDID #아이딧…⁠자
2026-03-08 21:00:37,381 [INFO]   연속 중복 2회 — 피드 끝, 중단
2026-03-08 21:00:40,516 [INFO]   → 게시물 13개, 평균좋아요 19,054, 참여율 48.22%
2026-03-08 21:00:43,533 [INFO] 
============================================================
2026-03-08 21:00:43,535 [INFO] [78/87] 비보이즈 (BE BOYS)
2026-03-08 21:00:43,536 [INFO] ============================================================
2026-03-08 21:00:43,764 [WARNING]   TikTok이 포그라운드 아님, 복귀 시도...
2026-03-08 21:00:52,708 [INFO]   프로필: BE BOYS | 팔로워 12,000 | 좋아요 156,000
2026-03-08 21:00:52,710 [INFO]   그리드 비디오: 6개 (조회수: [2232, 1834, 3831])
2026-03-08 21:01:01,657 [INFO]   [1] 좋아요:462 댓글:19 저장:45 공유:12 날짜:2026-02-18 | give me my &#128184; #비보이즈 #BEBOYS
2026-03-08 21:01:06,134 [INFO]   [2] 좋아요:341 댓글:20 저장:28 공유:7 날짜:2026-02-17 | 오른쪽, 왼쪽, 앞, 뒤 비버 새해 복 많이 받으세요&#128583;‍♂
2026-03-08 21:01:10,630 [INFO]   [3] 좋아요:539 댓글:20 저장:36 공유:17 날짜:2026-02-09 | Growl #비보이즈 #BEBOYS #EXO #으르렁 #Growl
2026-03-08 21:01:24,147 [INFO]   [skip] 중복: Growl #비보이즈 #BEBOYS #EXO #으르렁 #Growl
2026-03-08 21:01:28,689 [INFO]   [4] 2026-02-02 — 30일 이전, 중단
2026-03-08 21:01:31,868 [INFO]   → 게시물 3개, 평균좋아요 447, 참여율 19.58%
2026-03-08 21:01:34,887 [INFO] 
============================================================
2026-03-08 21:01:34,889 [INFO] [79/87] 아이덴티티 (idntt)
2026-03-08 21:01:34,890 [INFO] ============================================================
2026-03-08 21:01:35,083 [WARNING]   TikTok이 포그라운드 아님, 복귀 시도...
2026-03-08 21:01:43,990 [INFO]   프로필: idntt | 팔로워 484,000 | 좋아요 7,529,000
2026-03-08 21:01:43,992 [INFO]   그리드 비디오: 6개 (조회수: [164000, 164000, 152000])
2026-03-08 21:01:59,344 [WARNING]   비디오 페이지 미진입, 재시도...
2026-03-08 21:02:09,649 [INFO]   [1] 2026-01-05 — 30일 이전, 중단
2026-03-08 21:02:12,896 [INFO]   → 게시물 0개, 평균좋아요 0, 참여율 0%
2026-03-08 21:02:15,919 [INFO] 
============================================================
2026-03-08 21:02:15,921 [INFO] [80/87] 코르티스 (CORTIS)
2026-03-08 21:02:15,922 [INFO] ============================================================
2026-03-08 21:02:16,130 [WARNING]   TikTok이 포그라운드 아님, 복귀 시도...
2026-03-08 21:02:25,041 [INFO]   프로필: CORTIS | 팔로워 9,764,000 | 좋아요 570,000,000
2026-03-08 21:02:25,042 [INFO]   그리드 비디오: 6개 (조회수: [1382000, 776000, 1072000])
2026-03-08 21:02:33,871 [INFO]   [1] 좋아요:437,000 댓글:3,577 저장:26,000 공유:9,473 날짜:2026-03-08 | 올크크 vs. 영크크&#10;(이렇게 올려도 된다고 하셨어요 &#1294
2026-03-08 21:02:47,098 [INFO]   [skip] 중복: 올크크 vs. 영크크&#10;(이렇게 올려도 된다고 하셨어요 &#1294
2026-03-08 21:03:00,357 [INFO]   연속 중복 2회 — 피드 끝, 중단
2026-03-08 21:03:03,549 [INFO]   → 게시물 1개, 평균좋아요 437,000, 참여율 34.45%
2026-03-08 21:03:06,583 [INFO] 
============================================================
2026-03-08 21:03:06,585 [INFO] [81/87] 알파드라이브원 (ALPHA DRIVE ONE)
2026-03-08 21:03:06,586 [INFO] ============================================================
2026-03-08 21:03:06,808 [WARNING]   TikTok이 포그라운드 아님, 복귀 시도...
2026-03-08 21:03:15,652 [INFO]   프로필: ALPHA DRIVE ONE | 팔로워 1,422,000 | 좋아요 56,453,000
2026-03-08 21:03:15,653 [INFO]   그리드 비디오: 6개 (조회수: [104000, 582000, 376000])
2026-03-08 21:03:30,982 [WARNING]   비디오 페이지 미진입, 재시도...
2026-03-08 21:03:41,169 [INFO]   [1] 좋아요:30,000 댓글:355 저장:2,071 공유:450 날짜:2026-03-07 | [⏱ ALD1 Minute] &#120382;&#120420;&#1204
2026-03-08 21:03:45,714 [INFO]   [2] 좋아요:174,000 댓글:1,356 저장:13,000 공유:3,403 날짜:2026-03-04 | We’re in Paris! &#127467;&#127479; #ALPH
2026-03-08 21:03:50,228 [INFO]   [3] 좋아요:88,000 댓글:1,122 저장:4,610 공유:1,973 날짜:2026-03-03 | He’s Back &#128526;&#10;…⁠자세히⁠ ⁠|⁠ ⁠
2026-03-08 21:03:54,676 [INFO]   [4] 좋아요:249,000 댓글:2,023 저장:14,000 공유:5,672 날짜:2026-03-03 | &#127381; 도마도마&#10;…⁠자세히
2026-03-08 21:03:59,122 [INFO]   [5] 좋아요:218,000 댓글:1,742 저장:11,000 공유:4,158 날짜:2026-03-02 | Welcome to Shanghai &#127968;&#10;…⁠자세히⁠
2026-03-08 21:04:03,574 [INFO]   [6] 좋아요:308,000 댓글:3,319 저장:17,000 공유:6,867 날짜:2026-03-02 | Shanghai Love... &#129505;&#10;…⁠자세히⁠ ⁠|
2026-03-08 21:04:16,850 [INFO]   [skip] 중복: Shanghai Love... &#129505;&#10;…⁠자세히⁠ ⁠|
2026-03-08 21:04:21,187 [INFO]   [7] 좋아요:121,000 댓글:1,321 저장:6,294 공유:2,619 날짜:2026-02-26 | &#129311;&#10;…⁠자세히
2026-03-08 21:04:25,626 [INFO]   [8] 좋아요:227,000 댓글:2,702 저장:13,000 공유:5,355 날짜:2026-02-19 | &#120404;&#120420;&#120426;’&#120423;&#1
2026-03-08 21:04:30,025 [INFO]   [9] 좋아요:198,000 댓글:1,374 저장:11,000 공유:4,430 날짜:2026-02-13 | 정말 얄미워 ( ,,•̀⤙•́,, )&#10;…⁠자세히
2026-03-08 21:04:34,440 [INFO]   [10] 좋아요:131,000 댓글:1,767 저장:8,589 공유:3,375 날짜:2026-02-12 | only ALLYZ…&#10;…⁠자세히⁠ ⁠|⁠ ⁠
2026-03-08 21:04:38,851 [INFO]   [11] 좋아요:339,000 댓글:2,485 저장:18,000 공유:7,736 날짜:2026-02-12 | ALD1 in fun mode ON&#128126; &#10;…⁠자세히⁠
2026-03-08 21:04:43,345 [INFO]   [12] 좋아요:127,000 댓글:1,299 저장:7,388 공유:2,847 날짜:2026-02-11 | -`&#127942;´-&#10;…⁠자세히
2026-03-08 21:04:56,638 [INFO]   [skip] 중복: -`&#127942;´-&#10;…⁠자세히
2026-03-08 21:05:01,060 [INFO]   [13] 좋아요:92,000 댓글:422 저장:5,295 공유:1,500 날짜:2026-02-10 | 파트 114 | &#120281;&#120293;&#120280;&#12
2026-03-08 21:05:05,438 [INFO]   [14] 좋아요:163,000 댓글:1,295 저장:9,370 공유:3,712 날짜:2026-02-09 | 우리 진짜 카리스마 있어 지금.&#128526;&#129311;&#10;
2026-03-08 21:05:09,781 [INFO]   [15] 좋아요:306,000 댓글:1,682 저장:18,000 공유:4,847 날짜:2026-02-09 | &#129776; ▻ &#128077; ▻ ✋ ▻ &#128077;&#1
2026-03-08 21:05:14,226 [INFO]   [16] 좋아요:133,000 댓글:864 저장:7,371 공유:1,960 날짜:2026-02-08 | &#127950;️&#128168;&#10;…⁠자세히
2026-03-08 21:05:18,603 [INFO]   [17] 좋아요:43,000 댓글:782 저장:3,551 공유:1,157 날짜:2026-02-08 | How to&#127954;&#128527;&#10;…⁠자세히⁠ ⁠|⁠ 
2026-03-08 21:05:31,848 [INFO]   [skip] 중복: How to&#127954;&#128527;&#10;…⁠자세히⁠ ⁠|⁠ 
2026-03-08 21:05:36,286 [INFO]   [18] 좋아요:218,000 댓글:1,964 저장:13,000 공유:4,801 날짜:2026-02-07 | ✧*｡&#128076; ✧*｡&#10;…⁠자세히
2026-03-08 21:05:40,701 [INFO]   [19] 좋아요:133,000 댓글:1,519 저장:8,989 공유:3,472 날짜:2026-02-07 | &#129293; (ˊo̴̶̷̤ ᴗ o̴̶̷̤ˋ) &#129293;&#1
2026-03-08 21:05:45,073 [INFO]   [20] 좋아요:170,000 댓글:1,149 저장:10,000 공유:3,331 날짜:2026-02-06 | &#128536;&#128536;&#128536; ⇢ ❤︎&#10;…⁠자
2026-03-08 21:05:49,460 [INFO]   [21] 좋아요:447,000 댓글:8,174 저장:28,000 공유:27,000 날짜:2026-02-06 | &#119915;&#119955;&#119952;&#119953; &#1
2026-03-08 21:05:53,868 [INFO]   [22] 2026-02-05 — 30일 이전, 중단
2026-03-08 21:05:57,041 [INFO]   → 게시물 21개, 평균좋아요 186,428, 참여율 95.28%
2026-03-08 21:06:00,057 [INFO] 
============================================================
2026-03-08 21:06:00,059 [INFO] [82/87] 엠빅 (AM8IC)
2026-03-08 21:06:00,060 [INFO] ============================================================
2026-03-08 21:06:00,275 [WARNING]   TikTok이 포그라운드 아님, 복귀 시도...
2026-03-08 21:06:09,202 [INFO]   프로필: AM8IC | 팔로워 24,000 | 좋아요 668,000
2026-03-08 21:06:09,204 [INFO]   그리드 비디오: 6개 (조회수: [7571, 24000, 376000])
2026-03-08 21:06:24,467 [WARNING]   비디오 페이지 미진입, 재시도...
2026-03-08 21:06:34,738 [INFO]   [1] 2025-11-10 — 30일 이전, 중단
2026-03-08 21:06:37,952 [INFO]   → 게시물 0개, 평균좋아요 0, 참여율 0%
2026-03-08 21:06:40,969 [INFO] 
============================================================
2026-03-08 21:06:40,971 [INFO] [83/87] 에이엠피 (AxMxP)
2026-03-08 21:06:40,972 [INFO] ============================================================
2026-03-08 21:06:41,171 [WARNING]   TikTok이 포그라운드 아님, 복귀 시도...
2026-03-08 21:06:50,037 [INFO]   프로필: AxMxP_official | 팔로워 65,000 | 좋아요 459,000
2026-03-08 21:06:50,039 [INFO]   그리드 비디오: 6개 (조회수: [3415, 3747, 1517])
2026-03-08 21:06:58,839 [INFO]   [1] 좋아요:1,216 댓글:27 저장:69 공유:17 날짜:2026-03-07 | 에이엠피, 그리고 며칠 후  in Rollinghall ｡ﾟ･｡ﾟ ✌︎…
2026-03-08 21:07:12,174 [INFO]   [skip] 중복: 에이엠피, 그리고 며칠 후  in Rollinghall ｡ﾟ･｡ﾟ ✌︎…
2026-03-08 21:07:16,550 [INFO]   [2] 좋아요:405 댓글:20 저장:35 공유:24 날짜:2026-03-04 | 보여주고 싶은 게 있어서 끝까지 봐줘♥&#10;…⁠자세히
2026-03-08 21:07:29,819 [INFO]   [skip] 중복: 보여주고 싶은 게 있어서 끝까지 봐줘♥&#10;…⁠자세히
2026-03-08 21:07:34,284 [INFO]   [3] 좋아요:2,518 댓글:42 저장:171 공유:65 날짜:2026-02-27 | 박하사탕 tap tap &#127852;&#10;…⁠자세히
2026-03-08 21:07:38,656 [INFO]   [4] 좋아요:956 댓글:21 저장:64 공유:11 날짜:2026-02-26 | &#120335;&#120328; &#120335;&#120328; &#
2026-03-08 21:07:43,028 [INFO]   [5] 좋아요:677 댓글:24 저장:61 공유:13 날짜:2026-02-25 | ｡·͜·｡&#10;…⁠자세히⁠ ⁠|⁠ ⁠
2026-03-08 21:07:47,398 [INFO]   [6] 좋아요:1,084 댓글:23 저장:84 공유:21 날짜:2026-02-24 | &#119964;&#120013;ℳ&#120013;&#119979; &#
2026-03-08 21:07:51,795 [INFO]   [7] 좋아요:3,244 댓글:47 저장:203 공유:63 날짜:2026-02-23 | [긴급/속보] 박주환 꿀벌 엉덩이춤 유출&#10;…⁠자세히
2026-03-08 21:07:56,256 [INFO]   [8] 좋아요:1,217 댓글:24 저장:82 공유:33 날짜:2026-02-22 | AxMxP's Music Taste&#10;…⁠자세히⁠ ⁠|⁠ ⁠
2026-03-08 21:08:00,619 [INFO]   [9] 좋아요:3,504 댓글:52 저장:194 공유:52 날짜:2026-02-21 | BIG ROBOT&#129302;&#128378;&#10;…⁠자세히⁠ ⁠
2026-03-08 21:08:05,034 [INFO]   [10] 좋아요:2,254 댓글:53 저장:155 공유:88 날짜:2026-02-20 | &#119964;&#119993;&#119993; &#120008;&#1
2026-03-08 21:08:09,438 [INFO]   [11] 좋아요:1,509 댓글:22 저장:90 공유:22 날짜:2026-02-19 | &#128248; 힝 속았지? (feat. 크루)&#10;…⁠자세히
2026-03-08 21:08:13,904 [INFO]   [12] 좋아요:2,736 댓글:37 저장:151 공유:68 날짜:2026-02-18 | 아웅 (ó ì_í)=óò=(ì_í ò) 다웅&#10;…⁠자세히⁠ ⁠|⁠ 
2026-03-08 21:08:18,367 [INFO]   [13] 좋아요:2,494 댓글:37 저장:145 공유:73 날짜:2026-02-16 | ᴍʏ ᴘʜᴏɴᴇ ɪꜱ ꜰᴜʟʟ ᴏꜰ - - ✧･ﾟ&#10;…⁠자세히⁠ ⁠
2026-03-08 21:08:22,706 [INFO]   [14] 좋아요:1,475 댓글:20 저장:84 공유:27 날짜:2026-02-15 | 에이엠피, 그리고 며칠 후 D+19&#10;…⁠자세히
2026-03-08 21:08:27,074 [INFO]   [15] 좋아요:1,570 댓글:22 저장:87 공유:22 날짜:2026-02-14 | 에이엠피, 그리고 며칠 후 D+18&#10;…⁠자세히
2026-03-08 21:08:31,441 [INFO]   [16] 좋아요:1,642 댓글:27 저장:136 공유:45 날짜:2026-02-14 | 에이엠피는 그리고 며칠 후 &#10;#KickFlip 선배님들과 사랑에 
2026-03-08 21:08:35,856 [INFO]   [17] 좋아요:928 댓글:16 저장:69 공유:24 날짜:2026-02-14 | ૮ ๑ࡇ๑ ა&#10;…⁠자세히⁠ ⁠|⁠ ⁠
2026-03-08 21:08:40,282 [INFO]   [18] 좋아요:903 댓글:12 저장:66 공유:13 날짜:2026-02-13 | 에이엠피, 그리고 며칠 후 D+17&#10;…⁠자세히
2026-03-08 21:08:53,591 [INFO]   [skip] 중복: 에이엠피, 그리고 며칠 후 D+17&#10;…⁠자세히
2026-03-08 21:08:58,018 [INFO]   [19] 좋아요:1,503 댓글:27 저장:90 공유:24 날짜:2026-02-12 | 에이엠피, 그리고 며칠 후 D+16&#10;…⁠자세히
2026-03-08 21:09:02,395 [INFO]   [20] 좋아요:1,128 댓글:14 저장:68 공유:18 날짜:2026-02-12 | &#128248; 힝 속았지? (feat. 주환)&#10;…⁠자세히
2026-03-08 21:09:15,705 [INFO]   [skip] 중복: &#128248; 힝 속았지? (feat. 주환)&#10;…⁠자세히
2026-03-08 21:09:20,105 [INFO]   [21] 좋아요:1,055 댓글:37 저장:77 공유:43 날짜:2026-02-11 | 에이엠피, 그리고 며칠 후 in D AWARDS ｡ﾟ･｡ﾟ ✌︎…⁠자세히
2026-03-08 21:09:33,419 [INFO]   [skip] 중복: 에이엠피, 그리고 며칠 후 in D AWARDS ｡ﾟ･｡ﾟ ✌︎…⁠자세히
2026-03-08 21:09:37,760 [INFO]   [22] 좋아요:1,294 댓글:18 저장:84 공유:19 날짜:2026-02-11 | 에이엠피, 그리고 며칠 후 D+15&#10;…⁠자세히
2026-03-08 21:09:42,143 [INFO]   [23] 좋아요:1,192 댓글:18 저장:81 공유:22 날짜:2026-02-11 | ☂&#10;…⁠자세히
2026-03-08 21:09:46,561 [INFO]   [24] 좋아요:1,405 댓글:24 저장:87 공유:21 날짜:2026-02-10 | &#127330;&#127331;&#127326;&#127327; ✋&#
2026-03-08 21:09:50,955 [INFO]   [25] 좋아요:1,054 댓글:25 저장:72 공유:11 날짜:2026-02-09 | &#128521;✌️&#10;…⁠자세히
2026-03-08 21:09:55,263 [INFO]   [26] 좋아요:521 댓글:9 저장:31 공유:2 날짜:2026-02-08 | 에이엠피, 그리고 며칠 후 D+13...14&#10;오늘은 쉬어갑니다. 
2026-03-08 21:09:59,635 [INFO]   [27] 좋아요:840 댓글:22 저장:55 공유:30 날짜:2026-02-07 | PASS &#128534;&#10;…⁠자세히⁠ ⁠|⁠ ⁠
2026-03-08 21:10:04,038 [INFO]   [28] 좋아요:1,728 댓글:24 저장:102 공유:35 날짜:2026-02-06 | 에이엠피, 그리고 며칠 후 D+12&#10;…⁠자세히
2026-03-08 21:10:08,443 [INFO]   [29] 좋아요:1,322 댓글:16 저장:81 공유:15 날짜:2026-02-06 | #SAYMYNAME #소하 #승주#승주께 &#10;PASS를 PASS하
2026-03-08 21:10:12,874 [INFO]   [30] 좋아요:988 댓글:21 저장:67 공유:16 날짜:2026-02-06 | &#128248; 힝 속았지? (feat. 김신)&#10;…⁠자세히
2026-03-08 21:10:17,332 [INFO]   [31] 2026-02-05 — 30일 이전, 중단
2026-03-08 21:10:20,538 [INFO]   → 게시물 30개, 평균좋아요 1,478, 참여율 125.24%
2026-03-08 21:10:23,556 [INFO] 
============================================================
2026-03-08 21:10:23,558 [INFO] [84/87] 롱샷 (LNGSHOT)
2026-03-08 21:10:23,559 [INFO] ============================================================
2026-03-08 21:10:23,726 [WARNING]   TikTok이 포그라운드 아님, 복귀 시도...
2026-03-08 21:10:32,605 [INFO]   프로필: LNGSHOT | 팔로워 2,483,000 | 좋아요 69,271,000
2026-03-08 21:10:32,607 [INFO]   그리드 비디오: 6개 (조회수: [501000, 1338000, 2819000])
2026-03-08 21:10:41,288 [INFO]   [1] 좋아요:93,000 댓글:1,132 저장:8,805 공유:2,431 날짜:2026-02-20 | #Backseat MV OUT NOW. &#10;…⁠자세히⁠ ⁠|⁠ ⁠
2026-03-08 21:10:54,684 [INFO]   [skip] 중복: #Backseat MV OUT NOW. &#10;…⁠자세히⁠ ⁠|⁠ ⁠
2026-03-08 21:10:59,043 [INFO]   [2] 2026-01-27 — 30일 이전, 중단
2026-03-08 21:11:02,197 [INFO]   → 게시물 1개, 평균좋아요 93,000, 참여율 21.03%
2026-03-08 21:11:05,215 [INFO] 
============================================================
2026-03-08 21:11:05,217 [INFO] [85/87] 네이즈 (NAZE)
2026-03-08 21:11:05,218 [INFO] ============================================================
2026-03-08 21:11:05,453 [WARNING]   TikTok이 포그라운드 아님, 복귀 시도...
2026-03-08 21:11:14,351 [INFO]   프로필: NAZE | 팔로워 5,083 | 좋아요 12,000
2026-03-08 21:11:14,353 [INFO]   그리드 비디오: 6개 (조회수: [2040, 59000, 29000])
2026-03-08 21:11:23,135 [INFO]   [1] 좋아요:147 댓글:7 저장:10 공유:2 날짜:2026-03-07 | Debut in May&#10;#NAZE #네이즈
2026-03-08 21:11:36,384 [INFO]   [skip] 중복: Debut in May&#10;#NAZE #네이즈
2026-03-08 21:11:49,662 [INFO]   연속 중복 2회 — 피드 끝, 중단
2026-03-08 21:11:52,833 [INFO]   → 게시물 1개, 평균좋아요 147, 참여율 8.14%
2026-03-08 21:11:55,867 [INFO] 
============================================================
2026-03-08 21:11:55,868 [INFO] [86/87] 유어즈 (YUHZ)
2026-03-08 21:11:55,870 [INFO] ============================================================
2026-03-08 21:11:56,085 [WARNING]   TikTok이 포그라운드 아님, 복귀 시도...
2026-03-08 21:12:04,957 [INFO]   프로필: YUHZ | 팔로워 54,000 | 좋아요 644,000
2026-03-08 21:12:04,959 [INFO]   그리드 비디오: 6개 (조회수: [404, 755, 3087])
2026-03-08 21:12:13,743 [INFO]   [1] 좋아요:194 댓글:13 저장:15 공유:7 날짜:2026-03-08 | [&#129705;]&#10;…⁠자세히⁠ ⁠|⁠ ⁠
2026-03-08 21:12:18,111 [INFO]   [2] 좋아요:331 댓글:23 저장:32 공유:8 날짜:2026-03-08 | [&#129705;]&#10;…⁠자세히
2026-03-08 21:12:22,604 [INFO]   [skip] 중복: [&#129705;]&#10;…⁠자세히
2026-03-08 21:12:27,072 [INFO]   [3] 좋아요:3,592 댓글:81 저장:412 공유:108 날짜:2026-03-06 | [&#129705;]&#10;…⁠자세히⁠ ⁠|⁠ ⁠
2026-03-08 21:12:31,472 [INFO]   [skip] 중복: [&#129705;]&#10;…⁠자세히⁠ ⁠|⁠ ⁠
2026-03-08 21:12:35,905 [INFO]   [4] 좋아요:996 댓글:39 저장:121 공유:35 날짜:2026-03-05 | [&#129705;]&#10;…⁠자세히
2026-03-08 21:12:40,367 [INFO]   [5] 좋아요:1,721 댓글:35 저장:168 공유:56 날짜:2026-03-04 | [&#129705;]&#10;…⁠자세히⁠ ⁠|⁠ ⁠
2026-03-08 21:12:44,814 [INFO]   [skip] 중복: [&#129705;]&#10;…⁠자세히⁠ ⁠|⁠ ⁠
2026-03-08 21:12:49,250 [INFO]   [6] 좋아요:743 댓글:33 저장:91 공유:38 날짜:2026-03-04 | [&#129705;]&#10;…⁠자세히
2026-03-08 21:12:53,618 [INFO]   [7] 좋아요:1,304 댓글:42 저장:130 공유:57 날짜:2026-03-03 | [&#129705;]&#10;…⁠자세히⁠ ⁠|⁠ ⁠
2026-03-08 21:12:57,996 [INFO]   [skip] 중복: [&#129705;]&#10;…⁠자세히⁠ ⁠|⁠ ⁠
2026-03-08 21:13:02,400 [INFO]   연속 중복 2회 — 피드 끝, 중단
2026-03-08 21:13:05,572 [INFO]   → 게시물 7개, 평균좋아요 1,268, 참여율 45.25%
2026-03-08 21:13:08,590 [INFO] 
============================================================
2026-03-08 21:13:08,592 [INFO] [87/87] 마마무 (MAMAMOO)
2026-03-08 21:13:08,593 [INFO] ============================================================
2026-03-08 21:13:08,827 [WARNING]   TikTok이 포그라운드 아님, 복귀 시도...
2026-03-08 21:13:17,594 [INFO]   프로필: mamamoo_official | 팔로워 4,379,000 | 좋아요 49,350,000
2026-03-08 21:13:17,596 [INFO]   그리드 비디오: 6개 (조회수: [5759, 4824, 13000])
2026-03-08 21:13:32,862 [WARNING]   비디오 페이지 미진입, 재시도...
2026-03-08 21:13:43,017 [INFO]   [1] 좋아요:1,121 댓글:21 저장:49 공유:14 날짜:2026-03-08 | [TEASER] Solar x 告五人 '總有一顆屬於你的星球 (Y…⁠자세히
2026-03-08 21:13:56,444 [INFO]   [skip] 중복: [TEASER] Solar x 告五人 '總有一顆屬於你的星球 (Y…⁠자세히
2026-03-08 21:14:00,879 [INFO]   연속 중복 2회 — 피드 끝, 중단
2026-03-08 21:14:04,029 [INFO]   → 게시물 1개, 평균좋아요 1,121, 참여율 20.92%
2026-03-08 21:14:04,070 [INFO] 
============================================================
2026-03-08 21:14:04,072 [INFO] 크롤링 완료: 87개 그룹
2026-03-08 21:14:04,073 [INFO] 요약: G:\내 드라이브\01.Work\04.AI.M.Contents\00.pumit\04.aimcontents.com\idol-sns-app\data\tiktok-data\tiktok-summary.json
2026-03-08 21:14:04,074 [INFO] 
Top 10 팔로워:
2026-03-08 21:14:04,075 [INFO]   1. 코르티스                  9,764,000
2026-03-08 21:14:04,076 [INFO]   2. 에이티즈                  9,311,000
2026-03-08 21:14:04,077 [INFO]   3. 아스트로                  7,938,000
2026-03-08 21:14:04,078 [INFO]   4. 피원하모니                 5,903,000
2026-03-08 21:14:04,078 [INFO]   5. 보이넥스트도어               4,712,000
2026-03-08 21:14:04,079 [INFO]   6. 라이즈                   4,423,000
2026-03-08 21:14:04,080 [INFO]   7. 마마무                   4,379,000
2026-03-08 21:14:04,081 [INFO]   8. 투어스                   3,875,000
2026-03-08 21:14:04,081 [INFO]   9. 아이콘                   3,146,000
2026-03-08 21:14:04,082 [INFO]   10. 몬스타엑스                 3,093,000
