2026-03-09 20:26:42,434 [INFO] 디바이스 연결 확인: RFCN30XWX8W (SM-A9080)
2026-03-09 20:26:42,512 [INFO] 재크롤링 시작: 49개 그룹
2026-03-09 20:26:42,512 [INFO] 
============================================================
2026-03-09 20:26:42,512 [INFO] [1/49] 뉴진스 (NewJeans)
2026-03-09 20:26:42,513 [INFO] ============================================================
2026-03-09 20:26:51,138 [INFO]   프로필: NewJeans | 팔로워 12,800,000 | 좋아요 446,600,000
2026-03-09 20:26:51,154 [INFO]   그리드 비디오: 6개 (조회수: [10900000, 9100000, 5100000])
2026-03-09 20:27:05,211 [INFO]   [1] 좋아요:599,400 댓글:35,000 저장:54,500 공유:24,900 날짜: | Happy B-DAY&#128155;&#128048;&#10;…자세히
2026-03-09 20:27:12,026 [INFO]   [2] 2026-01-03 — 30일 이전, 중단
2026-03-09 20:27:15,267 [INFO]   → 저장: 1개 게시물 (기존 0개)
2026-03-09 20:27:18,269 [INFO] 
============================================================
2026-03-09 20:27:18,271 [INFO] [2/49] 방탄소년단 (BTS)
2026-03-09 20:27:18,273 [INFO] ============================================================
2026-03-09 20:27:26,961 [INFO]   프로필: BTS | 팔로워 74,000,000 | 좋아요 1,700,000,000
2026-03-09 20:27:26,963 [INFO]   그리드 비디오: 6개 (조회수: [14100000, 19900000, 11400000])
2026-03-09 20:27:56,667 [INFO]   [1] 좋아요:3,500,000 댓글:38,600 저장:219,300 공유:61,500 날짜:2026-03-05 | ‘SPAGHETTI (feat. j-hope of BTS)’ MV Sho
2026-03-09 20:28:03,383 [INFO]   [2] 2026-01-05 — 30일 이전, 중단
2026-03-09 20:28:06,599 [INFO]   → 저장: 1개 게시물 (기존 0개)
2026-03-09 20:28:09,602 [INFO] 
============================================================
2026-03-09 20:28:09,604 [INFO] [3/49] 세븐틴 (SEVENTEEN)
2026-03-09 20:28:09,605 [INFO] ============================================================
2026-03-09 20:28:18,260 [INFO]   프로필: SEVENTEEN | 팔로워 17,700,000 | 좋아요 1,000,000,000
2026-03-09 20:28:18,261 [INFO]   그리드 비디오: 6개 (조회수: [28200, 410800, 253100])
2026-03-09 20:28:32,799 [INFO]   [1] 좋아요:12,200 댓글:432 저장:625 공유:540 날짜:2026-03-09 | 도겸이의 진지한 리듬 게임 &#127929;
2026-03-09 20:28:39,543 [INFO]   [2] 좋아요:165,400 댓글:1,252 저장:8,855 공유:3,930 날짜:2026-03-08 | 과니차니 아웅다웅 &#129730;
2026-03-09 20:28:46,322 [INFO]   [3] 좋아요:86,400 댓글:763 저장:4,085 공유:1,542 날짜:2026-03-08 | Singapore, Thank You! &#127480;&#127468;
2026-03-09 20:28:52,950 [INFO]   [4] 좋아요:336,900 댓글:2,641 저장:15,700 공유:7,603 날짜:2026-03-07 | 미워&#128521;
2026-03-09 20:28:59,667 [INFO]   [5] 좋아요:44,300 댓글:479 저장:1,989 공유:1,378 날짜:2026-03-04 | #CINEMA &#127916; with SEVENTEEN #승관&#10
2026-03-09 20:29:06,346 [INFO]   [6] 좋아요:111,900 댓글:681 저장:6,128 공유:2,091 날짜:2026-03-02 | 다시 만난 홍콩 &#129655;&#129653; [NEW_]&#10;…
2026-03-09 20:29:13,028 [INFO]   [7] 좋아요:43,200 댓글:267 저장:1,572 공유:290 날짜: | 파트 17 | #Blue ❄️ by #바다 #BADA&#10;…자세히
2026-03-09 20:29:19,664 [INFO]   [8] 좋아요:371,300 댓글:1,587 저장:21,200 공유:9,379 날짜: | 
2026-03-09 20:29:26,341 [INFO]   [9] 좋아요:143,200 댓글:865 저장:8,569 공유:2,503 날짜: | 당신에게 난 하나일 거예요&#127801;&#10;…자세히
2026-03-09 20:29:33,064 [INFO]   [10] 좋아요:218,100 댓글:1,131 저장:12,200 공유:5,905 날짜: | 우리의 시작처럼 이대로&#129730;&#10;…자세히
2026-03-09 20:29:39,826 [INFO]   [11] 좋아요:32,600 댓글:202 저장:1,998 공유:375 날짜: | Ordinary Notes #Bonus Book Preview&#10;…
2026-03-09 20:29:46,485 [INFO]   [12] 좋아요:84,600 댓글:760 저장:3,894 공유:2,337 날짜: | 파트 18 | #Blue ❄️ by #CHOIJUNGEUN #최정은 #i
2026-03-09 20:29:53,164 [INFO]   [13] 좋아요:39,500 댓글:242 저장:1,735 공유:420 날짜: | 파트 19 | #Blue ❄️ by #DragonPony #드래곤포니…자
2026-03-09 20:29:59,962 [INFO]   [14] 좋아요:50,400 댓글:430 저장:2,407 공유:861 날짜: | 파트 20 | #Blue ❄️ by #현우 #HYUNWOO #싸이커스 #
2026-03-09 20:30:06,741 [INFO]   [15] 좋아요:28,200 댓글:254 저장:1,244 공유:302 날짜: | 파트 21 | #Blue ❄️ by #켄 #KEN&#10;…자세히
2026-03-09 20:30:13,541 [INFO]   [16] 좋아요:363,300 댓글:6,590 저장:16,800 공유:15,300 날짜: | 파트 22 | #Blue ❄️ by #JIHOON #지훈 #PARKJEO
2026-03-09 20:30:20,268 [INFO]   [17] 좋아요:252,400 댓글:614 저장:12,900 공유:5,172 날짜: | 
2026-03-09 20:30:26,940 [INFO]   [18] 좋아요:117,100 댓글:322 저장:5,834 공유:1,250 날짜: | 
2026-03-09 20:30:33,683 [INFO]   [19] 좋아요:20,400 댓글:131 저장:976 공유:122 날짜: | 파트 23 | #Blue ❄️ by #이예지 #LeeYeJi&#10;…자
2026-03-09 20:30:40,467 [INFO]   [20] 좋아요:35,200 댓글:290 저장:1,560 공유:497 날짜: | 파트 24 | #Rockstar &#129304; by #정용화 #JUN
2026-03-09 20:30:47,209 [INFO]   [21] 좋아요:55,200 댓글:521 저장:3,678 공유:1,249 날짜: | 파트 25 | #Blue ❄️ by #Donghyeon #동현 #Kick
2026-03-09 20:31:04,572 [INFO]   [22] 좋아요:0 댓글:0 저장:0 공유:0 날짜: | 비행기&#10;탑승 모드
2026-03-09 20:31:26,680 [INFO]   [23] 좋아요:40,900 댓글:226 저장:1,780 공유:373 날짜: | 파트 27 | #Blue ❄️ by #박지원 #PARKJIWON #프로미
2026-03-09 20:31:33,322 [INFO]   [24] 좋아요:102,000 댓글:376 저장:5,818 공유:2,184 날짜: | [HOSHI TAMTAM] 호랑이 운세 #3&#10;…자세히
2026-03-09 20:31:40,045 [INFO]   [25] 좋아요:30,700 댓글:163 저장:1,205 공유:215 날짜: | 파트 28 | #Blue ❄️ by #로이킴 #RoyKim&#10;…자세
2026-03-09 20:31:46,766 [INFO]   [26] 좋아요:28,000 댓글:205 저장:1,562 공유:609 날짜: | 파트 29 | #Blue ❄️ by #카에데 #Kaede #트리플에스 #
2026-03-09 20:31:53,420 [INFO]   [27] 좋아요:17,900 댓글:93 저장:870 공유:82 날짜: | 파트 30 | #Blue ❄️ by #한동근 #HanDonggeun&#1
2026-03-09 20:32:00,181 [INFO]   [28] 좋아요:32,000 댓글:190 저장:1,554 공유:313 날짜: | 파트 31 | #Blue ❄️ by #남지운 #namjiwoon #아이덴
2026-03-09 20:32:06,823 [INFO]   [29] 좋아요:29,600 댓글:115 저장:1,807 공유:190 날짜: | Ordinary Notes #6 Preview&#10;…자세히
2026-03-09 20:32:13,538 [INFO]   [30] 좋아요:49,600 댓글:359 저장:2,256 공유:822 날짜: | #Rockstar &#129304; with #윤도현 #YOONDOHYU
2026-03-09 20:32:20,366 [INFO]   [31] 좋아요:128,100 댓글:965 저장:6,884 공유:3,903 날짜: | Rockstar &#128573;
2026-03-09 20:32:27,106 [INFO]   [32] 좋아요:133,200 댓글:1,167 저장:5,129 공유:2,394 날짜: | 파트 32 | #Blue ❄️ with #범주 #BUMZU&#10;…자세
2026-03-09 20:32:33,846 [INFO]   [33] 좋아요:136,200 댓글:854 저장:7,624 공유:3,909 날짜: | 파트 33 | #Blue ❄️ by #MINJU #민주 #ILLIT #아
2026-03-09 20:32:40,604 [INFO]   [34] 좋아요:109,800 댓글:884 저장:6,563 공유:2,657 날짜: | 파트 34 | #Blue ❄️ by #YOUNGJAE #영재 #KYUNG
2026-03-09 20:32:47,381 [INFO]   [35] 좋아요:33,000 댓글:191 저장:1,255 공유:224 날짜: | 파트 35 | #Blue ❄️ by #폴킴 #PaulKim&#10;…자세
2026-03-09 20:32:54,119 [INFO]   [36] 좋아요:29,000 댓글:246 저장:1,502 공유:396 날짜: | 파트 36 | #Blue ❄️ by #정세민 #JEONGSEMIN #아이
2026-03-09 20:33:00,885 [INFO]   [37] 좋아요:101,800 댓글:620 저장:3,923 공유:1,211 날짜: | 파트 37 | #Blue ❄️ by #정은지 #EunJi #에이핑크 #A
2026-03-09 20:33:07,678 [INFO]   [38] 좋아요:16,200 댓글:78 저장:758 공유:142 날짜: | 파트 38 | #Blue ❄️ by #김용준 #KIMYONGJUN #SG
2026-03-09 20:33:14,520 [INFO]   [39] 좋아요:17,000 댓글:100 저장:760 공유:155 날짜: | 파트 39 | #Blue ❄️ by #황인욱 #HwangInWook&#1
2026-03-09 20:33:21,253 [INFO]   [40] 좋아요:47,800 댓글:292 저장:2,641 공유:675 날짜: | Still I love you❄️&#10;…자세히
2026-03-09 20:33:27,980 [INFO]   [41] 좋아요:21,800 댓글:106 저장:1,295 공유:180 날짜: | Ordinary Notes #5 Preview&#10;…자세히
2026-03-09 20:33:34,743 [INFO]   [42] 좋아요:21,900 댓글:125 저장:934 공유:163 날짜: | 파트 40 | #Blue ❄️ by #최유리 #ChoiYuRee &#10
2026-03-09 20:33:41,482 [INFO]   [43] 좋아요:169,100 댓글:1,776 저장:13,600 공유:4,372 날짜: | 파트 41 | #Blue ❄️ by #SUNGHO #RIWOO #BOYN
2026-03-09 20:33:46,715 [INFO]   → 저장: 43개 게시물 (기존 1개)
2026-03-09 20:33:49,717 [INFO] 
============================================================
2026-03-09 20:33:49,719 [INFO] [4/49] 트와이스 (TWICE)
2026-03-09 20:33:49,720 [INFO] ============================================================
2026-03-09 20:33:58,423 [INFO]   프로필: TWICE | 팔로워 29,600,000 | 좋아요 1,100,000,000
2026-03-09 20:33:58,425 [INFO]   그리드 비디오: 6개 (조회수: [2700000, 4099999, 8900000])
2026-03-09 20:34:28,026 [INFO]   [1] 좋아요:537,100 댓글:7,439 저장:54,300 공유:22,500 날짜: | CHAEYOUNG “SHOOT (Firecracker)” M/V&#10;
2026-03-09 20:34:34,764 [INFO]   [2] 2026-01-02 — 30일 이전, 중단
2026-03-09 20:34:37,970 [INFO]   → 저장: 1개 게시물 (기존 0개)
2026-03-09 20:34:40,972 [INFO] 
============================================================
2026-03-09 20:34:40,974 [INFO] [5/49] 레드벨벳 (Red Velvet)
2026-03-09 20:34:40,975 [INFO] ============================================================
2026-03-09 20:34:49,555 [INFO]   프로필: Red Velvet | 팔로워 3,900,000 | 좋아요 80,600,000
2026-03-09 20:34:49,557 [INFO]   그리드 비디오: 6개 (조회수: [287100, 2900000, 1500000])
2026-03-09 20:35:19,378 [INFO]   [1] 좋아요:474,800 댓글:2,180 저장:18,200 공유:8,599 날짜: | 헛둘헛둘&#10;…자세히
2026-03-09 20:35:26,100 [INFO]   [2] 좋아요:254,300 댓글:861 저장:13,500 공유:3,996 날짜:hearts2hearts | FOCUS with #YUHA &#129653;&#10;…자세히
2026-03-09 20:35:32,918 [INFO]   [3] 좋아요:479,600 댓글:3,855 저장:12,300 공유:9,804 날짜: | name all the songs you can hear&#10;…자세히
2026-03-09 20:35:39,637 [INFO]   [4] 좋아요:2,900,000 댓글:7,568 저장:119,600 공유:96,700 날짜:2026-02-09 | #2016 Russian Roulette but it’s 2026&#10
2026-03-09 20:35:46,400 [INFO]   [5] 좋아요:212,800 댓글:976 저장:8,176 공유:4,066 날짜: | &#128151;두쫀쿠 사준 사람&#128073;#KARINA @aesp
2026-03-09 20:35:53,138 [INFO]   [6] 좋아요:798,800 댓글:2,455 저장:38,800 공유:14,100 날짜: | Do it do it Chu~♡&#10;…자세히
2026-03-09 20:35:59,837 [INFO]   [7] 좋아요:800,400 댓글:4,003 저장:34,500 공유:18,000 날짜: | say you love me &#128155;&#10;…자세히
2026-03-09 20:36:06,623 [INFO]   [8] 좋아요:128,800 댓글:889 저장:5,887 공유:1,432 날짜: | &#119879;&#119868;&#119871;&#119879; wit
2026-03-09 20:36:13,335 [INFO]   [9] 좋아요:56,800 댓글:353 저장:2,498 공유:543 날짜: | 再次Love Splash! with ReVeluv 我的夏天都是你們 고마워
2026-03-09 20:36:20,101 [INFO]   [10] 좋아요:59,500 댓글:382 저장:3,828 공유:1,111 날짜: | From Love Splash!&#128152; with #REI&#10
2026-03-09 20:36:26,845 [INFO]   [11] 좋아요:106,500 댓글:456 저장:5,785 공유:1,733 날짜: | 넌 예뻐 &#128151;&#128057;&#128037;&#128151
2026-03-09 20:36:33,519 [INFO]   [12] 좋아요:35,400 댓글:199 저장:1,824 공유:438 날짜: | From Love Splash!❤️&#128156;&#128153; wi
2026-03-09 20:36:40,297 [INFO]   [13] 좋아요:234,600 댓글:1,172 저장:6,713 공유:4,381 날짜: | 언니 딴 데 가지마&#10;…자세히
2026-03-09 20:36:47,140 [INFO]   [14] 좋아요:28,700 댓글:325 저장:1,708 공유:519 날짜: | From Love Splash!&#128153; with #WENDY&#
2026-03-09 20:36:53,909 [INFO]   [15] 좋아요:30,900 댓글:300 저장:1,756 공유:545 날짜: | From Love Splash!❤️ with #MoonByul @MOON
2026-03-09 20:37:00,664 [INFO]   [16] 좋아요:25,000 댓글:236 저장:1,266 공유:274 날짜: | From Love Splash!&#128156;&#129293; with
2026-03-09 20:37:07,461 [INFO]   [17] 좋아요:25,800 댓글:288 저장:1,390 공유:466 날짜: | sooo cuteeee&#128151;&#10;…자세히
2026-03-09 20:37:14,225 [INFO]   [18] 좋아요:19,800 댓글:236 저장:1,083 공유:279 날짜: | From Love Splash!&#128154; with #AtHeart
2026-03-09 20:37:20,995 [INFO]   [19] 좋아요:21,200 댓글:179 저장:911 공유:245 날짜: | From Love Splash!&#129293; with #HARIMU 
2026-03-09 20:37:27,720 [INFO]   [20] 좋아요:36,500 댓글:273 저장:1,741 공유:575 날짜: | &#129305;&#127965;️&#129305;&#128032;&#1
2026-03-09 20:37:34,476 [INFO]   [21] 좋아요:18,700 댓글:274 저장:1,047 공유:402 날짜: | POV: me falling in love&#10;…자세히
2026-03-09 20:37:41,216 [INFO]   [22] 좋아요:27,300 댓글:186 저장:1,131 공유:301 날짜: | From Love Splash! with ReVeluv&#128154;&
2026-03-09 20:37:48,100 [INFO]   [23] 좋아요:122,800 댓글:1,121 저장:5,366 공유:2,616 날짜: | From Love Splash!&#128154; with #RENJUN 
2026-03-09 20:37:54,836 [INFO]   [24] 좋아요:54,600 댓글:322 저장:1,871 공유:467 날짜: | From Love Splash!❤️ with #UKNOW #TVXQ!&#
2026-03-09 20:38:01,599 [INFO]   [25] 좋아요:12,600 댓글:119 저장:575 공유:114 날짜: | From Love Splash!&#128150; with #박명수&#10
2026-03-09 20:38:08,421 [INFO]   [26] 좋아요:74,500 댓글:525 저장:2,515 공유:1,232 날짜: | From Love Splash!&#129505; with #ANTON @
2026-03-09 20:38:15,141 [INFO]   [27] 좋아요:27,300 댓글:210 저장:1,190 공유:420 날짜: | pull the lever!&#128663;&#128168;&#10;…자
2026-03-09 20:38:21,942 [INFO]   [28] 좋아요:134,700 댓글:1,582 저장:5,574 공유:3,160 날짜: | From Love Splash!&#128154; with #DOYOUNG
2026-03-09 20:38:28,700 [INFO]   [29] 좋아요:57,300 댓글:452 저장:2,363 공유:851 날짜: | From Love Splash!&#129782; with #YUHA #Y
2026-03-09 20:38:35,360 [INFO]   [30] 좋아요:55,900 댓글:328 저장:1,949 공유:540 날짜: | common barbie lets go party⛱️&#10;…자세히
2026-03-09 20:38:42,178 [INFO]   [31] 좋아요:52,700 댓글:317 저장:3,450 공유:915 날짜: | 짜릿한 Love splash!&#128166;&#10;…자세히
2026-03-09 20:38:48,976 [INFO]   [32] 좋아요:122,300 댓글:518 저장:5,457 공유:1,816 날짜: | From Love Splash!&#127823; with #YUGO&#1
2026-03-09 20:38:55,721 [INFO]   [33] 좋아요:87,600 댓글:434 저장:3,588 공유:931 날짜: | From Love Splash!&#128154; with #YUSHI @
2026-03-09 20:39:02,481 [INFO]   [34] 좋아요:32,800 댓글:289 저장:1,680 공유:807 날짜: | 너를 덮쳐 My heart&#128147;&#10;…자세히
2026-03-09 20:39:09,221 [INFO]   [35] 좋아요:11,300 댓글:203 저장:739 공유:196 날짜: | Joy’s summer playlist is calling &#12815
2026-03-09 20:39:16,053 [INFO]   [36] 좋아요:230,600 댓글:1,317 저장:8,780 공유:3,804 날짜: | From Love Splash!&#129655;&#128155; with
2026-03-09 20:39:22,819 [INFO]   [37] 좋아요:39,300 댓글:492 저장:1,684 공유:763 날짜: | L O V E&#128154; L O V E&#128154;&#10;…자
2026-03-09 20:39:29,554 [INFO]   [38] 좋아요:32,200 댓글:504 저장:1,412 공유:540 날짜: | Love Splash! A little spoiler, from JOY 
2026-03-09 20:39:36,379 [INFO]   [39] 좋아요:37,700 댓글:488 저장:1,841 공유:767 날짜: | I love&#10;…자세히
2026-03-09 20:39:43,197 [INFO]   [40] 좋아요:40,900 댓글:577 저장:1,865 공유:1,160 날짜: | JOY 조이 'Love Splash!' MV Teaser&#10;…자세히
2026-03-09 20:39:49,976 [INFO]   [41] 좋아요:31,500 댓글:664 저장:1,729 공유:1,269 날짜: | Highlight Clip&#10;…자세히
2026-03-09 20:39:56,776 [INFO]   [42] 좋아요:9,693 댓글:169 저장:533 공유:241 날짜: | Mood Clip #4 Romantic Love&#10;…자세히
2026-03-09 20:40:03,416 [INFO]   [43] 좋아요:15,700 댓글:235 저장:839 공유:353 날짜:Mood Clip # 3 Self Love&#10;…자세히 | Mood Clip # 3 Self Love&#10;…자세히
2026-03-09 20:40:10,139 [INFO]   [44] 좋아요:416,200 댓글:1,893 저장:23,800 공유:10,000 날짜: | heart b&#128149;b&#128147;beat&#128151;&
2026-03-09 20:40:15,353 [INFO]   → 저장: 44개 게시물 (기존 3개)
2026-03-09 20:40:18,356 [INFO] 
============================================================
2026-03-09 20:40:18,357 [INFO] [6/49] 아이브 (IVE)
2026-03-09 20:40:18,358 [INFO] ============================================================
2026-03-09 20:40:26,987 [INFO]   프로필: IVE.official | 팔로워 11,300,000 | 좋아요 583,100,000
2026-03-09 20:40:26,989 [INFO]   그리드 비디오: 6개 (조회수: [865400, 154500, 302900])
2026-03-09 20:40:56,518 [INFO]   [1] 좋아요:39,600 댓글:472 저장:2,607 공유:786 날짜:2026-03-09 | In #KiiiKiii #LEESOL Heart &#128151; @Ki
2026-03-09 20:41:03,296 [INFO]   [2] 좋아요:79,500 댓글:1,037 저장:5,233 공유:3,173 날짜:2026-03-09 | ⋆｡‧˚ʚ✌️^. .^₎✌️ɞ˚‧｡⋆&#10;…자세히
2026-03-09 20:41:09,954 [INFO]   [3] 좋아요:149,300 댓글:1,801 저장:10,700 공유:3,613 날짜:2026-03-08 | BANG BANG (홈트 ver.) &#10;…자세히
2026-03-09 20:41:16,714 [INFO]   [4] 좋아요:130,000 댓글:1,696 저장:9,176 공유:4,023 날짜:2026-03-08 | 별이떴으니까 날좀바라봐 &#10;…자세히
2026-03-09 20:41:23,445 [INFO]   [5] 좋아요:42,100 댓글:638 저장:3,603 공유:672 날짜:2026-03-08 | ‘IVE'S WEEK' DAY 10 &#129694;&#10;…자세히
2026-03-09 20:41:30,133 [INFO]   [6] 좋아요:41,500 댓글:471 저장:2,982 공유:524 날짜:2026-03-08 | 한 지붕 두 꾸이&#10;…자세히
2026-03-09 20:41:36,917 [INFO]   [7] 좋아요:66,200 댓글:751 저장:4,692 공유:1,182 날짜:2026-03-07 | &#119809;&#119819;&#119808;&#119810;&#11
2026-03-09 20:41:43,674 [INFO]   [8] 좋아요:38,600 댓글:545 저장:2,708 공유:504 날짜:2026-03-07 | 원하면 #WOODZ #우즈 이뤄지리라&#128420; @WOODZ &#1
2026-03-09 20:41:50,433 [INFO]   [9] 좋아요:241,600 댓글:1,671 저장:14,300 공유:4,139 날짜:2026-03-07 | 팸! 뱅 꺾고 꺽꼬 꺾꼬! shout out to @승헌쓰 이꼬르 나야나
2026-03-09 20:41:57,174 [INFO]   [10] 좋아요:252,300 댓글:1,611 저장:19,600 공유:8,616 날짜:2026-03-07 | 바쁘다 바빠 기니사회&#10;…자세히
2026-03-09 20:42:03,892 [INFO]   [11] 좋아요:32,200 댓글:422 저장:2,761 공유:405 날짜:2026-03-07 | 'IVE'S WEEK' DAY 9 &#127744;&#10;…자세히
2026-03-09 20:42:10,657 [INFO]   [12] 좋아요:64,400 댓글:630 저장:5,073 공유:975 날짜:2026-03-07 | 밤새도록 춤을 출래 =͟͟͞͞➳❥&#10;…자세히
2026-03-09 20:42:17,457 [INFO]   [13] 좋아요:28,200 댓글:544 저장:2,700 공유:559 날짜:2026-03-06 | 'IVE'S WEEK' DAY 8 &#127897;️&#10;…자세히
2026-03-09 20:42:24,197 [INFO]   [14] 좋아요:72,200 댓글:756 저장:5,155 공유:1,186 날짜:2026-03-05 | 쏟아지는 Glitter&#10;…자세히
2026-03-09 20:42:30,913 [INFO]   [15] 좋아요:39,500 댓글:556 저장:3,528 공유:621 날짜:2026-03-05 | 'IVE'S WEEK' DAY 7 &#128150;&#10;…자세히
2026-03-09 20:42:37,761 [INFO]   [16] 좋아요:25,100 댓글:402 저장:2,565 공유:555 날짜:2026-03-04 | &#119878;ℎ&#119894;&#119899;&#119890; &#
2026-03-09 20:42:44,517 [INFO]   [17] 좋아요:19,400 댓글:312 저장:1,841 공유:388 날짜:2026-03-04 | Look at me now&#128064;&#10;…자세히
2026-03-09 20:42:51,294 [INFO]   [18] 좋아요:96,000 댓글:700 저장:8,563 공유:2,586 날짜:2026-03-04 | #LE_SSERAFIM #HONGEUNCHAE 에게 눈 떼지마 시선 &#
2026-03-09 20:42:57,989 [INFO]   [19] 좋아요:230,600 댓글:1,136 저장:16,300 공유:4,457 날짜:2026-03-04 | 원하면 #LE_SSERAFIM #HONGEUNCHAE 이뤄지리라&#128
2026-03-09 20:43:04,738 [INFO]   [20] 좋아요:27,600 댓글:476 저장:2,755 공유:489 날짜:2026-03-04 | 'IVE'S WEEK' DAY 6 &#128159;&#10;…자세히
2026-03-09 20:43:11,477 [INFO]   [21] 좋아요:50,100 댓글:517 저장:4,358 공유:826 날짜:2026-03-04 | &#120365;&#120368;&#120375;&#120358; &#1
2026-03-09 20:43:18,197 [INFO]   [22] 좋아요:47,800 댓글:492 저장:3,426 공유:658 날짜:2026-03-03 | 원하면 #IDID #BAEKJUNHYUK 이뤄지리라&#128420; @I
2026-03-09 20:43:24,915 [INFO]   [23] 좋아요:178,400 댓글:1,162 저장:12,400 공유:2,618 날짜:2026-03-03 | 끝없는 &#120017;&#120016;&#120029;&#120022;
2026-03-09 20:43:31,658 [INFO]   [24] 좋아요:59,200 댓글:587 저장:4,577 공유:873 날짜:2026-03-03 | &#120131;&#120160;&#120160;&#120156; &#1
2026-03-09 20:43:38,440 [INFO]   [25] 좋아요:135,700 댓글:771 저장:8,401 공유:3,095 날짜:2026-03-03 | 원하면 #Hearts2Hearts #IAN 이뤄지리라&#128420; @
2026-03-09 20:43:45,057 [INFO]   [26] 좋아요:235,600 댓글:1,324 저장:20,000 공유:18,900 날짜:2026-03-03 | Mine ⋆ ˚｡⋆୨୧˚&#10;…자세히
2026-03-09 20:43:51,819 [INFO]   [27] 좋아요:88,600 댓글:760 저장:6,376 공유:1,526 날짜:2026-03-03 | 끝내 현실이 돼 ★༉‧₊˚✧&#10;…자세히
2026-03-09 20:43:58,575 [INFO]   [28] 좋아요:76,700 댓글:574 저장:5,030 공유:1,075 날짜:2026-03-02 | 원하면 #andTEAM #EJ 이뤄지리라&#128420; @&amp;TE
2026-03-09 20:44:05,328 [INFO]   [29] 좋아요:188,300 댓글:1,372 저장:12,600 공유:6,327 날짜:2026-03-02 | #Hearts2Hearts #IAN 에게 눈 떼지마 시선 &#129482
2026-03-09 20:44:12,016 [INFO]   [30] 좋아요:235,300 댓글:979 저장:17,900 공유:6,489 날짜:2026-03-02 | Folded .•✰.*•.&#10;…자세히
2026-03-09 20:44:18,795 [INFO]   [31] 좋아요:150,400 댓글:1,116 저장:11,600 공유:3,768 날짜: | (๑•̑ ɞ •̑๑)✊&#128400;️&#10;…자세히
2026-03-09 20:44:25,534 [INFO]   [32] 좋아요:40,500 댓글:1,567 저장:4,590 공유:1,381 날짜: | BANG BANG (CUTE ʕ｡•ﻌ•｡ʔ ver.) with #이진이 
2026-03-09 20:44:32,254 [INFO]   [33] 좋아요:186,600 댓글:1,329 저장:14,000 공유:4,819 날짜: | In Your Heart (Sped Up ver.) &#128147;=з
2026-03-09 20:44:38,994 [INFO]   [34] 좋아요:279,300 댓글:1,381 저장:15,100 공유:3,896 날짜: | 원하면 #KiiiKiii #HAUM 이뤄지리라&#128420; @Kiii
2026-03-09 20:44:45,647 [INFO]   [35] 좋아요:120,000 댓글:1,150 저장:7,703 공유:1,860 날짜: | 가을이 일찍 오네&#128420;&#10;…자세히
2026-03-09 20:44:52,397 [INFO]   [36] 좋아요:142,900 댓글:1,333 저장:11,000 공유:4,544 날짜: | &#128420;ʜᴏʟᴇ&#10;…자세히
2026-03-09 20:44:59,175 [INFO]   [37] 좋아요:41,200 댓글:499 저장:3,337 공유:528 날짜: | 원하면 #GRANADA 이뤄지리라&#128420; @그라나다 &#10;…
2026-03-09 20:45:05,872 [INFO]   [38] 좋아요:35,400 댓글:632 저장:3,404 공유:666 날짜: | 'IVE'S WEEK' DAY 5 &#129294;&#10;…자세히
2026-03-09 20:45:12,560 [INFO]   [39] 좋아요:436,600 댓글:2,223 저장:26,100 공유:11,500 날짜: | In My Pocket ( ｰ ֊ｰ )✧&#129375;&#128151;
2026-03-09 20:45:19,272 [INFO]   [40] 좋아요:125,800 댓글:935 저장:7,932 공유:1,890 날짜: | 마침내 우리답게 ✨&#10;…자세히
2026-03-09 20:45:26,055 [INFO]   [41] 좋아요:38,100 댓글:424 저장:3,392 공유:610 날짜: | &#127916; ＢＬＡＣＫＨＯＬＥ: Behind The Scenes&#
2026-03-09 20:45:32,755 [INFO]   [42] 좋아요:185,400 댓글:1,290 저장:13,900 공유:5,827 날짜: | &#120128;&#120159; &#120144;&#120160;&#1
2026-03-09 20:45:39,499 [INFO]   [43] 좋아요:117,100 댓글:815 저장:6,616 공유:1,191 날짜: | 원하면 #이영지 이뤄지리라&#128420; @이영지 &#10;…자세히
2026-03-09 20:45:46,237 [INFO]   [44] 좋아요:42,200 댓글:404 저장:3,113 공유:486 날짜: | 원하면 #HIGHLIGHT #YANGYOSEOP 이뤄지리라&#128420
2026-03-09 20:45:51,472 [INFO]   → 저장: 44개 게시물 (기존 44개)
2026-03-09 20:45:54,475 [INFO] 
============================================================
2026-03-09 20:45:54,477 [INFO] [7/49] 엔믹스 (NMIXX)
2026-03-09 20:45:54,478 [INFO] ============================================================
2026-03-09 20:46:03,150 [INFO]   프로필: NMIXX | 팔로워 7,000,000 | 좋아요 286,500,000
2026-03-09 20:46:03,152 [INFO]   그리드 비디오: 6개 (조회수: [54200, 192700, 124300])
2026-03-09 20:46:32,933 [INFO]   [1] 좋아요:31,500 댓글:364 저장:2,708 공유:848 날짜:2026-03-05 | 고양이 거기 들어가면 안돼요&#10;…자세히
2026-03-09 20:46:39,673 [INFO]   [2] 좋아요:14,500 댓글:275 저장:1,565 공유:494 날짜:2026-03-04 | &#129293;➕❤️ &#10;…자세히
2026-03-09 20:46:46,421 [INFO]   [3] 좋아요:44,200 댓글:546 저장:3,584 공유:580 날짜: | 엔써야 생일 축하해 ♡&#10;…자세히
2026-03-09 20:46:52,972 [INFO]   [4] 좋아요:137,700 댓글:1,075 저장:7,284 공유:1,672 날짜: | NMIXX in Chile | Viña del Mar 2026 Recap
2026-03-09 20:46:59,755 [INFO]   [5] 2026-01-02 — 30일 이전, 중단
2026-03-09 20:47:02,979 [INFO]   → 저장: 4개 게시물 (기존 3개)
2026-03-09 20:47:05,981 [INFO] 
============================================================
2026-03-09 20:47:05,983 [INFO] [8/49] 미야오 (MEOVV)
2026-03-09 20:47:05,984 [INFO] ============================================================
2026-03-09 20:47:14,590 [INFO]   프로필: MEOVV | 팔로워 2,400,000 | 좋아요 107,500,000
2026-03-09 20:47:14,592 [INFO]   그리드 비디오: 6개 (조회수: [3300000, 902000, 202300])
2026-03-09 20:47:28,690 [INFO]   [1] 좋아요:192,600 댓글:1,706 저장:12,300 공유:5,594 날짜: | 파트 107 | Digital Single ‘BURNING UP’&#10
2026-03-09 20:47:35,359 [INFO]   [2] 좋아요:162,000 댓글:904 저장:10,300 공유:5,270 날짜:2026-03-07 | #Chloe &#128120;&#127995;︎&#128149;︎&#12
2026-03-09 20:47:42,031 [INFO]   [3] 좋아요:34,600 댓글:346 저장:1,840 공유:839 날짜:2026-03-05 | &#129498;&#10;@ROOT …자세히
2026-03-09 20:47:48,718 [INFO]   [4] 좋아요:500,200 댓글:2,112 저장:27,100 공유:7,768 날짜:2026-03-02 | 파트 205 | &#128745;️&#10;…자세히
2026-03-09 20:47:55,413 [INFO]   [5] 좋아요:134,800 댓글:998 저장:8,793 공유:3,670 날짜:2026-03-02 | 파트 204 | &#128008;‍⬛&#129653;✨&#10;…자세히
2026-03-09 20:48:02,090 [INFO]   [6] 좋아요:60,000 댓글:466 저장:3,328 공유:1,177 날짜:파트 203 | don't talk 2 me&#10;…자세히 | 파트 203 | don't talk 2 me&#10;…자세히
2026-03-09 20:48:08,807 [INFO]   [7] 좋아요:309,600 댓글:1,657 저장:24,100 공유:10,500 날짜: | 파트 202 | &#128008;‍⬛&#127928;✨&#10;…자세히
2026-03-09 20:48:15,496 [INFO]   [8] 좋아요:42,400 댓글:393 저장:2,669 공유:826 날짜: | 파트 201 | I can only see my Bratziez when
2026-03-09 20:48:22,235 [INFO]   [9] 좋아요:87,900 댓글:479 저장:4,294 공유:1,507 날짜: | 파트 200 | someone sent me Bratziez &#1294
2026-03-09 20:48:28,937 [INFO]   [10] 2026-02-05 — 30일 이전, 중단
2026-03-09 20:48:32,160 [INFO]   → 저장: 9개 게시물 (기존 0개)
2026-03-09 20:48:35,162 [INFO] 
============================================================
2026-03-09 20:48:35,164 [INFO] [9/49] 키스오브라이프 (KISS OF LIFE)
2026-03-09 20:48:35,165 [INFO] ============================================================
2026-03-09 20:48:43,749 [INFO]   프로필: KISS OF LIFE | 팔로워 3,800,000 | 좋아요 259,200,000
2026-03-09 20:48:43,751 [INFO]   그리드 비디오: 6개 (조회수: [208300, 50000, 592400])
2026-03-09 20:49:13,354 [INFO]   [1] 좋아요:9,338 댓글:204 저장:657 공유:209 날짜:2026-03-08 | 하늘이의 개강 룩북&#128717;️&#10;…자세히
2026-03-09 20:49:20,066 [INFO]   [2] 좋아요:140,700 댓글:664 저장:8,185 공유:3,330 날짜:2026-03-07 | Anymotion&#10;…자세히
2026-03-09 20:49:26,735 [INFO]   [3] 좋아요:78,200 댓글:626 저장:3,600 공유:1,081 날짜:2026-03-06 | I Rise&#10;…자세히
2026-03-09 20:49:33,453 [INFO]   [4] 좋아요:326,700 댓글:1,307 저장:16,700 공유:5,390 날짜:2026-03-06 | 안녕하세요~ KISS OF LIFE입니다&#128521; &#10;…자세
2026-03-09 20:49:40,074 [INFO]   [5] 좋아요:22,000 댓글:254 저장:1,366 공유:434 날짜:2026-03-06 | 오늘 집에 가기 싫어&#10;…자세히
2026-03-09 20:49:46,830 [INFO]   [6] 좋아요:40,700 댓글:360 저장:2,491 공유:769 날짜:2026-03-03 | 어쩜 이렇게 이뻐&#128521;&#10;…자세히
2026-03-09 20:49:53,396 [INFO]   [7] 좋아요:35,200 댓글:582 저장:2,781 공유:920 날짜: | Which one do u like the most?&#128524;&#
2026-03-09 20:50:00,073 [INFO]   [8] 좋아요:156,200 댓글:1,220 저장:7,684 공유:4,494 날짜: | 춤을 추는 나무&#127795;&#10;…자세히
2026-03-09 20:50:06,710 [INFO]   [9] 좋아요:418,900 댓글:3,033 저장:21,900 공유:7,260 날짜: | Big Bop&#127834;&#10;…자세히
2026-03-09 20:50:13,374 [INFO]   [10] 좋아요:138,100 댓글:1,409 저장:8,514 공유:3,128 날짜: | Body Go❤️‍&#128293;&#10;…자세히
2026-03-09 20:50:20,131 [INFO]   [11] 좋아요:98,400 댓글:587 저장:5,834 공유:1,232 날짜: | 다시 만나&#127891;&#10;…자세히
2026-03-09 20:50:26,849 [INFO]   [12] 좋아요:18,600 댓글:486 저장:1,116 공유:315 날짜: | KISS OF LIFE &#10;…자세히
2026-03-09 20:50:33,554 [INFO]   [13] 좋아요:51,200 댓글:1,062 저장:3,382 공유:937 날짜: | &#129308;&#129783;&#10;…자세히
2026-03-09 20:50:40,273 [INFO]   [14] 좋아요:8,923 댓글:315 저장:649 공유:215 날짜: | KISS OF LIFE &#10;…자세히
2026-03-09 20:50:53,599 [INFO]   연속 중복 2회 — 피드 끝
2026-03-09 20:50:56,806 [INFO]   → 저장: 14개 게시물 (기존 0개)
2026-03-09 20:50:59,809 [INFO] 
============================================================
2026-03-09 20:50:59,809 [INFO] [10/49] 프로미스나인 (fromis_9)
2026-03-09 20:50:59,811 [INFO] ============================================================
2026-03-09 20:51:08,387 [INFO]   프로필: fromis_9 | 팔로워 2,000,000 | 좋아요 56,000,000
2026-03-09 20:51:08,389 [INFO]   그리드 비디오: 6개 (조회수: [104500, 110000, 215600])
2026-03-09 20:51:22,604 [INFO]   [1] 좋아요:17,400 댓글:291 저장:1,497 공유:436 날짜:2026-03-08 | 나 미워? ๑ ˃̶ᴗᵒ̴̶̷๑&#10;…자세히
2026-03-09 20:51:29,252 [INFO]   [2] 좋아요:14,000 댓글:152 저장:1,084 공유:220 날짜:2026-03-04 | &#128073;아웅&#128074;다웅&#128072;&#10;…자세히
2026-03-09 20:51:35,933 [INFO]   [3] 좋아요:28,200 댓글:193 저장:2,265 공유:509 날짜:2026-03-03 | ʟᴏᴠᴇ ʟᴏᴠᴇ ʟᴏᴠᴇ&#128155;&#10;…자세히
2026-03-09 20:51:42,593 [INFO]   [4] 좋아요:18,600 댓글:221 저장:1,319 공유:320 날짜: | bestie&#128105;&#127995;‍❤️‍&#128105;&#1
2026-03-09 20:51:49,174 [INFO]   [5] 좋아요:37,000 댓글:273 저장:3,090 공유:820 날짜: | &#128521;&#128149;&#10;…자세히
2026-03-09 20:51:55,753 [INFO]   [6] 좋아요:104,400 댓글:1,378 저장:6,858 공유:4,838 날짜: | ⚠️파쿠르 정기모임, 위험하니 절대 따라하지 마시오⚠️…자세히
2026-03-09 20:52:02,435 [INFO]   [7] 좋아요:41,800 댓글:256 저장:3,236 공유:796 날짜: | ρꪖ&#120371;ꪖꪑ-ρꪖꪑ-ρꪖꪑ&#129345;&#129671; 
2026-03-09 20:52:09,130 [INFO]   [8] 좋아요:23,300 댓글:189 저장:1,480 공유:232 날짜: | 파트 59 | 온 세상이 하얗게❄️ with #미미미누&#10;…자세히
2026-03-09 20:52:15,811 [INFO]   [9] 좋아요:47,000 댓글:329 저장:3,230 공유:1,302 날짜: | &#119952;&#119945; &#119939;&#119938;&#1
2026-03-09 20:52:22,494 [INFO]   [10] 좋아요:203,100 댓글:511 저장:12,300 공유:3,603 날짜: | &#128374;️&#127918;&#129766;&#10;…자세히
2026-03-09 20:52:29,091 [INFO]   [11] 좋아요:86,900 댓글:277 저장:5,579 공유:1,030 날짜: | 파트 49 | 온 세상이 하얗게❄️ with #르세라핌 #허윤진…자세히
2026-03-09 20:52:35,749 [INFO]   [12] 좋아요:31,800 댓글:206 저장:2,756 공유:727 날짜: | 닉챙&#129418; 헌주디&#128048;&#10;…자세히
2026-03-09 20:52:42,391 [INFO]   [13] 좋아요:17,400 댓글:194 저장:1,260 공유:173 날짜: | 파트 48 | 노랑즈 파워&#128155; 하얀눈챌린지❄️&#10;…자세
2026-03-09 20:52:49,111 [INFO]   [14] 좋아요:9,420 댓글:79 저장:673 공유:107 날짜: | 파트 47 | 온 세상이 하얗게❄️ with #동방신기 #최강창민…자세히
2026-03-09 20:52:55,872 [INFO]   [15] 좋아요:8,584 댓글:84 저장:589 공유:61 날짜: | 파트 46 | 온 세상이 하얗게❄️ with #베베 #태터 #민아 쌤…자
2026-03-09 20:53:02,533 [INFO]   [16] 좋아요:13,100 댓글:97 저장:947 공유:82 날짜: | 파트 45 | 온 세상이 하얗게❄️ with 베베 #태터 #민아 쌤…자세
2026-03-09 20:53:09,228 [INFO]   [17] 좋아요:7,720 댓글:63 저장:465 공유:66 날짜: | 파트 36 | 온 세상이 하얗게❄️ with #파트리샤&#10;…자세히
2026-03-09 20:53:15,953 [INFO]   [18] 좋아요:15,500 댓글:90 저장:969 공유:132 날짜: | 파트 44 | 온 세상이 하얗게❄️ with #NOWZ #윤&#10;…자
2026-03-09 20:53:22,634 [INFO]   [19] 좋아요:6,265 댓글:67 저장:482 공유:55 날짜: | 파트 37 | 온 세상이 하얗게❄️ with #BabyDONTCry #미
2026-03-09 20:53:29,291 [INFO]   [20] 좋아요:13,600 댓글:83 저장:772 공유:158 날짜: | 파트 43 | 온 세상이 하얗게❄️ with #베리베리 #계현 #강민…자
2026-03-09 20:53:36,014 [INFO]   [21] 좋아요:17,000 댓글:134 저장:1,017 공유:223 날짜: | 파트 42 | 온 세상이 하얗게❄️ with #최립우&#10;…자세히
2026-03-09 20:53:42,706 [INFO]   [22] 좋아요:14,800 댓글:84 저장:801 공유:418 날짜: | 파트 41 | 온 세상이 하얗게❄️ with #이시안&#10;…자세히
2026-03-09 20:53:49,347 [INFO]   [23] 좋아요:9,649 댓글:90 저장:714 공유:103 날짜: | 파트 40 | 온 세상이 하얗게❄️ with #리센느 #메이&#10;…자
2026-03-09 20:53:56,093 [INFO]   [24] 좋아요:22,500 댓글:170 저장:1,492 공유:288 날짜: | 파트 39 | 온 세상이 하얗게❄️ with #빌리 #츠키&#10;…자세
2026-03-09 20:54:02,767 [INFO]   [25] 좋아요:13,900 댓글:115 저장:1,129 공유:275 날짜: | 파트 38 | 온 세상이 하얗게❄️ with #트리플에스 #마유 #채원…
2026-03-09 20:54:09,477 [INFO]   [26] 좋아요:5,317 댓글:53 저장:342 공유:38 날짜: | 파트 35 | 온 세상이 하얗게❄️ with #슈카&#10;…자세히
2026-03-09 20:54:16,193 [INFO]   [27] 좋아요:19,100 댓글:137 저장:1,373 공유:166 날짜: | 파트 34 | 하냥과 젼이랑 하얀눈챌린지❄️ &#10;…자세히
2026-03-09 20:54:22,933 [INFO]   [28] 좋아요:9,386 댓글:71 저장:547 공유:41 날짜: | 파트 32 | 온 세상이 하얗게❄️ with #킹키부츠 #엔젤…자세히
2026-03-09 20:54:29,726 [INFO]   [29] 좋아요:29,600 댓글:173 저장:2,066 공유:323 날짜: | 파트 31 | 온 세상이 하얗게❄️ with #킹키부츠 &#10;…자세히
2026-03-09 20:54:36,393 [INFO]   [30] 좋아요:29,600 댓글:187 저장:1,975 공유:408 날짜: | 파트 33 | 채영이랑 허니랑 하얀눈챌린지❄️&#10;…자세히
2026-03-09 20:54:43,092 [INFO]   [31] 좋아요:18,600 댓글:170 저장:1,206 공유:344 날짜: | 파트 29 | 온 세상이 하얗게❄️ with #채영즈&#10;…자세히
2026-03-09 20:54:49,841 [INFO]   [32] 좋아요:30,700 댓글:242 저장:2,505 공유:356 날짜: | 파트 30 | 힙합보단사랑노랑즈는사랑보단플로버&#128374;️ &#10
2026-03-09 20:54:56,486 [INFO]   [33] 좋아요:21,400 댓글:139 저장:1,624 공유:284 날짜: | 파트 28 | 온 세상이 하얗게❄️ with #정용화 #곽범&#10;…자
2026-03-09 20:55:03,131 [INFO]   [34] 좋아요:62,600 댓글:327 저장:4,978 공유:1,118 날짜: | 파트 27 | 온 세상이 하얗게❄️ with #아일릿 #원희&#10;…자
2026-03-09 20:55:09,830 [INFO]   [35] 좋아요:52,600 댓글:428 저장:3,642 공유:1,467 날짜: | 파트 26 | 온 세상이 하얗게❄️ with #XLOV #WUMUTI…자
2026-03-09 20:55:16,562 [INFO]   [36] 좋아요:18,200 댓글:167 저장:1,388 공유:272 날짜: | 파트 25 | 플로버가 있어 행복했어❤️ #fromis_9 #프로미스나인
2026-03-09 20:55:23,224 [INFO]   [37] 좋아요:13,500 댓글:121 저장:1,078 공유:238 날짜: | 파트 24 | 보고 싶어&#129782; 넌 어디에&#128159;&#1
2026-03-09 20:55:29,910 [INFO]   [38] 좋아요:14,300 댓글:110 저장:1,002 공유:186 날짜: | 파트 23 | 온 세상이 하얗게❄️ with #비투비 #서은광 #프니엘…
2026-03-09 20:55:36,520 [INFO]   [39] 좋아요:27,400 댓글:221 저장:2,349 공유:680 날짜: | 파트 22 | 온 세상이 하얗게❄️ with #츄 &#10;…자세히
2026-03-09 20:55:43,152 [INFO]   [40] 좋아요:21,300 댓글:161 저장:1,530 공유:293 날짜: | 파트 21 | 노랑즈가 말아주는 하얀눈챌린지❄️&#10;…자세히
2026-03-09 20:55:49,826 [INFO]   [41] 좋아요:20,400 댓글:192 저장:1,618 공유:313 날짜: | 파트 20 | 조금은 수줍은 그런 느낌&#129392;&#10;…자세히
2026-03-09 20:55:56,513 [INFO]   [42] 좋아요:12,300 댓글:101 저장:864 공유:110 날짜: | 파트 19 | 온 세상이 하얗게❄️ with #고나리돌2 &#10;…자세
2026-03-09 20:56:03,229 [INFO]   [43] 좋아요:20,300 댓글:152 저장:1,426 공유:205 날짜: | 파트 17 | 온 세상이 하얗게❄️ with #딘딘&#10;…자세히
2026-03-09 20:56:09,829 [INFO]   [44] 좋아요:7,302 댓글:69 저장:469 공유:23 날짜: | 파트 16 | 온 세상이 하얗게❄️ with #선미&#10;…자세히
2026-03-09 20:56:16,553 [INFO]   [45] 좋아요:10,700 댓글:77 저장:773 공유:114 날짜: | 파트 15 | 온 세상이 하얗게❄️ with #예인&#10;…자세히
2026-03-09 20:56:21,775 [INFO]   → 저장: 45개 게시물 (기존 3개)
2026-03-09 20:56:24,777 [INFO] 
============================================================
2026-03-09 20:56:24,778 [INFO] [11/49] 드림캐쳐 (Dreamcatcher)
2026-03-09 20:56:24,779 [INFO] ============================================================
2026-03-09 20:56:33,371 [INFO]   프로필: Dreamcatcher(드림캐쳐) | 팔로워 1,500,000 | 좋아요 30,800,000
2026-03-09 20:56:33,373 [INFO]   그리드 비디오: 6개 (조회수: [40400, 29000, 40600])
2026-03-09 20:56:47,462 [INFO]   [1] 좋아요:1,204 댓글:33 저장:101 공유:179 날짜: | [&#128249;] 나나가 되는 그 날까지...To be Nana co
2026-03-09 20:56:54,368 [INFO]   [2] 좋아요:1,814 댓글:30 저장:97 공유:20 날짜: | [&#127916;] 【&#119823;&#119845;&#119834;
2026-03-09 20:57:01,068 [INFO]   [3] 좋아요:2,221 댓글:38 저장:128 공유:131 날짜: | [&#127916;] 【&#119823;&#119845;&#119834;
2026-03-09 20:57:07,746 [INFO]   [4] 좋아요:2,622 댓글:78 저장:152 공유:60 날짜: | [&#127916;] [Special Clip] 유아유(UAU) '첫 눈
2026-03-09 20:57:14,410 [INFO]   [5] 좋아요:3,149 댓글:49 저장:195 공유:165 날짜: | [&#128249;] 동글동글♪☃️&#10;…자세히
2026-03-09 20:57:21,021 [INFO]   [6] 좋아요:2,555 댓글:56 저장:142 공유:121 날짜:[&#128249;] #UAU 2025 The 1st FanCon [Playlist #You Are You] in Macau…자세히 | [&#128249;] #UAU 2025 The 1st FanCon [Pl
2026-03-09 20:57:27,650 [INFO]   [7] 좋아요:3,039 댓글:43 저장:212 공유:125 날짜: | [&#127916;] 【&#119823;&#119845;&#119834;
2026-03-09 20:57:34,226 [INFO]   [8] 좋아요:1,745 댓글:19 저장:85 공유:12 날짜: | [&#127916;] 【&#119823;&#119845;&#119834;
2026-03-09 20:57:40,825 [INFO]   [9] 좋아요:9,440 댓글:113 저장:527 공유:169 날짜: | [&#128249;] 골반통신&#128225;&#10;…자세히
2026-03-09 20:57:47,429 [INFO]   [10] 좋아요:2,372 댓글:32 저장:130 공유:34 날짜: | [&#127916;] 【&#119823;&#119845;&#119834;
2026-03-09 20:57:54,104 [INFO]   [11] 좋아요:2,669 댓글:41 저장:162 공유:113 날짜: | [&#127916;] 【&#119823;&#119845;&#119834;
2026-03-09 20:58:00,769 [INFO]   [12] 좋아요:6,695 댓글:110 저장:330 공유:54 날짜:[&#128249;] #UAU 2025 The 1st FanCon [#Playlist #You_Are_You] in Los Angeles…자세히 | [&#128249;] #UAU 2025 The 1st FanCon [#P
2026-03-09 20:58:07,428 [INFO]   [13] 좋아요:5,465 댓글:50 저장:322 공유:81 날짜:[&#128249;] #UAU 2025 The 1st FanCon [#Playlist #You_Are_You] in San Francisco…자세히 | [&#128249;] #UAU 2025 The 1st FanCon [#P
2026-03-09 20:58:14,169 [INFO]   [14] 좋아요:3,019 댓글:51 저장:186 공유:58 날짜:[&#128249;] #UAU 2025 The 1st FanCon [#Playlist #You_Are_You] in Bayamon…자세히 | [&#128249;] #UAU 2025 The 1st FanCon [#P
2026-03-09 20:58:20,890 [INFO]   [15] 좋아요:1,855 댓글:26 저장:90 공유:15 날짜: | [&#127916;] 【&#119823;&#119845;&#119834;
2026-03-09 20:58:27,590 [INFO]   [16] 좋아요:5,246 댓글:51 저장:232 공유:107 날짜:[&#128249;] #UAU 2025 The 1st FanCon [#Playlist #You_Are_You] in Santiago…자세히 | [&#128249;] #UAU 2025 The 1st FanCon [#P
2026-03-09 20:58:34,126 [INFO]   [17] 좋아요:5,743 댓글:109 저장:256 공유:136 날짜:[&#128249;] #UAU 2025 The 1st FanCon [#Playlist #You_Are_You] in Sao Paulo…자세히 | [&#128249;] #UAU 2025 The 1st FanCon [#P
2026-03-09 20:58:40,649 [INFO]   [18] 좋아요:4,474 댓글:61 저장:170 공유:49 날짜:[&#128249;] UAU 2025 The 1st FanCon [Playlist # You Are You] in Buenos Aires …자세히 | [&#128249;] UAU 2025 The 1st FanCon [Pla
2026-03-09 20:58:47,388 [INFO]   [19] 좋아요:4,036 댓글:39 저장:154 공유:62 날짜:[&#128249;] UAU 2025 The 1st FanCon [Playlist #You Are You] in Lima …자세히 | [&#128249;] UAU 2025 The 1st FanCon [Pla
2026-03-09 20:58:54,069 [INFO]   [20] 좋아요:3,664 댓글:51 저장:235 공유:60 날짜:[&#128249;] UAU 2025 The 1st FanCon [Playlist #You Are You] in Mexico City…자세히 | [&#128249;] UAU 2025 The 1st FanCon [Pla
2026-03-09 20:59:00,729 [INFO]   [21] 좋아요:3,876 댓글:46 저장:255 공유:53 날짜:[&#128249;] UAU 2025 The 1st FanCon [Playlist #You Are You] in Houston…자세히 | [&#128249;] UAU 2025 The 1st FanCon [Pla
2026-03-09 20:59:07,425 [INFO]   [22] 좋아요:1,545 댓글:20 저장:95 공유:11 날짜: | [&#127916;] 【&#119823;&#119845;&#119834;
2026-03-09 20:59:14,028 [INFO]   [23] 좋아요:13,200 댓글:109 저장:754 공유:269 날짜: | [&#128249;] 배달왔습니다 띵동~&#128276;&#10;…자세히
2026-03-09 20:59:20,531 [INFO]   [24] 좋아요:2,740 댓글:25 저장:162 공유:40 날짜:[&#128249;] UAU 2025 The 1st FanCon [Playlist #You Are You] in Dallas…자세히 | [&#128249;] UAU 2025 The 1st FanCon [Pla
2026-03-09 20:59:27,192 [INFO]   [25] 좋아요:3,607 댓글:41 저장:188 공유:37 날짜:[&#128249;] UAU 2025 The 1st FanCon [Playlist #You Are You] in Atlanta…자세히 | [&#128249;] UAU 2025 The 1st FanCon [Pla
2026-03-09 20:59:33,863 [INFO]   [26] 좋아요:3,175 댓글:32 저장:180 공유:52 날짜:[&#128249;] UAU 2025 The 1st FanCon [Playlist #You Are You] in Chicago…자세히 | [&#128249;] UAU 2025 The 1st FanCon [Pla
2026-03-09 20:59:40,410 [INFO]   [27] 좋아요:1,885 댓글:18 저장:114 공유:15 날짜:[&#127916;] 【&#119823;&#119845;&#119834;&#119858; #05】 You Are You ˚⋆ °₊&#127926; | '2 Months', 'Attitude' 활동 비하인드 3편…자세히 | [&#127916;] 【&#119823;&#119845;&#119834;
2026-03-09 20:59:47,126 [INFO]   [28] 좋아요:4,470 댓글:53 저장:277 공유:81 날짜:[&#128249;] UAU 2025 The 1st FanCon [Playlist #You Are You] in Toronto…자세히 | [&#128249;] UAU 2025 The 1st FanCon [Pla
2026-03-09 20:59:53,866 [INFO]   [29] 좋아요:4,039 댓글:54 저장:183 공유:46 날짜:[&#128249;] UAU 2025 The 1st FanCon [Playlist #You Are You] in New York…자세히 | [&#128249;] UAU 2025 The 1st FanCon [Pla
2026-03-09 21:00:00,521 [INFO]   [30] 좋아요:1,819 댓글:30 저장:130 공유:12 날짜:[&#127916;] 【&#119823;&#119845;&#119834;&#119858; #04】 You Are You ˚⋆ °₊&#127926; | '2 Months' 활동 비하인드 2편…자세히 | [&#127916;] 【&#119823;&#119845;&#119834;
2026-03-09 21:00:07,190 [INFO]   [31] 좋아요:2,479 댓글:25 저장:179 공유:25 날짜:[&#127916;] 【&#119823;&#119845;&#119834;&#119858; #03】 You Are You ˚⋆ °₊&#127926; | '2 Months' 활동 비하인드 1편…자세히 | [&#127916;] 【&#119823;&#119845;&#119834;
2026-03-09 21:00:13,828 [INFO]   [32] 좋아요:8,772 댓글:183 저장:626 공유:303 날짜: | [&#128249;] 얘들아 집중‼️ 지유가 할 말이 있대&#10;…자세
2026-03-09 21:00:20,545 [INFO]   [33] 좋아요:2,267 댓글:32 저장:158 공유:21 날짜: | [&#127916;] 【&#119823;&#119845;&#119834;
2026-03-09 21:00:27,225 [INFO]   [34] 좋아요:2,039 댓글:23 저장:121 공유:17 날짜: | [&#127916;] 유아유(UAU) [역시 넌 핑크 공주였어&#1278
2026-03-09 21:00:34,129 [INFO]   [35] 좋아요:1,911 댓글:25 저장:108 공유:7 날짜: | [&#127916;] 【&#119823;&#119845;&#119834;
2026-03-09 21:00:40,813 [INFO]   [36] 좋아요:43,500 댓글:314 저장:3,096 공유:1,882 날짜: | [&#128249;] Barbie Girls&#127872;✨&#10;…
2026-03-09 21:00:47,481 [INFO]   [37] 좋아요:2,322 댓글:21 저장:145 공유:22 날짜: | [&#127916;] 유아유(UAU) [Playlist #You Are 
2026-03-09 21:00:53,984 [INFO]   [38] 좋아요:6,880 댓글:79 저장:422 공유:152 날짜: | [&#128249;] swipe&#128257;&#10;…자세히
2026-03-09 21:01:00,485 [INFO]   [39] 좋아요:10,200 댓글:57 저장:677 공유:134 날짜: | [&#128249;] So don’t cry baby good luck&
2026-03-09 21:01:13,880 [INFO]   연속 중복 2회 — 피드 끝
2026-03-09 21:01:17,093 [INFO]   → 저장: 39개 게시물 (기존 0개)
2026-03-09 21:01:20,095 [INFO] 
============================================================
2026-03-09 21:01:20,097 [INFO] [12/49] 우아 (WOOAH)
2026-03-09 21:01:20,098 [INFO] ============================================================
2026-03-09 21:01:28,665 [INFO]   프로필: WOOAH 우아 | 팔로워 2,500,000 | 좋아요 44,200,000
2026-03-09 21:01:28,667 [INFO]   그리드 비디오: 6개 (조회수: [7660, 48300, 126500])
2026-03-09 21:01:42,660 [INFO]   [1] 좋아요:1,551 댓글:53 저장:93 공유:26 날짜:2026-03-09 | 행토의 행복한 생일날&#128048;☘️&#10;…자세히
2026-03-09 21:01:49,388 [INFO]   [2] 좋아요:8,205 댓글:104 저장:652 공유:143 날짜:2026-03-09 | WOOAH NANA 'Party 4 u' Performance Video
2026-03-09 21:01:56,026 [INFO]   [3] 좋아요:14,500 댓글:132 저장:1,135 공유:325 날짜: | 어쩜 이렇게 &#128048;&#128151;&#10;…자세히
2026-03-09 21:02:02,727 [INFO]   [4] 좋아요:2,763 댓글:82 저장:250 공유:49 날짜: | 하루 전 어느 특별했던 하루로부터 &#128140;&#10;…자세히
2026-03-09 21:02:09,285 [INFO]   [5] 좋아요:9,137 댓글:119 저장:674 공유:153 날짜: | 아웅다웅 &#128054; &#10;…자세히
2026-03-09 21:02:15,930 [INFO]   [6] 좋아요:10,100 댓글:237 저장:875 공유:224 날짜: | &#127918;..&#128154;&#10;…자세히
2026-03-09 21:02:22,503 [INFO]   [7] 좋아요:12,500 댓글:187 저장:1,186 공유:247 날짜: | I'm talkin' &#10;…자세히
2026-03-09 21:02:29,172 [INFO]   [8] 좋아요:3,818 댓글:75 저장:307 공유:69 날짜: | ⏰ &#10;…자세히
2026-03-09 21:02:35,865 [INFO]   [9] 좋아요:4,750 댓글:87 저장:357 공유:81 날짜: | ❣️&#127873;&#10;…자세히
2026-03-09 21:02:42,580 [INFO]   [10] 좋아요:14,400 댓글:273 저장:894 공유:161 날짜: | 까꿍 &#128584;&#10;…자세히
2026-03-09 21:02:49,326 [INFO]   [11] 좋아요:4,229 댓글:78 저장:305 공유:64 날짜: | 주토피아 &#128151;&#10;…자세히
2026-03-09 21:02:56,002 [INFO]   [12] 좋아요:2,482 댓글:56 저장:196 공유:28 날짜: | 우아 마니또 해또 ❣️ (2)&#10;…자세히
2026-03-09 21:03:02,687 [INFO]   [13] 좋아요:1,839 댓글:57 저장:136 공유:37 날짜: | 우아 마니또 해또 ❣️ (1)&#10;…자세히
2026-03-09 21:03:09,385 [INFO]   [14] 좋아요:6,287 댓글:141 저장:544 공유:112 날짜: | &#127846;&#127846;&#10;…자세히
2026-03-09 21:03:16,085 [INFO]   [15] 좋아요:16,400 댓글:208 저장:1,156 공유:274 날짜: | &#128152;&#10;…자세히
2026-03-09 21:03:22,685 [INFO]   [16] 좋아요:17,200 댓글:337 저장:1,611 공유:339 날짜: | ≽^-⩊-^≼&#128154;&#10;…자세히
2026-03-09 21:03:29,363 [INFO]   [17] 좋아요:21,300 댓글:195 저장:2,037 공유:653 날짜: | ocean eyez &#128048;&#10;…자세히
2026-03-09 21:03:36,064 [INFO]   [18] 좋아요:7,364 댓글:113 저장:501 공유:91 날짜:2026-03-09 | 2026 S/S Seoul Fashion Week Behind✨&#127
2026-03-09 21:03:42,785 [INFO]   [19] 좋아요:32,800 댓글:407 저장:2,675 공유:635 날짜: | &#129305;&#10;…자세히
2026-03-09 21:03:49,525 [INFO]   [20] 좋아요:18,400 댓글:359 저장:1,249 공유:308 날짜: | grrr&#10;…자세히
2026-03-09 21:03:56,222 [INFO]   [21] 좋아요:93,000 댓글:705 저장:4,915 공유:1,274 날짜: | 하지마✨&#10;…자세히
2026-03-09 21:04:02,860 [INFO]   [22] 좋아요:34,100 댓글:1,039 저장:2,232 공유:400 날짜: | &#128155;HAPPY SORA DAY&#128155;&#10;…자세
2026-03-09 21:04:09,568 [INFO]   [23] 좋아요:16,000 댓글:415 저장:995 공유:197 날짜: | &#127993;₊˚⊹ ࿔ 　&#10;…자세히
2026-03-09 21:04:16,301 [INFO]   [24] 좋아요:10,700 댓글:225 저장:863 공유:195 날짜: | &#128571;&#10;…자세히
2026-03-09 21:04:23,044 [INFO]   [25] 좋아요:19,500 댓글:494 저장:1,969 공유:591 날짜: | &#128154;HAPPY MINSEO DAY&#128154;&#10;…
2026-03-09 21:04:29,771 [INFO]   [26] 좋아요:10,300 댓글:215 저장:870 공유:196 날짜: | •⩊•&#10;…자세히
2026-03-09 21:04:36,421 [INFO]   [27] 좋아요:44,400 댓글:537 저장:4,190 공유:1,029 날짜: | &#127793;&#127793;&#127793;&#10;…자세히
2026-03-09 21:04:43,105 [INFO]   [28] 좋아요:7,888 댓글:153 저장:646 공유:179 날짜: | &#129293;&#128154;✨&#10;…자세히
2026-03-09 21:04:49,866 [INFO]   [29] 좋아요:76,700 댓글:963 저장:4,856 공유:1,171 날짜: | Ⓢⓞⓓⓐ Ⓟⓞⓟ&#129380;&#129767;&#10;…자세히
2026-03-09 21:04:56,464 [INFO]   [30] 좋아요:42,200 댓글:383 저장:3,588 공유:990 날짜: | ‼⭐&#10;…자세히
2026-03-09 21:05:03,182 [INFO]   [31] 좋아요:9,813 댓글:270 저장:805 공유:217 날짜: | Welcome to WOOAH' birthday party!&#12788
2026-03-09 21:05:09,902 [INFO]   [32] 좋아요:15,500 댓글:233 저장:1,392 공유:351 날짜: | ka ka ka kawaii✲*｡♡ &#10;…자세히
2026-03-09 21:05:16,643 [INFO]   [33] 좋아요:150,600 댓글:1,797 저장:10,000 공유:8,245 날짜: | &#129653;&#128420; #WOOAH #우아 #NANA #나나
2026-03-09 21:05:23,385 [INFO]   [34] 좋아요:21,600 댓글:1,326 저장:1,764 공유:614 날짜: | LUCY Birthday&#129655;&#127872;&#10;…자세히
2026-03-09 21:05:30,047 [INFO]   [35] 좋아요:38,500 댓글:671 저장:3,457 공유:807 날짜: | NANA's Birthday&#128153;&#10;…자세히
2026-03-09 21:05:36,736 [INFO]   [36] 좋아요:9,176 댓글:139 저장:876 공유:217 날짜: | &#128105;‍&#127859;&#127850; #WOOAH #우아 
2026-03-09 21:05:43,380 [INFO]   [37] 좋아요:9,375 댓글:153 저장:898 공유:176 날짜: | ✨✨ &#10;#WOOAH #우아 …자세히
2026-03-09 21:05:50,041 [INFO]   [38] 좋아요:11,000 댓글:163 저장:822 공유:216 날짜: | 폭주강쥐 + 폭주람쥐 = &#127878;&#10;…자세히
2026-03-09 21:05:56,766 [INFO]   [39] 좋아요:61,800 댓글:608 저장:5,288 공유:1,142 날짜: | I think I'm gonna&#128147;&#10;#WOOAH #우
2026-03-09 21:06:03,505 [INFO]   [40] 좋아요:16,700 댓글:413 저장:1,661 공유:407 날짜: | It's YON Birthday&#128159; &#10;#WOOAH #
2026-03-09 21:06:10,282 [INFO]   [41] 좋아요:11,500 댓글:210 저장:1,079 공유:236 날짜: | POSE⚡️ #WOOAH #우아
2026-03-09 21:06:16,966 [INFO]   [42] 좋아요:20,800 댓글:285 저장:2,069 공유:553 날짜:PUSH 2 START - Tyla | &#127878;&#10;…자세히
2026-03-09 21:06:23,645 [INFO]   [43] 좋아요:18,100 댓글:236 저장:1,800 공유:400 날짜: | 나우즈가 내려와요❄️&#129293;&#10;#WOOAH #우아 #NAN
2026-03-09 21:06:30,124 [INFO]   [44] 좋아요:7,076 댓글:130 저장:627 공유:158 날짜: | 우연 (해피한 우연)&#10;#WOOAH #우아 #WOOYEON #우연
2026-03-09 21:06:36,805 [INFO]   [45] 좋아요:6,188 댓글:144 저장:615 공유:166 날짜: | &#128536;&#128536;&#10;#WOOAH #우아 #NANA 
2026-03-09 21:06:41,998 [INFO]   → 저장: 45개 게시물 (기존 2개)
2026-03-09 21:06:45,000 [INFO] 
============================================================
2026-03-09 21:06:45,002 [INFO] [13/49] 비비지 (VIVIZ)
2026-03-09 21:06:45,003 [INFO] ============================================================
2026-03-09 21:06:53,519 [INFO]   프로필: VIVIZ | 팔로워 1,700,000 | 좋아요 79,000,000
2026-03-09 21:06:53,521 [INFO]   그리드 비디오: 6개 (조회수: [54600, 6662, 10300])
2026-03-09 21:07:22,701 [INFO]   [1] 좋아요:1,314 댓글:19 저장:74 공유:9 날짜:2026-03-06 | 목청 좋은 비비지 #VIVIZ #비비지 #EUNHA #은하 #SINB #
2026-03-09 21:07:29,345 [INFO]   [2] 좋아요:2,020 댓글:25 저장:124 공유:22 날짜:2026-03-06 | 히히 재밌다 #VIVIZ #비비지 #EUNHA #은하 #SINB #신비 
2026-03-09 21:07:36,002 [INFO]   [3] 좋아요:8,217 댓글:53 저장:388 공유:78 날짜: | 캔 위 햅 썸.. 레드 페펄... #VIVIZ #비비지 #EUNHA #은
2026-03-09 21:07:42,603 [INFO]   [4] 좋아요:1,755 댓글:27 저장:118 공유:34 날짜: | 호주 왔는데 이거 안 먹는다고? #VIVIZ #비비지 #EUNHA #은하
2026-03-09 21:07:49,283 [INFO]   [5] 좋아요:1,731 댓글:23 저장:107 공유:13 날짜: | 잔든비 잔든비2 잔든지 #VIVIZ #비비지 #EUNHA #은하 #SIN
2026-03-09 21:07:55,905 [INFO]   [6] 좋아요:2,684 댓글:40 저장:151 공유:30 날짜: | 
2026-03-09 21:08:02,582 [INFO]   [7] 좋아요:7,167 댓글:44 저장:429 공유:101 날짜: | 비비지 ASMR NG컷 #VIVIZ #비비지 #EUNHA #은하 #SIN
2026-03-09 21:08:09,261 [INFO]   [8] 좋아요:31,500 댓글:204 저장:1,517 공유:469 날짜: | 아웅다웅&#128158; #VIVIZ #비비지 #EUNHA #은하 #SI
2026-03-09 21:08:15,901 [INFO]   [9] 좋아요:3,413 댓글:48 저장:175 공유:32 날짜: | 사실 너도 똑같더라고 #VIVIZ #비비지 #EUNHA #은하 #SINB
2026-03-09 21:08:22,584 [INFO]   [10] 좋아요:2,298 댓글:26 저장:138 공유:20 날짜: | 4쥑Sir~❣️#VIVIZ #비비지 #EUNHA #은하 #SINB #신비
2026-03-09 21:08:29,242 [INFO]   [11] 좋아요:2,347 댓글:38 저장:127 공유:19 날짜: | 멜라토닌 먹고 꾸는 꿈 #VIVIZ #비비지 #EUNHA #은하 #SIN
2026-03-09 21:08:35,941 [INFO]   [12] 좋아요:28,800 댓글:225 저장:1,189 공유:494 날짜: | 삐지가 집을 짓는데&#127968; #VIVIZ #비비지 #EUNHA #
2026-03-09 21:08:42,585 [INFO]   [13] 좋아요:2,810 댓글:41 저장:138 공유:21 날짜: | VIVIZ WORLD TOUR 'NEW LEGACY' LOG EP.08 
2026-03-09 21:08:49,242 [INFO]   [14] 좋아요:121,400 댓글:505 저장:5,104 공유:1,633 날짜: | &#120391;&#120394;&#120401;&#120384; &#1
2026-03-09 21:08:55,944 [INFO]   [15] 좋아요:2,154 댓글:24 저장:124 공유:19 날짜: | VIVIZ WORLD TOUR 'NEW LEGACY' LOG EP.07 
2026-03-09 21:09:02,742 [INFO]   [16] 좋아요:2,374 댓글:34 저장:148 공유:23 날짜: | 맛난 거 다 사 주고 싶다&#10;…자세히
2026-03-09 21:09:09,402 [INFO]   [17] 좋아요:2,488 댓글:28 저장:150 공유:24 날짜: | 여자라면 고양이&#10;…자세히
2026-03-09 21:09:16,060 [INFO]   [18] 좋아요:1,820 댓글:29 저장:96 공유:24 날짜: | 목포 가서 백반기행 찍어옴&#10;…자세히
2026-03-09 21:09:22,725 [INFO]   [19] 좋아요:13,900 댓글:120 저장:641 공유:210 날짜: | &#129394; ➡️ &#128521; #VIVIZ #비비지 #EUNH
2026-03-09 21:09:29,425 [INFO]   [20] 좋아요:20,900 댓글:248 저장:1,051 공유:399 날짜: | Stop, Wait a minute&#129306; #VIVIZ #비비지
2026-03-09 21:09:36,142 [INFO]   [21] 좋아요:4,150 댓글:68 저장:200 공유:38 날짜:VIVIZ 2026 SEASON'S GREETINGS [VIVID GIRLS] BEHIND THE SCENES Highlight…자세히 | VIVIZ 2026 SEASON'S GREETINGS [VIVID GIR
2026-03-09 21:09:42,761 [INFO]   [22] 좋아요:3,787 댓글:58 저장:210 공유:37 날짜: | VIVIZ 2025 Year-End Talk | 어김없이 돌아온 2025
2026-03-09 21:09:49,484 [INFO]   [23] 좋아요:34,700 댓글:228 저장:2,120 공유:614 날짜: | ok, love u (  'ᴗ'  )♡.°⑅ #VIVIZ #비비지 #은하
2026-03-09 21:09:56,143 [INFO]   [24] 좋아요:22,000 댓글:147 저장:1,151 공유:495 날짜: | 삦토피아 &#128048;&#129418;&#128008;‍⬛  #VIV
2026-03-09 21:10:02,863 [INFO]   [25] 좋아요:16,200 댓글:166 저장:938 공유:284 날짜: | Merry Christmas&#127876;  #VIVIZ #비비지 #E
2026-03-09 21:10:09,523 [INFO]   [26] 좋아요:16,900 댓글:166 저장:977 공유:386 날짜: | VIVIZ (비비지) 'Like It's Christmas (Jonas 
2026-03-09 21:10:16,201 [INFO]   [27] 좋아요:2,893 댓글:24 저장:152 공유:24 날짜: | 사은품 받으려고 케이크 샀음&#10;…자세히
2026-03-09 21:10:38,304 [INFO]   [28] 좋아요:2,761 댓글:18 저장:156 공유:26 날짜: | 카네이션의 시대는 끝났다&#10;…자세히
2026-03-09 21:10:44,997 [INFO]   [29] 좋아요:2,661 댓글:26 저장:149 공유:20 날짜: | 츄르향 첨가&#10;…자세히
2026-03-09 21:10:51,602 [INFO]   [30] 좋아요:2,047 댓글:18 저장:107 공유:19 날짜: | 울어도 선물 줍니다&#10;…자세히
2026-03-09 21:10:58,297 [INFO]   [31] 좋아요:12,400 댓글:192 저장:821 공유:217 날짜: | 릴스 보다가 내가 떴지요?&#127808;  #VIVIZ #비비지 #EU
2026-03-09 21:11:04,982 [INFO]   [32] 좋아요:23,800 댓글:310 저장:944 공유:312 날짜: | ₍₍⚞(˶˃ ꒳ ˂˶)⚟⁾⁾ #VIVIZ #비비지 #EUNHA #은하 #
2026-03-09 21:11:11,619 [INFO]   [33] 좋아요:27,700 댓글:251 저장:1,054 공유:517 날짜: | 힙합보단 사랑, 사랑보단 나비  #VIVIZ #비비지 #EUNHA #은하
2026-03-09 21:11:18,242 [INFO]   [34] 좋아요:3,743 댓글:41 저장:212 공유:31 날짜:VIVIZ WORLD TOUR 'NEW LEGACY' LOG EP.06 | North America Tour #2 Highligh…자세히 | VIVIZ WORLD TOUR 'NEW LEGACY' LOG EP.06 
2026-03-09 21:11:24,901 [INFO]   [35] 좋아요:18,700 댓글:221 저장:993 공유:451 날짜: | 삐지야 Gee해줘&#127925;  #VIVIZ #비비지 #EUNHA #
2026-03-09 21:11:31,579 [INFO]   [36] 좋아요:82,300 댓글:574 저장:3,476 공유:1,199 날짜: | 나비도 같이 우우우웅&#128156; #VIVIZ #비비지 #EUNHA 
2026-03-09 21:11:38,263 [INFO]   [37] 좋아요:5,240 댓글:40 저장:237 공유:40 날짜: | VIVIZ WORLD TOUR 'NEW LEGACY' LOG EP.05 
2026-03-09 21:11:44,943 [INFO]   [38] 좋아요:111,500 댓글:655 저장:4,312 공유:1,738 날짜: | Freeeze&#128420; #VIVIZ #비비지 #신비 #엄지
2026-03-09 21:11:51,663 [INFO]   [39] 좋아요:6,274 댓글:51 저장:274 공유:34 날짜: | VIVIZ WORLD TOUR 'NEW LEGACY' LOG EP.04 
2026-03-09 21:11:58,384 [INFO]   [40] 좋아요:5,720 댓글:93 저장:303 공유:75 날짜:VIVIZ 2026 SEASON'S GREETINGS [VIVID GIRLS] Teaser…자세히 | VIVIZ 2026 SEASON'S GREETINGS [VIVID GIR
2026-03-09 21:12:05,082 [INFO]   [41] 좋아요:7,532 댓글:37 저장:337 공유:30 날짜: | VIVIZ WORLD TOUR 'NEW LEGACY' LOG EP.03 
2026-03-09 21:12:11,762 [INFO]   [42] 좋아요:9,203 댓글:52 저장:464 공유:60 날짜: | VIVIZ WORLD TOUR 'NEW LEGACY' LOG EP.02 
2026-03-09 21:12:18,461 [INFO]   [43] 좋아요:6,640 댓글:91 저장:348 공유:91 날짜: | 
2026-03-09 21:12:23,676 [INFO]   → 저장: 43개 게시물 (기존 2개)
2026-03-09 21:12:26,678 [INFO] 
============================================================
2026-03-09 21:12:26,680 [INFO] [14/49] 빌리 (Billlie)
2026-03-09 21:12:26,681 [INFO] ============================================================
2026-03-09 21:12:35,278 [INFO]   프로필: Billlie Official | 팔로워 1,800,000 | 좋아요 53,300,000
2026-03-09 21:12:35,280 [INFO]   그리드 비디오: 6개 (조회수: [21100, 27600, 9942])
2026-03-09 21:13:05,042 [INFO]   [1] 좋아요:2,103 댓글:26 저장:181 공유:34 날짜: | 파트 27 | 'cloud palace' &#119809;efore su
2026-03-09 21:13:11,739 [INFO]   [2] 좋아요:1,559 댓글:23 저장:100 공유:37 날짜:2026-03-08 | 진짜 누군지 보여줄게&#128162; #HARAM #SUHYEON #Bi
2026-03-09 21:13:18,386 [INFO]   [3] 좋아요:14,100 댓글:68 저장:635 공유:202 날짜:2026-03-08 | &#120094;&#120095;&#120111;&#120094;&#12
2026-03-09 21:13:25,003 [INFO]   [4] 좋아요:13,800 댓글:117 저장:725 공유:264 날짜:2026-03-08 | &#120826;&#120822;&#120826; &#120445;&#1
2026-03-09 21:13:31,760 [INFO]   [5] 좋아요:13,800 댓글:105 저장:892 공유:318 날짜:2026-03-05 | you’re &#128073; SO rude &#128162;&#1285
2026-03-09 21:13:38,438 [INFO]   [6] 좋아요:5,598 댓글:64 저장:406 공유:123 날짜:2026-03-04 | 나.. 미워...? (ᐡ•͈ ·̭ •͈ᐡ) #SIYOON #시윤 #Bil
2026-03-09 21:13:45,181 [INFO]   [7] 좋아요:3,055 댓글:44 저장:210 공유:60 날짜: | 샤인머스캣&#128154;（っ⸝⸝&gt;⤚&lt;⸝⸝) #SUHYEON 
2026-03-09 21:13:51,899 [INFO]   [8] 좋아요:3,307 댓글:47 저장:228 공유:75 날짜: | 드근드근드시 #HARAM #SIYOON #Billlie #빌리
2026-03-09 21:13:58,538 [INFO]   [9] 좋아요:15,100 댓글:104 저장:794 공유:203 날짜: | がんばって&#128077; #HARUNA #TSUKI #Billlie #
2026-03-09 21:14:05,236 [INFO]   [10] 좋아요:2,698 댓글:47 저장:189 공유:33 날짜: | 안녕 수현아&#127826; #SUHYEON #수현 #Billlie #빌
2026-03-09 21:14:11,879 [INFO]   [11] 좋아요:3,453 댓글:87 저장:232 공유:61 날짜: | 루나를 꼬집어 볼까?&#128034;&#128008;‍⬛ #HARUNA 
2026-03-09 21:14:18,577 [INFO]   [12] 좋아요:4,159 댓글:115 저장:227 공유:116 날짜: | #xikers #준민 님을 꼬집어봥〰️☁️ #HARUNA #Billlie
2026-03-09 21:14:25,241 [INFO]   [13] 좋아요:1,547 댓글:12 저장:92 공유:17 날짜: | #LUCY #조원상 선배님을 꼬집어봥〰️☁️ #HARAM #SIYOON 
2026-03-09 21:14:31,817 [INFO]   [14] 좋아요:2,035 댓글:47 저장:126 공유:23 날짜: | #SONTAEJIN #손태진 선배님을 꼬집어봥〰️☁️ #SIYOON #T
2026-03-09 21:14:38,478 [INFO]   [15] 좋아요:1,082 댓글:14 저장:69 공유:25 날짜: | 저항 없이 웃게 되는 시윤의 리액션 #SIYOON #시윤 #Billlie
2026-03-09 21:14:45,118 [INFO]   [16] 좋아요:1,409 댓글:21 저장:97 공유:22 날짜: | 생각보다 너무 잘 뛰는 거북이 루나 #HARUNA #하루나 #Billli
2026-03-09 21:14:51,841 [INFO]   [17] 좋아요:941 댓글:9 저장:61 공유:13 날짜: | 극한 공포의 순간 친구를 위해 희생하는 츠키 #TSUKI #츠키 #Bil
2026-03-09 21:14:58,540 [INFO]   [18] 좋아요:6,641 댓글:81 저장:390 공유:97 날짜: | 우린 도적들! 탈탈탈 털어버리쥬&#128540; #HARUNA #MOON
2026-03-09 21:15:05,200 [INFO]   [19] 좋아요:941 댓글:19 저장:64 공유:19 날짜: | 뽀뽀하면 찬스 주는 건가? 쪽 ε♥з #HARUNA #SIYOON #Bi
2026-03-09 21:15:11,872 [INFO]   [20] 좋아요:937 댓글:17 저장:59 공유:14 날짜: | 베짱이를 의인화하면 김하람일 듯 #HARAM #하람#Billlie #빌리
2026-03-09 21:15:18,537 [INFO]   [21] 좋아요:1,145 댓글:18 저장:72 공유:19 날짜: | 마라톤 풀코스 경력자 츠키의 경찰과 도둑 #TSUKI #츠키#Billli
2026-03-09 21:15:25,181 [INFO]   [22] 좋아요:2,370 댓글:36 저장:173 공유:55 날짜: | 포졸즈 아웅다웅 &#129308;- ̗̀✨ ̖́-&#129307; #HA
2026-03-09 21:15:31,881 [INFO]   [23] 좋아요:748 댓글:11 저장:53 공유:13 날짜: | Billlieㅣ2026 설 특집 빌리 추격전 〈포졸과 도적〉 예고편 #B
2026-03-09 21:15:38,621 [INFO]   [24] 좋아요:2,731 댓글:52 저장:169 공유:50 날짜: | my BIRTHDAY, ayy ˗ˏˋ꒰&#127874;꒱ˎˊ˗ #SIYO
2026-03-09 21:15:45,160 [INFO]   [25] 좋아요:3,398 댓글:96 저장:230 공유:52 날짜: | &#119920;'&#119950; &#119957;&#119960;&#
2026-03-09 21:15:51,840 [INFO]   [26] 좋아요:6,103 댓글:71 저장:316 공유:88 날짜: | 빌리브~ 새해 복 많이 받으세요 ꙳⸌&#128156;⸍꙳ #Billlie
2026-03-09 21:15:58,480 [INFO]   [27] 좋아요:8,593 댓글:55 저장:421 공유:83 날짜: | ෆ̈➿MYSTIC Day➿ෆ̈ #Billlie #SONTAEJIN #손태
2026-03-09 21:16:05,136 [INFO]   [28] 좋아요:5,652 댓글:75 저장:323 공유:69 날짜: | 
2026-03-09 21:16:11,806 [INFO]   [29] 좋아요:5,140 댓글:51 저장:329 공유:147 날짜: | &#120343;&#120358;&#120358;&#120364;-&#1
2026-03-09 21:16:18,457 [INFO]   [30] 좋아요:20,300 댓글:154 저장:1,831 공유:486 날짜: | &#127295;&#127284;&#127302; #TSUKI #츠키 #
2026-03-09 21:16:25,164 [INFO]   [31] 좋아요:3,682 댓글:179 저장:302 공유:112 날짜: | That's me&#128521; #SIYOON #시윤 #Billlie 
2026-03-09 21:16:31,798 [INFO]   [32] 좋아요:5,182 댓글:40 저장:386 공유:79 날짜: | 고양이가 되어볼게 얍 ^･-･^੭ #SUHYEON #수현 #Billlie
2026-03-09 21:16:38,477 [INFO]   [33] 좋아요:1,349 댓글:29 저장:94 공유:24 날짜: | 2026 F/W Seoul Fashion Week #ADLIELOS #M
2026-03-09 21:16:45,157 [INFO]   [34] 좋아요:1,210 댓글:28 저장:100 공유:31 날짜: | 2026 F/W Seoul Fashion Week #DOUCAN #MOO
2026-03-09 21:16:51,901 [INFO]   [35] 좋아요:15,400 댓글:213 저장:1,054 공유:313 날짜: | &#120109;&#120098;&#120094;&#120096;&#12
2026-03-09 21:16:58,525 [INFO]   [36] 좋아요:2,194 댓글:34 저장:154 공유:38 날짜: | ouch&#128534; #HARAM #하람 #Billlie #빌리
2026-03-09 21:17:05,243 [INFO]   [37] 좋아요:36,000 댓글:133 저장:2,225 공유:580 날짜: | who's the real big guy&#128170; #TSUKI #
2026-03-09 21:17:11,900 [INFO]   [38] 좋아요:1,314 댓글:22 저장:99 공유:22 날짜: | 2026 F/W Seoul Fashion Week #KWAKHYUNJOO
2026-03-09 21:17:18,615 [INFO]   [39] 좋아요:3,833 댓글:64 저장:277 공유:93 날짜: | Okay okay&#128076; #SIYOON #시윤 #Billlie 
2026-03-09 21:17:25,285 [INFO]   [40] 좋아요:5,008 댓글:52 저장:322 공유:66 날짜: | hmmm #MOONSUA #SUHYEON #Billlie #빌리
2026-03-09 21:17:32,002 [INFO]   [41] 좋아요:20,900 댓글:93 저장:1,087 공유:205 날짜: | どっち？好きだよ…&#129782; #HARUNA #TSUKI #Billl
2026-03-09 21:17:38,777 [INFO]   [42] 좋아요:1,186 댓글:13 저장:76 공유:11 날짜: | Billlie pre-release single&#10;[cloud pa
2026-03-09 21:17:45,517 [INFO]   [43] 좋아요:897 댓글:10 저장:63 공유:13 날짜: | Billlie pre-release single&#10;[cloud pa
2026-03-09 21:17:52,199 [INFO]   [44] 좋아요:912 댓글:15 저장:61 공유:12 날짜: | Billlie pre-release single&#10;[cloud pa
2026-03-09 21:17:57,401 [INFO]   → 저장: 44개 게시물 (기존 0개)
2026-03-09 21:18:00,403 [INFO] 
============================================================
2026-03-09 21:18:00,405 [INFO] [15/49] 퍼플키스 (PURPLE KISS)
2026-03-09 21:18:00,406 [INFO] ============================================================
2026-03-09 21:18:08,991 [INFO]   프로필: purplekiss_official | 팔로워 563,900 | 좋아요 11,800,000
2026-03-09 21:18:08,993 [INFO]   그리드 비디오: 6개 (조회수: [98200, 56600, 81700])
2026-03-09 21:18:38,395 [INFO]   [1] 좋아요:4,581 댓글:124 저장:314 공유:42 날짜: | 노래가 너무 좋아요..&#129782;&#127995; #퍼플키스 #PU
2026-03-09 21:18:45,098 [INFO]   [2] 좋아요:7,229 댓글:167 저장:524 공유:78 날짜: | 난..! #퍼플키스 #PURPLE_KISS #GOEUN #SWAN
2026-03-09 21:18:51,736 [INFO]   [3] 좋아요:24,500 댓글:360 저장:1,942 공유:392 날짜: | &#129335;‍♀️&#128149; #퍼플키스 #PURPLE_KISS
2026-03-09 21:18:58,419 [INFO]   [4] 좋아요:7,774 댓글:108 저장:450 공유:107 날짜: | &#128049;#퍼플키스 #PURPLE_KISS #도시 #단발머리
2026-03-09 21:19:05,038 [INFO]   [5] 좋아요:7,141 댓글:125 저장:491 공유:104 날짜: | &#128064;✨ #퍼플키스 #PURPLE_KISS #수안 #SWAN
2026-03-09 21:19:11,737 [INFO]   [6] 좋아요:6,771 댓글:113 저장:507 공유:171 날짜: | &#128069; #퍼플키스 #PURPLE_KISS #고은 #GoEun
2026-03-09 21:19:18,431 [INFO]   [7] 좋아요:5,486 댓글:101 저장:358 공유:101 날짜: | &#129777;&#127995;&#128063;️&#129442;&#1
2026-03-09 21:19:25,135 [INFO]   [8] 좋아요:6,011 댓글:100 저장:321 공유:91 날짜: | Huh. #퍼플키스 #PURPLE_KISS #SWAN
2026-03-09 21:19:31,777 [INFO]   [9] 좋아요:1,764 댓글:48 저장:217 공유:87 날짜: | &#128039;Penguin,,,h,,&#128139; #퍼플키스 #P
2026-03-09 21:19:38,495 [INFO]   [10] 좋아요:3,563 댓글:82 저장:270 공유:106 날짜: | &#129418;&#128156;&#128048; #퍼플키스 #PURPL
2026-03-09 21:19:45,156 [INFO]   [11] 좋아요:5,620 댓글:54 저장:269 공유:77 날짜: | 짜잔^^ #퍼플키스 #PURPLE_KISS #GoEun #Dosie
2026-03-09 21:19:51,859 [INFO]   [12] 좋아요:2,837 댓글:71 저장:192 공유:55 날짜: | Just breath&#128168; #퍼플키스 #PURPLE_KISS 
2026-03-09 21:19:58,518 [INFO]   [13] 좋아요:100,800 댓글:578 저장:13,000 공유:3,442 날짜: | &#128420;Better than yours&#128420; #퍼플키
2026-03-09 21:20:05,195 [INFO]   [14] 좋아요:5,989 댓글:96 저장:422 공유:126 날짜: | &#128048;&#129365;&#128680; #퍼플키스 #PURPL
2026-03-09 21:20:11,897 [INFO]   [15] 좋아요:1,886 댓글:32 저장:128 공유:27 날짜: | MV BEHIND &#127878; #퍼플키스 #PURPLE_KISS #
2026-03-09 21:20:18,531 [INFO]   [16] 좋아요:1,911 댓글:41 저장:109 공유:28 날짜: | MV BEHIND &#127747; #퍼플키스 #PURPLE_KISS #
2026-03-09 21:20:25,076 [INFO]   [17] 좋아요:4,603 댓글:94 저장:325 공유:117 날짜: | IS IT &#128139;&#128293; #퍼플키스 #PURPLE_K
2026-03-09 21:20:31,797 [INFO]   [18] 좋아요:825 댓글:27 저장:66 공유:16 날짜: | Worst behavior&#127908; #퍼플키스 #PURPLE_KI
2026-03-09 21:20:38,459 [INFO]   [19] 좋아요:7,333 댓글:136 저장:474 공유:176 날짜: | 하지마앙~ #퍼플키스 #PURPLE_KISS #Dosie #SWAN #하
2026-03-09 21:20:45,133 [INFO]   [20] 좋아요:14,600 댓글:255 저장:1,023 공유:353 날짜: | Reh’s dance&#128538; Go!&#128032; #퍼플키스 
2026-03-09 21:20:51,819 [INFO]   [21] 좋아요:2,912 댓글:65 저장:213 공유:61 날짜: | 나.좀.귀엽나? #퍼플키스 #PURPLE_KISS #수안 #SWAN #T
2026-03-09 21:20:58,495 [INFO]   [22] 좋아요:8,029 댓글:231 저장:488 공유:227 날짜: | ♬⋆.˚ Amnesia ♬⋆.˚ #퍼플키스 #PURPLE_KISS #고은
2026-03-09 21:21:05,575 [INFO]   [23] 좋아요:3,567 댓글:119 저장:245 공유:57 날짜: | 그래서 저희의 합의 결과는… #퍼플키스 #PURPLE_KISS #고은 #
2026-03-09 21:21:12,276 [INFO]   [24] 좋아요:32,100 댓글:756 저장:1,994 공유:463 날짜: | 고+도+키 바라밤✨ #퍼플키스 #PURPLE_KISS #고은 #GoEun
2026-03-09 21:21:18,992 [INFO]   [25] 좋아요:7,921 댓글:105 저장:546 공유:139 날짜: | 꿍실꿍실&#128151; #퍼플키스 #PURPLE_KISS #고은 #Go
2026-03-09 21:21:25,710 [INFO]   [26] 좋아요:30,900 댓글:357 저장:2,653 공유:772 날짜: | 뽀로로들 #퍼플키스 #PURPLE_KISS #이레 #Ireh #채인 #C
2026-03-09 21:21:32,415 [INFO]   [27] 좋아요:8,122 댓글:105 저장:652 공유:83 날짜: | 태그 님과 함께 DOREMI Yes ⛓️ #퍼플키스 #PURPLE_KIS
2026-03-09 21:21:39,095 [INFO]   [28] 좋아요:8,984 댓글:148 저장:533 공유:187 날짜: | 은하 선배님과 함께 DOREMI 럽미 &#129419; #퍼플키스 #PU
2026-03-09 21:21:45,778 [INFO]   [29] 좋아요:5,038 댓글:74 저장:313 공유:89 날짜: | 원화연, 미유 님과 함께 DOREMI &#127383;❔ #퍼플키스 #P
2026-03-09 21:21:52,495 [INFO]   [30] 좋아요:15,900 댓글:170 저장:1,078 공유:473 날짜: | 채영즈의 도레미&#128536;&#127926; #퍼플키스 #PURPLE
2026-03-09 21:21:59,077 [INFO]   [31] 좋아요:9,708 댓글:99 저장:689 공유:124 날짜: | 메이 님과 함께 주문을 외워 &#129653; #퍼플키스 #PURPLE_
2026-03-09 21:22:05,698 [INFO]   [32] 좋아요:2,748 댓글:53 저장:157 공유:41 날짜: | 윤 님과 함께 DOREMI, run it up &#128293; #퍼플키
2026-03-09 21:22:12,354 [INFO]   [33] 좋아요:1,950 댓글:39 저장:119 공유:31 날짜: | MV BEHIND &#127929; #퍼플키스 #PURPLE_KISS #
2026-03-09 21:22:19,053 [INFO]   [34] 좋아요:6,213 댓글:79 저장:398 공유:103 날짜: | 휘서 님과 함께 DOREMI 업고 튀어 &#129505; #퍼플키스 #P
2026-03-09 21:22:25,739 [INFO]   [35] 좋아요:5,330 댓글:83 저장:281 공유:115 날짜: | MV BEHIND &#127926; #퍼플키스 #PURPLE_KISS #
2026-03-09 21:22:32,378 [INFO]   [36] 좋아요:23,400 댓글:456 저장:1,584 공유:696 날짜: | Golden 열차&#128650; #퍼플키스 #PURPLE_KISS #고
2026-03-09 21:22:39,030 [INFO]   [37] 좋아요:2,215 댓글:37 저장:131 공유:42 날짜: | MV BEHIND &#128144; #퍼플키스 #PURPLE_KISS #
2026-03-09 21:22:45,757 [INFO]   [38] 좋아요:5,069 댓글:73 저장:344 공유:111 날짜: | 상냥하게 도레미 &#129416;&#128049; #퍼플키스 #PURPL
2026-03-09 21:22:52,494 [INFO]   [39] 좋아요:3,992 댓글:63 저장:265 공유:69 날짜: | 그녀의 on&amp;off #퍼플키스 #PURPLE_KISS #고은 #G
2026-03-09 21:22:59,137 [INFO]   [40] 좋아요:5,629 댓글:60 저장:353 공유:92 날짜: | 플로리로 가득 찬 Balloons &#127880; #퍼플키스 #PURP
2026-03-09 21:23:05,942 [INFO]   [41] 좋아요:5,077 댓글:69 저장:321 공유:105 날짜: | I can find PLORY now &#128064; #퍼플키스 #PU
2026-03-09 21:23:12,554 [INFO]   [42] 좋아요:8,288 댓글:93 저장:488 공유:87 날짜: | 플로리를 향한 마음 더는 숨기지 않아 &#128156; #퍼플키스 #PU
2026-03-09 21:23:19,231 [INFO]   [43] 좋아요:19,100 댓글:162 저장:1,309 공유:311 날짜: | 성한빈 님과 함께 DOREMI &#127926; #퍼플키스 #PURPLE
2026-03-09 21:23:25,953 [INFO]   [44] 좋아요:2,609 댓글:37 저장:144 공유:51 날짜: | ‘DOREMI’ 축제를 시작해 &#127807; #퍼플키스 #PURPLE
2026-03-09 21:23:31,142 [INFO]   → 저장: 44개 게시물 (기존 0개)
2026-03-09 21:23:34,145 [INFO] 
============================================================
2026-03-09 21:23:34,147 [INFO] [16/49] 위클리 (Weeekly)
2026-03-09 21:23:34,148 [INFO] ============================================================
2026-03-09 21:23:42,750 [INFO]   프로필: Weeekly (위클리) | 팔로워 1,400,000 | 좋아요 25,100,000
2026-03-09 21:23:42,752 [INFO]   그리드 비디오: 6개 (조회수: [145000, 8600000, 160600])
2026-03-09 21:24:12,192 [INFO]   [1] 좋아요:41,000 댓글:171 저장:1,180 공유:775 날짜: | Weeekly 위클리 'LIGHTS ON' MV&#10;…자세히
2026-03-09 21:24:25,473 [INFO]   [2] 좋아요:14,600 댓글:706 저장:1,063 공유:243 날짜: | 울고 싶을때 미소 짓는 방법!&#10;수진이 보기&#128149;…자세히
2026-03-09 21:24:32,172 [INFO]   [3] 좋아요:4,792 댓글:101 저장:339 공유:68 날짜: | 딸기 공쥬 미모&#129401;&#10;…자세히
2026-03-09 21:24:38,852 [INFO]   [4] 좋아요:10,500 댓글:157 저장:663 공유:158 날짜: | Visual Perfect&#128077;✨&#10;…자세히
2026-03-09 21:24:45,474 [INFO]   [5] 좋아요:6,767 댓글:62 저장:392 공유:119 날짜: | &#120334;&#120358;&#120373; &#120362;&#1
2026-03-09 21:24:52,197 [INFO]   [6] 좋아요:4,899 댓글:78 저장:326 공유:64 날짜: | ˚✧₊⁎&#120131;&#120150;&#120165;'&#120164
2026-03-09 21:24:58,895 [INFO]   [7] 좋아요:3,272 댓글:59 저장:229 공유:71 날짜: | 하얀 눈이 소복 소복 ❄☃&#10;…자세히
2026-03-09 21:25:05,588 [INFO]   [8] 좋아요:3,144 댓글:62 저장:204 공유:56 날짜: | 데일리만 보여❣&#10;…자세히
2026-03-09 21:25:12,312 [INFO]   [9] 좋아요:2,258 댓글:45 저장:157 공유:35 날짜: | Happy Christmas&#128157;&#127873;&#10;…자
2026-03-09 21:25:18,936 [INFO]   [10] 좋아요:3,657 댓글:64 저장:217 공유:41 날짜: | &#127962;&#127926;&#10;…자세히
2026-03-09 21:25:25,631 [INFO]   [11] 좋아요:5,329 댓글:117 저장:358 공유:85 날짜: | One wish &#129293;&#10;…자세히
2026-03-09 21:25:32,335 [INFO]   [12] 좋아요:1,643 댓글:58 저장:92 공유:12 날짜: | 재희 덕분에 행복해 &#128157;&#128158;&#128147;&#
2026-03-09 21:25:38,893 [INFO]   [13] 좋아요:4,953 댓글:67 저장:335 공유:96 날짜: | 너의 Genie 내가 들어줄게 &#129502;‍♂&#128153;&#1
2026-03-09 21:25:49,668 [WARNING]   연속 빈 데이터 3회 — TikTok 확인
2026-03-09 21:25:49,726 [INFO]   화면 OFF → 켜기
2026-03-09 21:25:51,899 [WARNING]   TikTok이 포그라운드 아님 (), 복귀...
2026-03-09 21:26:03,228 [INFO]   → 저장: 13개 게시물 (기존 0개)
2026-03-09 21:26:06,231 [INFO] 
============================================================
2026-03-09 21:26:06,232 [INFO] [17/49] 유니스 (UNIS)
2026-03-09 21:26:06,233 [INFO] ============================================================
2026-03-09 21:26:06,298 [INFO]   화면 OFF → 켜기
2026-03-09 21:26:08,478 [WARNING]   TikTok이 포그라운드 아님 (), 복귀...
2026-03-09 21:26:19,938 [WARNING]   프로필 불일치: 기대=unis_offcl 실제=(없음), 재시도 1...
2026-03-09 21:26:29,497 [WARNING]   프로필 불일치: 기대=unis_offcl 실제=(없음), 재시도 2...
2026-03-09 21:26:39,031 [ERROR]   프로필 불일치 해소 실패: 기대=unis_offcl 실제=(없음)
2026-03-09 21:26:39,033 [WARNING]   UI 노드 부족 (0), 재시도...
2026-03-09 21:26:43,207 [WARNING]   프로필 불일치: 기대=unis_offcl 실제=(없음), 재시도 1...
2026-03-09 21:26:52,501 [ERROR]   프로필 불일치 해소 실패: 기대=unis_offcl 실제=(없음)
2026-03-09 21:26:52,503 [INFO]   프로필:  | 팔로워 0 | 좋아요 0
2026-03-09 21:26:52,504 [WARNING]   그리드 비디오 없음, 재시도 1/4 (3초 대기)...
2026-03-09 21:26:55,730 [WARNING]   그리드 비디오 없음, 재시도 2/4 (5초 대기)...
2026-03-09 21:27:00,962 [WARNING]   그리드 비디오 없음, 재시도 3/4 (7초 대기)...
2026-03-09 21:27:08,194 [WARNING]   그리드 비디오 없음, 재시도 4/4 (9초 대기)...
2026-03-09 21:27:17,426 [INFO]   그리드 비디오: 0개 (조회수: [])
2026-03-09 21:27:17,428 [WARNING]   그리드 비디오 없음 (4회 재시도 실패)
2026-03-09 21:27:17,461 [INFO]   → 저장: 0개 게시물 (기존 0개)
2026-03-09 21:27:20,464 [INFO] 
============================================================
2026-03-09 21:27:20,466 [INFO] [18/49] 블랙스완 (BLACKSWAN)
2026-03-09 21:27:20,467 [INFO] ============================================================
2026-03-09 21:27:20,530 [INFO]   화면 OFF → 켜기
2026-03-09 21:27:22,733 [WARNING]   TikTok이 포그라운드 아님 (), 복귀...
2026-03-09 21:27:34,193 [WARNING]   프로필 불일치: 기대=blackswan__official 실제=(없음), 재시도 1...
2026-03-09 21:27:43,484 [WARNING]   프로필 불일치: 기대=blackswan__official 실제=(없음), 재시도 2...
2026-03-09 21:27:52,782 [ERROR]   프로필 불일치 해소 실패: 기대=blackswan__official 실제=(없음)
2026-03-09 21:27:52,784 [WARNING]   UI 노드 부족 (0), 재시도...
2026-03-09 21:27:56,959 [WARNING]   프로필 불일치: 기대=blackswan__official 실제=(없음), 재시도 1...
2026-03-09 21:28:06,240 [ERROR]   프로필 불일치 해소 실패: 기대=blackswan__official 실제=(없음)
2026-03-09 21:28:06,242 [INFO]   프로필:  | 팔로워 0 | 좋아요 0
2026-03-09 21:28:06,243 [WARNING]   그리드 비디오 없음, 재시도 1/4 (3초 대기)...
2026-03-09 21:28:09,465 [WARNING]   그리드 비디오 없음, 재시도 2/4 (5초 대기)...
2026-03-09 21:28:14,685 [WARNING]   그리드 비디오 없음, 재시도 3/4 (7초 대기)...
2026-03-09 21:28:21,909 [WARNING]   그리드 비디오 없음, 재시도 4/4 (9초 대기)...
2026-03-09 21:28:31,134 [INFO]   그리드 비디오: 0개 (조회수: [])
2026-03-09 21:28:31,135 [WARNING]   그리드 비디오 없음 (4회 재시도 실패)
2026-03-09 21:28:31,169 [INFO]   → 저장: 0개 게시물 (기존 0개)
2026-03-09 21:28:34,172 [INFO] 
============================================================
2026-03-09 21:28:34,174 [INFO] [19/49] 아트비트 (ARTBEAT v)
2026-03-09 21:28:34,175 [INFO] ============================================================
2026-03-09 21:28:34,232 [INFO]   화면 OFF → 켜기
2026-03-09 21:28:36,404 [WARNING]   TikTok이 포그라운드 아님 (), 복귀...
2026-03-09 21:28:47,859 [WARNING]   프로필 불일치: 기대=artbeat.official 실제=(없음), 재시도 1...
2026-03-09 21:28:57,139 [WARNING]   프로필 불일치: 기대=artbeat.official 실제=(없음), 재시도 2...
2026-03-09 21:29:06,434 [ERROR]   프로필 불일치 해소 실패: 기대=artbeat.official 실제=(없음)
2026-03-09 21:29:06,436 [WARNING]   UI 노드 부족 (0), 재시도...
2026-03-09 21:29:10,605 [WARNING]   프로필 불일치: 기대=artbeat.official 실제=(없음), 재시도 1...
2026-03-09 21:29:19,895 [ERROR]   프로필 불일치 해소 실패: 기대=artbeat.official 실제=(없음)
2026-03-09 21:29:19,896 [INFO]   프로필:  | 팔로워 0 | 좋아요 0
2026-03-09 21:29:19,897 [WARNING]   그리드 비디오 없음, 재시도 1/4 (3초 대기)...
2026-03-09 21:29:23,119 [WARNING]   그리드 비디오 없음, 재시도 2/4 (5초 대기)...
2026-03-09 21:29:28,349 [WARNING]   그리드 비디오 없음, 재시도 3/4 (7초 대기)...
2026-03-09 21:29:35,579 [WARNING]   그리드 비디오 없음, 재시도 4/4 (9초 대기)...
2026-03-09 21:29:44,807 [INFO]   그리드 비디오: 0개 (조회수: [])
2026-03-09 21:29:44,809 [WARNING]   그리드 비디오 없음 (4회 재시도 실패)
2026-03-09 21:29:44,842 [INFO]   → 저장: 0개 게시물 (기존 0개)
2026-03-09 21:29:47,845 [INFO] 
============================================================
2026-03-09 21:29:47,846 [INFO] [20/49] 피프티피프티 (FIFTY FIFTY)
2026-03-09 21:29:47,847 [INFO] ============================================================
2026-03-09 21:29:47,904 [INFO]   화면 OFF → 켜기
2026-03-09 21:29:50,069 [WARNING]   TikTok이 포그라운드 아님 (), 복귀...
2026-03-09 21:30:01,557 [WARNING]   프로필 불일치: 기대=we_fiftyfifty 실제=(없음), 재시도 1...
2026-03-09 21:30:10,845 [WARNING]   프로필 불일치: 기대=we_fiftyfifty 실제=(없음), 재시도 2...
2026-03-09 21:30:20,130 [ERROR]   프로필 불일치 해소 실패: 기대=we_fiftyfifty 실제=(없음)
2026-03-09 21:30:20,132 [WARNING]   UI 노드 부족 (0), 재시도...
2026-03-09 21:30:24,300 [WARNING]   프로필 불일치: 기대=we_fiftyfifty 실제=(없음), 재시도 1...
2026-03-09 21:30:33,580 [ERROR]   프로필 불일치 해소 실패: 기대=we_fiftyfifty 실제=(없음)
2026-03-09 21:30:33,582 [INFO]   프로필:  | 팔로워 0 | 좋아요 0
2026-03-09 21:30:33,583 [WARNING]   그리드 비디오 없음, 재시도 1/4 (3초 대기)...
2026-03-09 21:30:36,812 [WARNING]   그리드 비디오 없음, 재시도 2/4 (5초 대기)...
2026-03-09 21:30:42,039 [WARNING]   그리드 비디오 없음, 재시도 3/4 (7초 대기)...
2026-03-09 21:30:49,267 [WARNING]   그리드 비디오 없음, 재시도 4/4 (9초 대기)...
2026-03-09 21:30:58,495 [INFO]   그리드 비디오: 0개 (조회수: [])
2026-03-09 21:30:58,497 [WARNING]   그리드 비디오 없음 (4회 재시도 실패)
2026-03-09 21:30:58,528 [INFO]   → 저장: 0개 게시물 (기존 0개)
2026-03-09 21:31:01,530 [INFO] 
============================================================
2026-03-09 21:31:01,532 [INFO] [21/49] 키키 (KiiiKiii)
2026-03-09 21:31:01,533 [INFO] ============================================================
2026-03-09 21:31:01,593 [INFO]   화면 OFF → 켜기
2026-03-09 21:31:03,765 [WARNING]   TikTok이 포그라운드 아님 (), 복귀...
2026-03-09 21:31:15,260 [WARNING]   프로필 불일치: 기대=kiiikiii_official 실제=(없음), 재시도 1...
2026-03-09 21:31:24,588 [WARNING]   프로필 불일치: 기대=kiiikiii_official 실제=(없음), 재시도 2...
2026-03-09 21:31:33,893 [ERROR]   프로필 불일치 해소 실패: 기대=kiiikiii_official 실제=(없음)
2026-03-09 21:31:33,895 [WARNING]   UI 노드 부족 (0), 재시도...
2026-03-09 21:31:38,079 [WARNING]   프로필 불일치: 기대=kiiikiii_official 실제=(없음), 재시도 1...
2026-03-09 21:31:47,423 [ERROR]   프로필 불일치 해소 실패: 기대=kiiikiii_official 실제=(없음)
2026-03-09 21:31:47,425 [INFO]   프로필:  | 팔로워 0 | 좋아요 0
2026-03-09 21:31:47,426 [WARNING]   그리드 비디오 없음, 재시도 1/4 (3초 대기)...
2026-03-09 21:31:50,682 [WARNING]   그리드 비디오 없음, 재시도 2/4 (5초 대기)...
2026-03-09 21:31:55,924 [WARNING]   그리드 비디오 없음, 재시도 3/4 (7초 대기)...
2026-03-09 21:32:03,158 [WARNING]   그리드 비디오 없음, 재시도 4/4 (9초 대기)...
2026-03-09 21:32:12,386 [INFO]   그리드 비디오: 0개 (조회수: [])
2026-03-09 21:32:12,388 [WARNING]   그리드 비디오 없음 (4회 재시도 실패)
2026-03-09 21:32:12,420 [INFO]   → 저장: 0개 게시물 (기존 0개)
2026-03-09 21:32:15,422 [INFO] 
============================================================
2026-03-09 21:32:15,424 [INFO] [22/49] 올데이프로젝트 (ALLDAY PROJECT)
2026-03-09 21:32:15,425 [INFO] ============================================================
2026-03-09 21:32:15,487 [INFO]   화면 OFF → 켜기
2026-03-09 21:32:17,666 [WARNING]   TikTok이 포그라운드 아님 (), 복귀...
2026-03-09 21:32:29,142 [WARNING]   프로필 불일치: 기대=allday_project 실제=(없음), 재시도 1...
2026-03-09 21:32:38,448 [WARNING]   프로필 불일치: 기대=allday_project 실제=(없음), 재시도 2...
2026-03-09 21:32:47,757 [ERROR]   프로필 불일치 해소 실패: 기대=allday_project 실제=(없음)
2026-03-09 21:32:47,759 [WARNING]   UI 노드 부족 (0), 재시도...
2026-03-09 21:32:51,944 [WARNING]   프로필 불일치: 기대=allday_project 실제=(없음), 재시도 1...
2026-03-09 21:33:01,259 [ERROR]   프로필 불일치 해소 실패: 기대=allday_project 실제=(없음)
2026-03-09 21:33:01,261 [INFO]   프로필:  | 팔로워 0 | 좋아요 0
2026-03-09 21:33:01,262 [WARNING]   그리드 비디오 없음, 재시도 1/4 (3초 대기)...
2026-03-09 21:33:04,507 [WARNING]   그리드 비디오 없음, 재시도 2/4 (5초 대기)...
2026-03-09 21:33:09,741 [WARNING]   그리드 비디오 없음, 재시도 3/4 (7초 대기)...
2026-03-09 21:33:16,972 [WARNING]   그리드 비디오 없음, 재시도 4/4 (9초 대기)...
2026-03-09 21:33:26,201 [INFO]   그리드 비디오: 0개 (조회수: [])
2026-03-09 21:33:26,203 [WARNING]   그리드 비디오 없음 (4회 재시도 실패)
2026-03-09 21:33:26,218 [WARNING]   → 스킵: 새 0개 < 기존 3개 (기존 유지)
2026-03-09 21:33:29,220 [INFO] 
============================================================
2026-03-09 21:33:29,222 [INFO] [23/49] 제로베이스원 (ZEROBASEONE)
2026-03-09 21:33:29,223 [INFO] ============================================================
2026-03-09 21:33:29,284 [INFO]   화면 OFF → 켜기
2026-03-09 21:33:31,456 [WARNING]   TikTok이 포그라운드 아님 (), 복귀...
2026-03-09 21:33:42,916 [WARNING]   프로필 불일치: 기대=zb1_official 실제=(없음), 재시도 1...
2026-03-09 21:33:52,201 [WARNING]   프로필 불일치: 기대=zb1_official 실제=(없음), 재시도 2...
2026-03-09 21:34:01,502 [ERROR]   프로필 불일치 해소 실패: 기대=zb1_official 실제=(없음)
2026-03-09 21:34:01,503 [WARNING]   UI 노드 부족 (0), 재시도...
2026-03-09 21:34:05,671 [WARNING]   프로필 불일치: 기대=zb1_official 실제=(없음), 재시도 1...
2026-03-09 21:34:14,955 [ERROR]   프로필 불일치 해소 실패: 기대=zb1_official 실제=(없음)
2026-03-09 21:34:14,957 [INFO]   프로필:  | 팔로워 0 | 좋아요 0
2026-03-09 21:34:14,958 [WARNING]   그리드 비디오 없음, 재시도 1/4 (3초 대기)...
2026-03-09 21:34:18,183 [WARNING]   그리드 비디오 없음, 재시도 2/4 (5초 대기)...
2026-03-09 21:34:23,410 [WARNING]   그리드 비디오 없음, 재시도 3/4 (7초 대기)...
2026-03-09 21:34:30,633 [WARNING]   그리드 비디오 없음, 재시도 4/4 (9초 대기)...
2026-03-09 21:34:39,858 [INFO]   그리드 비디오: 0개 (조회수: [])
2026-03-09 21:34:39,859 [WARNING]   그리드 비디오 없음 (4회 재시도 실패)
2026-03-09 21:34:39,896 [INFO]   → 저장: 0개 게시물 (기존 0개)
2026-03-09 21:34:42,899 [INFO] 
============================================================
2026-03-09 21:34:42,901 [INFO] [24/49] 트레저 (TREASURE)
2026-03-09 21:34:42,902 [INFO] ============================================================
2026-03-09 21:34:42,962 [INFO]   화면 OFF → 켜기
2026-03-09 21:34:45,137 [WARNING]   TikTok이 포그라운드 아님 (), 복귀...
2026-03-09 21:34:56,593 [WARNING]   프로필 불일치: 기대=yg_treasure_tiktok 실제=(없음), 재시도 1...
2026-03-09 21:35:05,876 [WARNING]   프로필 불일치: 기대=yg_treasure_tiktok 실제=(없음), 재시도 2...
2026-03-09 21:35:15,158 [ERROR]   프로필 불일치 해소 실패: 기대=yg_treasure_tiktok 실제=(없음)
2026-03-09 21:35:15,160 [WARNING]   UI 노드 부족 (0), 재시도...
2026-03-09 21:35:19,334 [WARNING]   프로필 불일치: 기대=yg_treasure_tiktok 실제=(없음), 재시도 1...
2026-03-09 21:35:28,619 [ERROR]   프로필 불일치 해소 실패: 기대=yg_treasure_tiktok 실제=(없음)
2026-03-09 21:35:28,621 [INFO]   프로필:  | 팔로워 0 | 좋아요 0
2026-03-09 21:35:28,622 [WARNING]   그리드 비디오 없음, 재시도 1/4 (3초 대기)...
2026-03-09 21:35:31,847 [WARNING]   그리드 비디오 없음, 재시도 2/4 (5초 대기)...
2026-03-09 21:35:37,076 [WARNING]   그리드 비디오 없음, 재시도 3/4 (7초 대기)...
2026-03-09 21:35:44,299 [WARNING]   그리드 비디오 없음, 재시도 4/4 (9초 대기)...
2026-03-09 21:35:53,530 [INFO]   그리드 비디오: 0개 (조회수: [])
2026-03-09 21:35:53,532 [WARNING]   그리드 비디오 없음 (4회 재시도 실패)
2026-03-09 21:35:53,575 [INFO]   → 저장: 0개 게시물 (기존 0개)
2026-03-09 21:35:56,577 [INFO] 
============================================================
2026-03-09 21:35:56,579 [INFO] [25/49] 더보이즈 (THE BOYZ)
2026-03-09 21:35:56,580 [INFO] ============================================================
2026-03-09 21:35:56,640 [INFO]   화면 OFF → 켜기
2026-03-09 21:35:58,811 [WARNING]   TikTok이 포그라운드 아님 (), 복귀...
2026-03-09 21:36:10,287 [WARNING]   프로필 불일치: 기대=theboyz_officl 실제=(없음), 재시도 1...
2026-03-09 21:36:19,599 [WARNING]   프로필 불일치: 기대=theboyz_officl 실제=(없음), 재시도 2...
2026-03-09 21:36:28,886 [ERROR]   프로필 불일치 해소 실패: 기대=theboyz_officl 실제=(없음)
2026-03-09 21:36:28,888 [WARNING]   UI 노드 부족 (0), 재시도...
2026-03-09 21:36:33,059 [WARNING]   프로필 불일치: 기대=theboyz_officl 실제=(없음), 재시도 1...
2026-03-09 21:36:42,342 [ERROR]   프로필 불일치 해소 실패: 기대=theboyz_officl 실제=(없음)
2026-03-09 21:36:42,344 [INFO]   프로필:  | 팔로워 0 | 좋아요 0
2026-03-09 21:36:42,345 [WARNING]   그리드 비디오 없음, 재시도 1/4 (3초 대기)...
2026-03-09 21:36:45,570 [WARNING]   그리드 비디오 없음, 재시도 2/4 (5초 대기)...
2026-03-09 21:36:50,795 [WARNING]   그리드 비디오 없음, 재시도 3/4 (7초 대기)...
2026-03-09 21:36:58,021 [WARNING]   그리드 비디오 없음, 재시도 4/4 (9초 대기)...
2026-03-09 21:37:07,253 [INFO]   그리드 비디오: 0개 (조회수: [])
2026-03-09 21:37:07,254 [WARNING]   그리드 비디오 없음 (4회 재시도 실패)
2026-03-09 21:37:07,284 [INFO]   → 저장: 0개 게시물 (기존 0개)
2026-03-09 21:37:10,286 [INFO] 
============================================================
2026-03-09 21:37:10,288 [INFO] [26/49] 아이콘 (Ikon)
2026-03-09 21:37:10,289 [INFO] ============================================================
2026-03-09 21:37:10,357 [INFO]   화면 OFF → 켜기
2026-03-09 21:37:12,525 [WARNING]   TikTok이 포그라운드 아님 (), 복귀...
2026-03-09 21:37:23,978 [WARNING]   프로필 불일치: 기대=ikon_tiktok 실제=(없음), 재시도 1...
2026-03-09 21:37:33,263 [WARNING]   프로필 불일치: 기대=ikon_tiktok 실제=(없음), 재시도 2...
2026-03-09 21:37:42,547 [ERROR]   프로필 불일치 해소 실패: 기대=ikon_tiktok 실제=(없음)
2026-03-09 21:37:42,549 [WARNING]   UI 노드 부족 (0), 재시도...
2026-03-09 21:37:46,717 [WARNING]   프로필 불일치: 기대=ikon_tiktok 실제=(없음), 재시도 1...
2026-03-09 21:37:56,009 [ERROR]   프로필 불일치 해소 실패: 기대=ikon_tiktok 실제=(없음)
2026-03-09 21:37:56,011 [INFO]   프로필:  | 팔로워 0 | 좋아요 0
2026-03-09 21:37:56,012 [WARNING]   그리드 비디오 없음, 재시도 1/4 (3초 대기)...
2026-03-09 21:37:59,237 [WARNING]   그리드 비디오 없음, 재시도 2/4 (5초 대기)...
2026-03-09 21:38:04,468 [WARNING]   그리드 비디오 없음, 재시도 3/4 (7초 대기)...
2026-03-09 21:38:11,693 [WARNING]   그리드 비디오 없음, 재시도 4/4 (9초 대기)...
2026-03-09 21:38:20,918 [INFO]   그리드 비디오: 0개 (조회수: [])
2026-03-09 21:38:20,919 [WARNING]   그리드 비디오 없음 (4회 재시도 실패)
2026-03-09 21:38:20,951 [INFO]   → 저장: 0개 게시물 (기존 0개)
2026-03-09 21:38:23,953 [INFO] 
============================================================
2026-03-09 21:38:23,955 [INFO] [27/49] 아스트로 (ASTRO)
2026-03-09 21:38:23,957 [INFO] ============================================================
2026-03-09 21:38:24,013 [INFO]   화면 OFF → 켜기
2026-03-09 21:38:26,190 [WARNING]   TikTok이 포그라운드 아님 (), 복귀...
2026-03-09 21:38:37,638 [WARNING]   프로필 불일치: 기대=astro_official 실제=(없음), 재시도 1...
2026-03-09 21:38:46,932 [WARNING]   프로필 불일치: 기대=astro_official 실제=(없음), 재시도 2...
2026-03-09 21:38:56,224 [ERROR]   프로필 불일치 해소 실패: 기대=astro_official 실제=(없음)
2026-03-09 21:38:56,226 [WARNING]   UI 노드 부족 (0), 재시도...
2026-03-09 21:39:00,399 [WARNING]   프로필 불일치: 기대=astro_official 실제=(없음), 재시도 1...
2026-03-09 21:39:09,680 [ERROR]   프로필 불일치 해소 실패: 기대=astro_official 실제=(없음)
2026-03-09 21:39:09,682 [INFO]   프로필:  | 팔로워 0 | 좋아요 0
2026-03-09 21:39:09,683 [WARNING]   그리드 비디오 없음, 재시도 1/4 (3초 대기)...
2026-03-09 21:39:12,909 [WARNING]   그리드 비디오 없음, 재시도 2/4 (5초 대기)...
2026-03-09 21:39:18,137 [WARNING]   그리드 비디오 없음, 재시도 3/4 (7초 대기)...
2026-03-09 21:39:25,363 [WARNING]   그리드 비디오 없음, 재시도 4/4 (9초 대기)...
2026-03-09 21:39:34,592 [INFO]   그리드 비디오: 0개 (조회수: [])
2026-03-09 21:39:34,594 [WARNING]   그리드 비디오 없음 (4회 재시도 실패)
2026-03-09 21:39:34,609 [WARNING]   → 스킵: 새 0개 < 기존 1개 (기존 유지)
2026-03-09 21:39:37,611 [INFO] 
============================================================
2026-03-09 21:39:37,614 [INFO] [28/49] 엑스디너리 히어로즈 (Xdinary Heroes)
2026-03-09 21:39:37,615 [INFO] ============================================================
2026-03-09 21:39:37,674 [INFO]   화면 OFF → 켜기
2026-03-09 21:39:39,841 [WARNING]   TikTok이 포그라운드 아님 (), 복귀...
2026-03-09 21:39:51,297 [WARNING]   프로필 불일치: 기대=xheroes_official 실제=(없음), 재시도 1...
2026-03-09 21:40:00,581 [WARNING]   프로필 불일치: 기대=xheroes_official 실제=(없음), 재시도 2...
2026-03-09 21:40:09,869 [ERROR]   프로필 불일치 해소 실패: 기대=xheroes_official 실제=(없음)
2026-03-09 21:40:09,870 [WARNING]   UI 노드 부족 (0), 재시도...
2026-03-09 21:40:14,047 [WARNING]   프로필 불일치: 기대=xheroes_official 실제=(없음), 재시도 1...
2026-03-09 21:40:23,341 [ERROR]   프로필 불일치 해소 실패: 기대=xheroes_official 실제=(없음)
2026-03-09 21:40:23,343 [INFO]   프로필:  | 팔로워 0 | 좋아요 0
2026-03-09 21:40:23,344 [WARNING]   그리드 비디오 없음, 재시도 1/4 (3초 대기)...
2026-03-09 21:40:26,579 [WARNING]   그리드 비디오 없음, 재시도 2/4 (5초 대기)...
2026-03-09 21:40:31,809 [WARNING]   그리드 비디오 없음, 재시도 3/4 (7초 대기)...
2026-03-09 21:40:39,036 [WARNING]   그리드 비디오 없음, 재시도 4/4 (9초 대기)...
2026-03-09 21:40:48,262 [INFO]   그리드 비디오: 0개 (조회수: [])
2026-03-09 21:40:48,264 [WARNING]   그리드 비디오 없음 (4회 재시도 실패)
2026-03-09 21:40:48,277 [WARNING]   → 스킵: 새 0개 < 기존 2개 (기존 유지)
2026-03-09 21:40:51,279 [INFO] 
============================================================
2026-03-09 21:40:51,281 [INFO] [29/49] 템페스트 (TEMPEST)
2026-03-09 21:40:51,282 [INFO] ============================================================
2026-03-09 21:40:51,343 [INFO]   화면 OFF → 켜기
2026-03-09 21:40:53,531 [WARNING]   TikTok이 포그라운드 아님 (), 복귀...
2026-03-09 21:41:04,992 [WARNING]   프로필 불일치: 기대=tpstofficial_ 실제=(없음), 재시도 1...
2026-03-09 21:41:14,282 [WARNING]   프로필 불일치: 기대=tpstofficial_ 실제=(없음), 재시도 2...
2026-03-09 21:41:23,582 [ERROR]   프로필 불일치 해소 실패: 기대=tpstofficial_ 실제=(없음)
2026-03-09 21:41:23,583 [WARNING]   UI 노드 부족 (0), 재시도...
2026-03-09 21:41:27,755 [WARNING]   프로필 불일치: 기대=tpstofficial_ 실제=(없음), 재시도 1...
2026-03-09 21:41:37,035 [ERROR]   프로필 불일치 해소 실패: 기대=tpstofficial_ 실제=(없음)
2026-03-09 21:41:37,036 [INFO]   프로필:  | 팔로워 0 | 좋아요 0
2026-03-09 21:41:37,037 [WARNING]   그리드 비디오 없음, 재시도 1/4 (3초 대기)...
2026-03-09 21:41:40,270 [WARNING]   그리드 비디오 없음, 재시도 2/4 (5초 대기)...
2026-03-09 21:41:45,504 [WARNING]   그리드 비디오 없음, 재시도 3/4 (7초 대기)...
2026-03-09 21:41:52,732 [WARNING]   그리드 비디오 없음, 재시도 4/4 (9초 대기)...
2026-03-09 21:42:01,955 [INFO]   그리드 비디오: 0개 (조회수: [])
2026-03-09 21:42:01,957 [WARNING]   그리드 비디오 없음 (4회 재시도 실패)
2026-03-09 21:42:01,972 [WARNING]   → 스킵: 새 0개 < 기존 1개 (기존 유지)
2026-03-09 21:42:04,974 [INFO] 
============================================================
2026-03-09 21:42:04,976 [INFO] [30/49] 펜타곤 (PENTAGON)
2026-03-09 21:42:04,977 [INFO] ============================================================
2026-03-09 21:42:05,036 [INFO]   화면 OFF → 켜기
2026-03-09 21:42:07,200 [WARNING]   TikTok이 포그라운드 아님 (), 복귀...
2026-03-09 21:42:18,659 [WARNING]   프로필 불일치: 기대=official_ptg 실제=(없음), 재시도 1...
2026-03-09 21:42:27,948 [WARNING]   프로필 불일치: 기대=official_ptg 실제=(없음), 재시도 2...
2026-03-09 21:42:37,239 [ERROR]   프로필 불일치 해소 실패: 기대=official_ptg 실제=(없음)
2026-03-09 21:42:37,241 [WARNING]   UI 노드 부족 (0), 재시도...
2026-03-09 21:42:41,410 [WARNING]   프로필 불일치: 기대=official_ptg 실제=(없음), 재시도 1...
2026-03-09 21:42:50,695 [ERROR]   프로필 불일치 해소 실패: 기대=official_ptg 실제=(없음)
2026-03-09 21:42:50,696 [INFO]   프로필:  | 팔로워 0 | 좋아요 0
2026-03-09 21:42:50,697 [WARNING]   그리드 비디오 없음, 재시도 1/4 (3초 대기)...
2026-03-09 21:42:53,923 [WARNING]   그리드 비디오 없음, 재시도 2/4 (5초 대기)...
2026-03-09 21:42:59,150 [WARNING]   그리드 비디오 없음, 재시도 3/4 (7초 대기)...
2026-03-09 21:43:06,376 [WARNING]   그리드 비디오 없음, 재시도 4/4 (9초 대기)...
2026-03-09 21:43:15,600 [INFO]   그리드 비디오: 0개 (조회수: [])
2026-03-09 21:43:15,601 [WARNING]   그리드 비디오 없음 (4회 재시도 실패)
2026-03-09 21:43:15,615 [WARNING]   → 스킵: 새 0개 < 기존 3개 (기존 유지)
2026-03-09 21:43:18,617 [INFO] 
============================================================
2026-03-09 21:43:18,619 [INFO] [31/49] 이펙스 (EPEX)
2026-03-09 21:43:18,620 [INFO] ============================================================
2026-03-09 21:43:18,677 [INFO]   화면 OFF → 켜기
2026-03-09 21:43:20,855 [WARNING]   TikTok이 포그라운드 아님 (), 복귀...
2026-03-09 21:43:32,306 [WARNING]   프로필 불일치: 기대=epex.official 실제=(없음), 재시도 1...
2026-03-09 21:43:41,596 [WARNING]   프로필 불일치: 기대=epex.official 실제=(없음), 재시도 2...
2026-03-09 21:43:50,881 [ERROR]   프로필 불일치 해소 실패: 기대=epex.official 실제=(없음)
2026-03-09 21:43:50,883 [WARNING]   UI 노드 부족 (0), 재시도...
2026-03-09 21:43:55,053 [WARNING]   프로필 불일치: 기대=epex.official 실제=(없음), 재시도 1...
2026-03-09 21:44:04,336 [ERROR]   프로필 불일치 해소 실패: 기대=epex.official 실제=(없음)
2026-03-09 21:44:04,338 [INFO]   프로필:  | 팔로워 0 | 좋아요 0
2026-03-09 21:44:04,339 [WARNING]   그리드 비디오 없음, 재시도 1/4 (3초 대기)...
2026-03-09 21:44:07,570 [WARNING]   그리드 비디오 없음, 재시도 2/4 (5초 대기)...
2026-03-09 21:44:12,793 [WARNING]   그리드 비디오 없음, 재시도 3/4 (7초 대기)...
2026-03-09 21:44:20,021 [WARNING]   그리드 비디오 없음, 재시도 4/4 (9초 대기)...
2026-03-09 21:44:29,243 [INFO]   그리드 비디오: 0개 (조회수: [])
2026-03-09 21:44:29,245 [WARNING]   그리드 비디오 없음 (4회 재시도 실패)
2026-03-09 21:44:29,276 [INFO]   → 저장: 0개 게시물 (기존 0개)
2026-03-09 21:44:32,278 [INFO] 
============================================================
2026-03-09 21:44:32,280 [INFO] [32/49] 크래비티 (CRAVITY)
2026-03-09 21:44:32,281 [INFO] ============================================================
2026-03-09 21:44:32,338 [INFO]   화면 OFF → 켜기
2026-03-09 21:44:34,514 [WARNING]   TikTok이 포그라운드 아님 (), 복귀...
2026-03-09 21:44:45,977 [WARNING]   프로필 불일치: 기대=cravityofficial 실제=(없음), 재시도 1...
2026-03-09 21:44:55,265 [WARNING]   프로필 불일치: 기대=cravityofficial 실제=(없음), 재시도 2...
2026-03-09 21:45:04,549 [ERROR]   프로필 불일치 해소 실패: 기대=cravityofficial 실제=(없음)
2026-03-09 21:45:04,550 [WARNING]   UI 노드 부족 (0), 재시도...
2026-03-09 21:45:08,718 [WARNING]   프로필 불일치: 기대=cravityofficial 실제=(없음), 재시도 1...
2026-03-09 21:45:18,003 [ERROR]   프로필 불일치 해소 실패: 기대=cravityofficial 실제=(없음)
2026-03-09 21:45:18,005 [INFO]   프로필:  | 팔로워 0 | 좋아요 0
2026-03-09 21:45:18,006 [WARNING]   그리드 비디오 없음, 재시도 1/4 (3초 대기)...
2026-03-09 21:45:21,229 [WARNING]   그리드 비디오 없음, 재시도 2/4 (5초 대기)...
2026-03-09 21:45:26,454 [WARNING]   그리드 비디오 없음, 재시도 3/4 (7초 대기)...
2026-03-09 21:45:33,684 [WARNING]   그리드 비디오 없음, 재시도 4/4 (9초 대기)...
2026-03-09 21:45:42,913 [INFO]   그리드 비디오: 0개 (조회수: [])
2026-03-09 21:45:42,915 [WARNING]   그리드 비디오 없음 (4회 재시도 실패)
2026-03-09 21:45:42,949 [INFO]   → 저장: 0개 게시물 (기존 0개)
2026-03-09 21:45:45,951 [INFO] 
============================================================
2026-03-09 21:45:45,953 [INFO] [33/49] 원어스 (ONEUS)
2026-03-09 21:45:45,954 [INFO] ============================================================
2026-03-09 21:45:46,011 [INFO]   화면 OFF → 켜기
2026-03-09 21:45:48,176 [WARNING]   TikTok이 포그라운드 아님 (), 복귀...
2026-03-09 21:45:59,631 [WARNING]   프로필 불일치: 기대=bwave_oneus 실제=(없음), 재시도 1...
2026-03-09 21:46:08,916 [WARNING]   프로필 불일치: 기대=bwave_oneus 실제=(없음), 재시도 2...
2026-03-09 21:46:18,200 [ERROR]   프로필 불일치 해소 실패: 기대=bwave_oneus 실제=(없음)
2026-03-09 21:46:18,201 [WARNING]   UI 노드 부족 (0), 재시도...
2026-03-09 21:46:22,365 [WARNING]   프로필 불일치: 기대=bwave_oneus 실제=(없음), 재시도 1...
2026-03-09 21:46:31,647 [ERROR]   프로필 불일치 해소 실패: 기대=bwave_oneus 실제=(없음)
2026-03-09 21:46:31,648 [INFO]   프로필:  | 팔로워 0 | 좋아요 0
2026-03-09 21:46:31,649 [WARNING]   그리드 비디오 없음, 재시도 1/4 (3초 대기)...
2026-03-09 21:46:34,869 [WARNING]   그리드 비디오 없음, 재시도 2/4 (5초 대기)...
2026-03-09 21:46:40,091 [WARNING]   그리드 비디오 없음, 재시도 3/4 (7초 대기)...
2026-03-09 21:46:47,314 [WARNING]   그리드 비디오 없음, 재시도 4/4 (9초 대기)...
2026-03-09 21:46:56,534 [INFO]   그리드 비디오: 0개 (조회수: [])
2026-03-09 21:46:56,535 [WARNING]   그리드 비디오 없음 (4회 재시도 실패)
2026-03-09 21:46:56,551 [WARNING]   → 스킵: 새 0개 < 기존 3개 (기존 유지)
2026-03-09 21:46:59,553 [INFO] 
============================================================
2026-03-09 21:46:59,555 [INFO] [34/49] 에잇턴 (8TURN)
2026-03-09 21:46:59,556 [INFO] ============================================================
2026-03-09 21:46:59,614 [INFO]   화면 OFF → 켜기
2026-03-09 21:47:01,780 [WARNING]   TikTok이 포그라운드 아님 (), 복귀...
2026-03-09 21:47:13,226 [WARNING]   프로필 불일치: 기대=8turn_official 실제=(없음), 재시도 1...
2026-03-09 21:47:22,506 [WARNING]   프로필 불일치: 기대=8turn_official 실제=(없음), 재시도 2...
2026-03-09 21:47:31,785 [ERROR]   프로필 불일치 해소 실패: 기대=8turn_official 실제=(없음)
2026-03-09 21:47:31,786 [WARNING]   UI 노드 부족 (0), 재시도...
2026-03-09 21:47:35,953 [WARNING]   프로필 불일치: 기대=8turn_official 실제=(없음), 재시도 1...
2026-03-09 21:47:45,236 [ERROR]   프로필 불일치 해소 실패: 기대=8turn_official 실제=(없음)
2026-03-09 21:47:45,237 [INFO]   프로필:  | 팔로워 0 | 좋아요 0
2026-03-09 21:47:45,238 [WARNING]   그리드 비디오 없음, 재시도 1/4 (3초 대기)...
2026-03-09 21:47:48,463 [WARNING]   그리드 비디오 없음, 재시도 2/4 (5초 대기)...
2026-03-09 21:47:53,688 [WARNING]   그리드 비디오 없음, 재시도 3/4 (7초 대기)...
2026-03-09 21:48:00,914 [WARNING]   그리드 비디오 없음, 재시도 4/4 (9초 대기)...
2026-03-09 21:48:10,136 [INFO]   그리드 비디오: 0개 (조회수: [])
2026-03-09 21:48:10,138 [WARNING]   그리드 비디오 없음 (4회 재시도 실패)
2026-03-09 21:48:10,168 [INFO]   → 저장: 0개 게시물 (기존 0개)
2026-03-09 21:48:13,170 [INFO] 
============================================================
2026-03-09 21:48:13,172 [INFO] [35/49] 씨아이엑스 (CIX)
2026-03-09 21:48:13,173 [INFO] ============================================================
2026-03-09 21:48:13,229 [INFO]   화면 OFF → 켜기
2026-03-09 21:48:15,395 [WARNING]   TikTok이 포그라운드 아님 (), 복귀...
2026-03-09 21:48:26,839 [WARNING]   프로필 불일치: 기대=cix_official 실제=(없음), 재시도 1...
2026-03-09 21:48:36,119 [WARNING]   프로필 불일치: 기대=cix_official 실제=(없음), 재시도 2...
2026-03-09 21:48:45,397 [ERROR]   프로필 불일치 해소 실패: 기대=cix_official 실제=(없음)
2026-03-09 21:48:45,399 [WARNING]   UI 노드 부족 (0), 재시도...
2026-03-09 21:48:49,561 [WARNING]   프로필 불일치: 기대=cix_official 실제=(없음), 재시도 1...
2026-03-09 21:48:58,840 [ERROR]   프로필 불일치 해소 실패: 기대=cix_official 실제=(없음)
2026-03-09 21:48:58,842 [INFO]   프로필:  | 팔로워 0 | 좋아요 0
2026-03-09 21:48:58,843 [WARNING]   그리드 비디오 없음, 재시도 1/4 (3초 대기)...
2026-03-09 21:49:02,059 [WARNING]   그리드 비디오 없음, 재시도 2/4 (5초 대기)...
2026-03-09 21:49:07,282 [WARNING]   그리드 비디오 없음, 재시도 3/4 (7초 대기)...
2026-03-09 21:49:14,506 [WARNING]   그리드 비디오 없음, 재시도 4/4 (9초 대기)...
2026-03-09 21:49:23,728 [INFO]   그리드 비디오: 0개 (조회수: [])
2026-03-09 21:49:23,730 [WARNING]   그리드 비디오 없음 (4회 재시도 실패)
2026-03-09 21:49:23,760 [INFO]   → 저장: 0개 게시물 (기존 0개)
2026-03-09 21:49:26,762 [INFO] 
============================================================
2026-03-09 21:49:26,764 [INFO] [36/49] 더뉴식스 (THE NEW SIX)
2026-03-09 21:49:26,765 [INFO] ============================================================
2026-03-09 21:49:26,823 [INFO]   화면 OFF → 켜기
2026-03-09 21:49:28,989 [WARNING]   TikTok이 포그라운드 아님 (), 복귀...
2026-03-09 21:49:40,441 [WARNING]   프로필 불일치: 기대=officialtnx 실제=(없음), 재시도 1...
2026-03-09 21:49:49,719 [WARNING]   프로필 불일치: 기대=officialtnx 실제=(없음), 재시도 2...
2026-03-09 21:49:58,993 [ERROR]   프로필 불일치 해소 실패: 기대=officialtnx 실제=(없음)
2026-03-09 21:49:58,995 [WARNING]   UI 노드 부족 (0), 재시도...
2026-03-09 21:50:03,162 [WARNING]   프로필 불일치: 기대=officialtnx 실제=(없음), 재시도 1...
2026-03-09 21:50:12,443 [ERROR]   프로필 불일치 해소 실패: 기대=officialtnx 실제=(없음)
2026-03-09 21:50:12,445 [INFO]   프로필:  | 팔로워 0 | 좋아요 0
2026-03-09 21:50:12,446 [WARNING]   그리드 비디오 없음, 재시도 1/4 (3초 대기)...
2026-03-09 21:50:15,667 [WARNING]   그리드 비디오 없음, 재시도 2/4 (5초 대기)...
2026-03-09 21:50:20,891 [WARNING]   그리드 비디오 없음, 재시도 3/4 (7초 대기)...
2026-03-09 21:50:28,112 [WARNING]   그리드 비디오 없음, 재시도 4/4 (9초 대기)...
2026-03-09 21:50:37,335 [INFO]   그리드 비디오: 0개 (조회수: [])
2026-03-09 21:50:37,337 [WARNING]   그리드 비디오 없음 (4회 재시도 실패)
2026-03-09 21:50:37,368 [INFO]   → 저장: 0개 게시물 (기존 0개)
2026-03-09 21:50:40,370 [INFO] 
============================================================
2026-03-09 21:50:40,372 [INFO] [37/49] 유나이트 (YOUNITE)
2026-03-09 21:50:40,373 [INFO] ============================================================
2026-03-09 21:50:40,430 [INFO]   화면 OFF → 켜기
2026-03-09 21:50:42,590 [WARNING]   TikTok이 포그라운드 아님 (), 복귀...
2026-03-09 21:50:54,045 [WARNING]   프로필 불일치: 기대=younite_bnm 실제=(없음), 재시도 1...
2026-03-09 21:51:03,326 [WARNING]   프로필 불일치: 기대=younite_bnm 실제=(없음), 재시도 2...
2026-03-09 21:51:12,605 [ERROR]   프로필 불일치 해소 실패: 기대=younite_bnm 실제=(없음)
2026-03-09 21:51:12,606 [WARNING]   UI 노드 부족 (0), 재시도...
2026-03-09 21:51:16,775 [WARNING]   프로필 불일치: 기대=younite_bnm 실제=(없음), 재시도 1...
2026-03-09 21:51:26,059 [ERROR]   프로필 불일치 해소 실패: 기대=younite_bnm 실제=(없음)
2026-03-09 21:51:26,061 [INFO]   프로필:  | 팔로워 0 | 좋아요 0
2026-03-09 21:51:26,062 [WARNING]   그리드 비디오 없음, 재시도 1/4 (3초 대기)...
2026-03-09 21:51:29,279 [WARNING]   그리드 비디오 없음, 재시도 2/4 (5초 대기)...
2026-03-09 21:51:34,500 [WARNING]   그리드 비디오 없음, 재시도 3/4 (7초 대기)...
2026-03-09 21:51:41,721 [WARNING]   그리드 비디오 없음, 재시도 4/4 (9초 대기)...
2026-03-09 21:51:50,941 [INFO]   그리드 비디오: 0개 (조회수: [])
2026-03-09 21:51:50,943 [WARNING]   그리드 비디오 없음 (4회 재시도 실패)
2026-03-09 21:51:50,974 [INFO]   → 저장: 0개 게시물 (기존 0개)
2026-03-09 21:51:53,976 [INFO] 
============================================================
2026-03-09 21:51:53,978 [INFO] [38/49] 위아이 (WEi)
2026-03-09 21:51:53,979 [INFO] ============================================================
2026-03-09 21:51:54,036 [INFO]   화면 OFF → 켜기
2026-03-09 21:51:56,203 [WARNING]   TikTok이 포그라운드 아님 (), 복귀...
2026-03-09 21:52:07,649 [WARNING]   프로필 불일치: 기대=wei__official 실제=(없음), 재시도 1...
2026-03-09 21:52:16,930 [WARNING]   프로필 불일치: 기대=wei__official 실제=(없음), 재시도 2...
2026-03-09 21:52:26,206 [ERROR]   프로필 불일치 해소 실패: 기대=wei__official 실제=(없음)
2026-03-09 21:52:26,207 [WARNING]   UI 노드 부족 (0), 재시도...
2026-03-09 21:52:30,373 [WARNING]   프로필 불일치: 기대=wei__official 실제=(없음), 재시도 1...
2026-03-09 21:52:39,652 [ERROR]   프로필 불일치 해소 실패: 기대=wei__official 실제=(없음)
2026-03-09 21:52:39,654 [INFO]   프로필:  | 팔로워 0 | 좋아요 0
2026-03-09 21:52:39,655 [WARNING]   그리드 비디오 없음, 재시도 1/4 (3초 대기)...
2026-03-09 21:52:42,874 [WARNING]   그리드 비디오 없음, 재시도 2/4 (5초 대기)...
2026-03-09 21:52:48,096 [WARNING]   그리드 비디오 없음, 재시도 3/4 (7초 대기)...
2026-03-09 21:52:55,323 [WARNING]   그리드 비디오 없음, 재시도 4/4 (9초 대기)...
2026-03-09 21:53:04,546 [INFO]   그리드 비디오: 0개 (조회수: [])
2026-03-09 21:53:04,548 [WARNING]   그리드 비디오 없음 (4회 재시도 실패)
2026-03-09 21:53:04,566 [WARNING]   → 스킵: 새 0개 < 기존 3개 (기존 유지)
2026-03-09 21:53:07,568 [INFO] 
============================================================
2026-03-09 21:53:07,570 [INFO] [39/49] 미래소년 (MIRAE)
2026-03-09 21:53:07,571 [INFO] ============================================================
2026-03-09 21:53:07,627 [INFO]   화면 OFF → 켜기
2026-03-09 21:53:09,792 [WARNING]   TikTok이 포그라운드 아님 (), 복귀...
2026-03-09 21:53:21,232 [WARNING]   프로필 불일치: 기대=official_mirae 실제=(없음), 재시도 1...
2026-03-09 21:53:30,507 [WARNING]   프로필 불일치: 기대=official_mirae 실제=(없음), 재시도 2...
2026-03-09 21:53:39,784 [ERROR]   프로필 불일치 해소 실패: 기대=official_mirae 실제=(없음)
2026-03-09 21:53:39,786 [WARNING]   UI 노드 부족 (0), 재시도...
2026-03-09 21:53:43,951 [WARNING]   프로필 불일치: 기대=official_mirae 실제=(없음), 재시도 1...
2026-03-09 21:53:53,235 [ERROR]   프로필 불일치 해소 실패: 기대=official_mirae 실제=(없음)
2026-03-09 21:53:53,237 [INFO]   프로필:  | 팔로워 0 | 좋아요 0
2026-03-09 21:53:53,238 [WARNING]   그리드 비디오 없음, 재시도 1/4 (3초 대기)...
2026-03-09 21:53:56,464 [WARNING]   그리드 비디오 없음, 재시도 2/4 (5초 대기)...
2026-03-09 21:54:01,688 [WARNING]   그리드 비디오 없음, 재시도 3/4 (7초 대기)...
2026-03-09 21:54:08,916 [WARNING]   그리드 비디오 없음, 재시도 4/4 (9초 대기)...
2026-03-09 21:54:18,139 [INFO]   그리드 비디오: 0개 (조회수: [])
2026-03-09 21:54:18,141 [WARNING]   그리드 비디오 없음 (4회 재시도 실패)
2026-03-09 21:54:18,174 [INFO]   → 저장: 0개 게시물 (기존 0개)
2026-03-09 21:54:21,176 [INFO] 
============================================================
2026-03-09 21:54:21,178 [INFO] [40/49] 싸이커스 (xikers)
2026-03-09 21:54:21,179 [INFO] ============================================================
2026-03-09 21:54:21,238 [INFO]   화면 OFF → 켜기
2026-03-09 21:54:23,408 [WARNING]   TikTok이 포그라운드 아님 (), 복귀...
2026-03-09 21:54:34,858 [WARNING]   프로필 불일치: 기대=xikers_official 실제=(없음), 재시도 1...
2026-03-09 21:54:44,144 [WARNING]   프로필 불일치: 기대=xikers_official 실제=(없음), 재시도 2...
2026-03-09 21:54:53,422 [ERROR]   프로필 불일치 해소 실패: 기대=xikers_official 실제=(없음)
2026-03-09 21:54:53,424 [WARNING]   UI 노드 부족 (0), 재시도...
2026-03-09 21:54:57,589 [WARNING]   프로필 불일치: 기대=xikers_official 실제=(없음), 재시도 1...
2026-03-09 21:55:06,870 [ERROR]   프로필 불일치 해소 실패: 기대=xikers_official 실제=(없음)
2026-03-09 21:55:06,872 [INFO]   프로필:  | 팔로워 0 | 좋아요 0
2026-03-09 21:55:06,873 [WARNING]   그리드 비디오 없음, 재시도 1/4 (3초 대기)...
2026-03-09 21:55:10,094 [WARNING]   그리드 비디오 없음, 재시도 2/4 (5초 대기)...
2026-03-09 21:55:15,317 [WARNING]   그리드 비디오 없음, 재시도 3/4 (7초 대기)...
2026-03-09 21:55:22,538 [WARNING]   그리드 비디오 없음, 재시도 4/4 (9초 대기)...
2026-03-09 21:55:31,767 [INFO]   그리드 비디오: 0개 (조회수: [])
2026-03-09 21:55:31,768 [WARNING]   그리드 비디오 없음 (4회 재시도 실패)
2026-03-09 21:55:31,799 [INFO]   → 저장: 0개 게시물 (기존 0개)
2026-03-09 21:55:34,801 [INFO] 
============================================================
2026-03-09 21:55:34,803 [INFO] [41/49] 에이티비오 (ATBO)
2026-03-09 21:55:34,804 [INFO] ============================================================
2026-03-09 21:55:34,868 [INFO]   화면 OFF → 켜기
2026-03-09 21:55:37,041 [WARNING]   TikTok이 포그라운드 아님 (), 복귀...
2026-03-09 21:55:48,496 [WARNING]   프로필 불일치: 기대=atboground 실제=(없음), 재시도 1...
2026-03-09 21:55:57,778 [WARNING]   프로필 불일치: 기대=atboground 실제=(없음), 재시도 2...
2026-03-09 21:56:07,069 [ERROR]   프로필 불일치 해소 실패: 기대=atboground 실제=(없음)
2026-03-09 21:56:07,071 [WARNING]   UI 노드 부족 (0), 재시도...
2026-03-09 21:56:11,240 [WARNING]   프로필 불일치: 기대=atboground 실제=(없음), 재시도 1...
2026-03-09 21:56:20,523 [ERROR]   프로필 불일치 해소 실패: 기대=atboground 실제=(없음)
2026-03-09 21:56:20,525 [INFO]   프로필:  | 팔로워 0 | 좋아요 0
2026-03-09 21:56:20,526 [WARNING]   그리드 비디오 없음, 재시도 1/4 (3초 대기)...
2026-03-09 21:56:23,746 [WARNING]   그리드 비디오 없음, 재시도 2/4 (5초 대기)...
2026-03-09 21:56:28,965 [WARNING]   그리드 비디오 없음, 재시도 3/4 (7초 대기)...
2026-03-09 21:56:36,190 [WARNING]   그리드 비디오 없음, 재시도 4/4 (9초 대기)...
2026-03-09 21:56:45,414 [INFO]   그리드 비디오: 0개 (조회수: [])
2026-03-09 21:56:45,415 [WARNING]   그리드 비디오 없음 (4회 재시도 실패)
2026-03-09 21:56:45,446 [INFO]   → 저장: 0개 게시물 (기존 0개)
2026-03-09 21:56:48,448 [INFO] 
============================================================
2026-03-09 21:56:48,450 [INFO] [42/49] 엘라스트 (E'LAST)
2026-03-09 21:56:48,451 [INFO] ============================================================
2026-03-09 21:56:48,508 [INFO]   화면 OFF → 켜기
2026-03-09 21:56:50,672 [WARNING]   TikTok이 포그라운드 아님 (), 복귀...
2026-03-09 21:57:02,126 [WARNING]   프로필 불일치: 기대=elast.official 실제=(없음), 재시도 1...
2026-03-09 21:57:11,410 [WARNING]   프로필 불일치: 기대=elast.official 실제=(없음), 재시도 2...
2026-03-09 21:57:20,688 [ERROR]   프로필 불일치 해소 실패: 기대=elast.official 실제=(없음)
2026-03-09 21:57:20,690 [WARNING]   UI 노드 부족 (0), 재시도...
2026-03-09 21:57:24,861 [WARNING]   프로필 불일치: 기대=elast.official 실제=(없음), 재시도 1...
2026-03-09 21:57:34,146 [ERROR]   프로필 불일치 해소 실패: 기대=elast.official 실제=(없음)
2026-03-09 21:57:34,147 [INFO]   프로필:  | 팔로워 0 | 좋아요 0
2026-03-09 21:57:34,148 [WARNING]   그리드 비디오 없음, 재시도 1/4 (3초 대기)...
2026-03-09 21:57:37,369 [WARNING]   그리드 비디오 없음, 재시도 2/4 (5초 대기)...
2026-03-09 21:57:42,592 [WARNING]   그리드 비디오 없음, 재시도 3/4 (7초 대기)...
2026-03-09 21:57:49,814 [WARNING]   그리드 비디오 없음, 재시도 4/4 (9초 대기)...
2026-03-09 21:57:59,038 [INFO]   그리드 비디오: 0개 (조회수: [])
2026-03-09 21:57:59,040 [WARNING]   그리드 비디오 없음 (4회 재시도 실패)
2026-03-09 21:57:59,071 [INFO]   → 저장: 0개 게시물 (기존 0개)
2026-03-09 21:58:02,073 [INFO] 
============================================================
2026-03-09 21:58:02,075 [INFO] [43/49] 올아워즈 (ALL(H)OURS)
2026-03-09 21:58:02,076 [INFO] ============================================================
2026-03-09 21:58:02,134 [INFO]   화면 OFF → 켜기
2026-03-09 21:58:04,303 [WARNING]   TikTok이 포그라운드 아님 (), 복귀...
2026-03-09 21:58:15,757 [WARNING]   프로필 불일치: 기대=all_h_ours 실제=(없음), 재시도 1...
2026-03-09 21:58:25,038 [WARNING]   프로필 불일치: 기대=all_h_ours 실제=(없음), 재시도 2...
2026-03-09 21:58:34,321 [ERROR]   프로필 불일치 해소 실패: 기대=all_h_ours 실제=(없음)
2026-03-09 21:58:34,322 [WARNING]   UI 노드 부족 (0), 재시도...
2026-03-09 21:58:38,493 [WARNING]   프로필 불일치: 기대=all_h_ours 실제=(없음), 재시도 1...
2026-03-09 21:58:47,774 [ERROR]   프로필 불일치 해소 실패: 기대=all_h_ours 실제=(없음)
2026-03-09 21:58:47,776 [INFO]   프로필:  | 팔로워 0 | 좋아요 0
2026-03-09 21:58:47,777 [WARNING]   그리드 비디오 없음, 재시도 1/4 (3초 대기)...
2026-03-09 21:58:50,997 [WARNING]   그리드 비디오 없음, 재시도 2/4 (5초 대기)...
2026-03-09 21:58:56,224 [WARNING]   그리드 비디오 없음, 재시도 3/4 (7초 대기)...
2026-03-09 21:59:03,443 [WARNING]   그리드 비디오 없음, 재시도 4/4 (9초 대기)...
2026-03-09 21:59:12,664 [INFO]   그리드 비디오: 0개 (조회수: [])
2026-03-09 21:59:12,665 [WARNING]   그리드 비디오 없음 (4회 재시도 실패)
2026-03-09 21:59:12,696 [INFO]   → 저장: 0개 게시물 (기존 0개)
2026-03-09 21:59:15,698 [INFO] 
============================================================
2026-03-09 21:59:15,701 [INFO] [44/49] 트렌드지 (TRENDZ)
2026-03-09 21:59:15,702 [INFO] ============================================================
2026-03-09 21:59:15,760 [INFO]   화면 OFF → 켜기
2026-03-09 21:59:17,925 [WARNING]   TikTok이 포그라운드 아님 (), 복귀...
2026-03-09 21:59:29,377 [WARNING]   프로필 불일치: 기대=trendz_offcl 실제=(없음), 재시도 1...
2026-03-09 21:59:38,661 [WARNING]   프로필 불일치: 기대=trendz_offcl 실제=(없음), 재시도 2...
2026-03-09 21:59:47,945 [ERROR]   프로필 불일치 해소 실패: 기대=trendz_offcl 실제=(없음)
2026-03-09 21:59:47,947 [WARNING]   UI 노드 부족 (0), 재시도...
2026-03-09 21:59:52,113 [WARNING]   프로필 불일치: 기대=trendz_offcl 실제=(없음), 재시도 1...
2026-03-09 22:00:01,397 [ERROR]   프로필 불일치 해소 실패: 기대=trendz_offcl 실제=(없음)
2026-03-09 22:00:01,399 [INFO]   프로필:  | 팔로워 0 | 좋아요 0
2026-03-09 22:00:01,400 [WARNING]   그리드 비디오 없음, 재시도 1/4 (3초 대기)...
2026-03-09 22:00:04,626 [WARNING]   그리드 비디오 없음, 재시도 2/4 (5초 대기)...
2026-03-09 22:00:09,851 [WARNING]   그리드 비디오 없음, 재시도 3/4 (7초 대기)...
2026-03-09 22:00:17,072 [WARNING]   그리드 비디오 없음, 재시도 4/4 (9초 대기)...
2026-03-09 22:00:26,295 [INFO]   그리드 비디오: 0개 (조회수: [])
2026-03-09 22:00:26,296 [WARNING]   그리드 비디오 없음 (4회 재시도 실패)
2026-03-09 22:00:26,327 [INFO]   → 저장: 0개 게시물 (기존 0개)
2026-03-09 22:00:29,329 [INFO] 
============================================================
2026-03-09 22:00:29,331 [INFO] [45/49] 블리처스 (BLITZERS)
2026-03-09 22:00:29,332 [INFO] ============================================================
2026-03-09 22:00:29,389 [INFO]   화면 OFF → 켜기
2026-03-09 22:00:31,556 [WARNING]   TikTok이 포그라운드 아님 (), 복귀...
2026-03-09 22:00:43,004 [WARNING]   프로필 불일치: 기대=blitzers_official 실제=(없음), 재시도 1...
2026-03-09 22:00:52,282 [WARNING]   프로필 불일치: 기대=blitzers_official 실제=(없음), 재시도 2...
2026-03-09 22:01:01,565 [ERROR]   프로필 불일치 해소 실패: 기대=blitzers_official 실제=(없음)
2026-03-09 22:01:01,567 [WARNING]   UI 노드 부족 (0), 재시도...
2026-03-09 22:01:05,735 [WARNING]   프로필 불일치: 기대=blitzers_official 실제=(없음), 재시도 1...
2026-03-09 22:01:15,014 [ERROR]   프로필 불일치 해소 실패: 기대=blitzers_official 실제=(없음)
2026-03-09 22:01:15,015 [INFO]   프로필:  | 팔로워 0 | 좋아요 0
2026-03-09 22:01:15,016 [WARNING]   그리드 비디오 없음, 재시도 1/4 (3초 대기)...
2026-03-09 22:01:18,239 [WARNING]   그리드 비디오 없음, 재시도 2/4 (5초 대기)...
2026-03-09 22:01:23,460 [WARNING]   그리드 비디오 없음, 재시도 3/4 (7초 대기)...
2026-03-09 22:01:30,682 [WARNING]   그리드 비디오 없음, 재시도 4/4 (9초 대기)...
2026-03-09 22:01:39,905 [INFO]   그리드 비디오: 0개 (조회수: [])
2026-03-09 22:01:39,906 [WARNING]   그리드 비디오 없음 (4회 재시도 실패)
2026-03-09 22:01:39,922 [WARNING]   → 스킵: 새 0개 < 기존 3개 (기존 유지)
2026-03-09 22:01:42,924 [INFO] 
============================================================
2026-03-09 22:01:42,925 [INFO] [46/49] 엑스러브 (XLOV)
2026-03-09 22:01:42,927 [INFO] ============================================================
2026-03-09 22:01:42,984 [INFO]   화면 OFF → 켜기
2026-03-09 22:01:45,147 [WARNING]   TikTok이 포그라운드 아님 (), 복귀...
2026-03-09 22:01:56,591 [WARNING]   프로필 불일치: 기대=xlov_official 실제=(없음), 재시도 1...
2026-03-09 22:02:05,869 [WARNING]   프로필 불일치: 기대=xlov_official 실제=(없음), 재시도 2...
2026-03-09 22:02:15,161 [ERROR]   프로필 불일치 해소 실패: 기대=xlov_official 실제=(없음)
2026-03-09 22:02:15,162 [WARNING]   UI 노드 부족 (0), 재시도...
2026-03-09 22:02:19,329 [WARNING]   프로필 불일치: 기대=xlov_official 실제=(없음), 재시도 1...
2026-03-09 22:02:28,607 [ERROR]   프로필 불일치 해소 실패: 기대=xlov_official 실제=(없음)
2026-03-09 22:02:28,609 [INFO]   프로필:  | 팔로워 0 | 좋아요 0
2026-03-09 22:02:28,610 [WARNING]   그리드 비디오 없음, 재시도 1/4 (3초 대기)...
2026-03-09 22:02:31,831 [WARNING]   그리드 비디오 없음, 재시도 2/4 (5초 대기)...
2026-03-09 22:02:37,055 [WARNING]   그리드 비디오 없음, 재시도 3/4 (7초 대기)...
2026-03-09 22:02:44,279 [WARNING]   그리드 비디오 없음, 재시도 4/4 (9초 대기)...
2026-03-09 22:02:53,502 [INFO]   그리드 비디오: 0개 (조회수: [])
2026-03-09 22:02:53,504 [WARNING]   그리드 비디오 없음 (4회 재시도 실패)
2026-03-09 22:02:53,521 [WARNING]   → 스킵: 새 0개 < 기존 2개 (기존 유지)
2026-03-09 22:02:56,523 [INFO] 
============================================================
2026-03-09 22:02:56,525 [INFO] [47/49] 코르티스 (CORTIS)
2026-03-09 22:02:56,526 [INFO] ============================================================
2026-03-09 22:02:56,584 [INFO]   화면 OFF → 켜기
2026-03-09 22:02:58,752 [WARNING]   TikTok이 포그라운드 아님 (), 복귀...
2026-03-09 22:03:10,205 [WARNING]   프로필 불일치: 기대=cortis_bighit 실제=(없음), 재시도 1...
2026-03-09 22:03:19,493 [WARNING]   프로필 불일치: 기대=cortis_bighit 실제=(없음), 재시도 2...
2026-03-09 22:03:28,781 [ERROR]   프로필 불일치 해소 실패: 기대=cortis_bighit 실제=(없음)
2026-03-09 22:03:28,783 [WARNING]   UI 노드 부족 (0), 재시도...
2026-03-09 22:03:32,948 [WARNING]   프로필 불일치: 기대=cortis_bighit 실제=(없음), 재시도 1...
2026-03-09 22:03:42,226 [ERROR]   프로필 불일치 해소 실패: 기대=cortis_bighit 실제=(없음)
2026-03-09 22:03:42,228 [INFO]   프로필:  | 팔로워 0 | 좋아요 0
2026-03-09 22:03:42,229 [WARNING]   그리드 비디오 없음, 재시도 1/4 (3초 대기)...
2026-03-09 22:03:45,448 [WARNING]   그리드 비디오 없음, 재시도 2/4 (5초 대기)...
2026-03-09 22:03:50,677 [WARNING]   그리드 비디오 없음, 재시도 3/4 (7초 대기)...
2026-03-09 22:03:57,906 [WARNING]   그리드 비디오 없음, 재시도 4/4 (9초 대기)...
2026-03-09 22:04:07,130 [INFO]   그리드 비디오: 0개 (조회수: [])
2026-03-09 22:04:07,132 [WARNING]   그리드 비디오 없음 (4회 재시도 실패)
2026-03-09 22:04:07,155 [WARNING]   → 스킵: 새 0개 < 기존 1개 (기존 유지)
2026-03-09 22:04:10,156 [INFO] 
============================================================
2026-03-09 22:04:10,158 [INFO] [48/49] 롱샷 (LNGSHOT)
2026-03-09 22:04:10,159 [INFO] ============================================================
2026-03-09 22:04:10,216 [INFO]   화면 OFF → 켜기
2026-03-09 22:04:12,392 [WARNING]   TikTok이 포그라운드 아님 (), 복귀...
2026-03-09 22:04:23,849 [WARNING]   프로필 불일치: 기대=lngshot4sho 실제=(없음), 재시도 1...
2026-03-09 22:04:33,130 [WARNING]   프로필 불일치: 기대=lngshot4sho 실제=(없음), 재시도 2...
2026-03-09 22:04:42,410 [ERROR]   프로필 불일치 해소 실패: 기대=lngshot4sho 실제=(없음)
2026-03-09 22:04:42,411 [WARNING]   UI 노드 부족 (0), 재시도...
2026-03-09 22:04:46,579 [WARNING]   프로필 불일치: 기대=lngshot4sho 실제=(없음), 재시도 1...
2026-03-09 22:04:55,859 [ERROR]   프로필 불일치 해소 실패: 기대=lngshot4sho 실제=(없음)
2026-03-09 22:04:55,860 [INFO]   프로필:  | 팔로워 0 | 좋아요 0
2026-03-09 22:04:55,861 [WARNING]   그리드 비디오 없음, 재시도 1/4 (3초 대기)...
2026-03-09 22:04:59,089 [WARNING]   그리드 비디오 없음, 재시도 2/4 (5초 대기)...
2026-03-09 22:05:04,313 [WARNING]   그리드 비디오 없음, 재시도 3/4 (7초 대기)...
2026-03-09 22:05:11,533 [WARNING]   그리드 비디오 없음, 재시도 4/4 (9초 대기)...
2026-03-09 22:05:20,753 [INFO]   그리드 비디오: 0개 (조회수: [])
2026-03-09 22:05:20,755 [WARNING]   그리드 비디오 없음 (4회 재시도 실패)
2026-03-09 22:05:20,770 [WARNING]   → 스킵: 새 0개 < 기존 1개 (기존 유지)
2026-03-09 22:05:23,771 [INFO] 
============================================================
2026-03-09 22:05:23,773 [INFO] [49/49] 마마무 (MAMAMOO)
2026-03-09 22:05:23,774 [INFO] ============================================================
2026-03-09 22:05:23,831 [INFO]   화면 OFF → 켜기
2026-03-09 22:05:25,998 [WARNING]   TikTok이 포그라운드 아님 (), 복귀...
2026-03-09 22:05:37,450 [WARNING]   프로필 불일치: 기대=official_mamamoo 실제=(없음), 재시도 1...
2026-03-09 22:05:46,736 [WARNING]   프로필 불일치: 기대=official_mamamoo 실제=(없음), 재시도 2...
2026-03-09 22:05:56,016 [ERROR]   프로필 불일치 해소 실패: 기대=official_mamamoo 실제=(없음)
2026-03-09 22:05:56,018 [WARNING]   UI 노드 부족 (0), 재시도...
2026-03-09 22:06:00,186 [WARNING]   프로필 불일치: 기대=official_mamamoo 실제=(없음), 재시도 1...
2026-03-09 22:06:09,472 [ERROR]   프로필 불일치 해소 실패: 기대=official_mamamoo 실제=(없음)
2026-03-09 22:06:09,474 [INFO]   프로필:  | 팔로워 0 | 좋아요 0
2026-03-09 22:06:09,475 [WARNING]   그리드 비디오 없음, 재시도 1/4 (3초 대기)...
2026-03-09 22:06:12,704 [WARNING]   그리드 비디오 없음, 재시도 2/4 (5초 대기)...
2026-03-09 22:06:17,932 [WARNING]   그리드 비디오 없음, 재시도 3/4 (7초 대기)...
2026-03-09 22:06:25,176 [WARNING]   그리드 비디오 없음, 재시도 4/4 (9초 대기)...
2026-03-09 22:06:34,403 [INFO]   그리드 비디오: 0개 (조회수: [])
2026-03-09 22:06:34,405 [WARNING]   그리드 비디오 없음 (4회 재시도 실패)
2026-03-09 22:06:34,419 [WARNING]   → 스킵: 새 0개 < 기존 44개 (기존 유지)
2026-03-09 22:06:34,421 [INFO] 
============================================================
2026-03-09 22:06:34,422 [INFO] 재크롤링 완료: 성공 37개, 스킵 12개
