date,group,subscribers,source
2024-03-01,(G)I-DLE,8110000,historical
2024-03-01,82MAJOR,97200,historical
2024-03-01,8TURN,1220000,historical
2024-03-01,AB6IX,523000,historical
2024-03-01,AIMERS,54200,historical
2024-03-01,ALL(H)OURS,114000,historical
2024-03-01,AMPERS&ONE,119000,historical
2024-03-01,ARTBEAT v,4450000,historical
2024-03-01,ASTRO,5330000,historical
2024-03-01,ATBO,186000,historical
2024-03-01,ATEEZ,3790000,historical
2024-03-01,BABYMONSTER,4820000,historical
2024-03-01,BAE173,240000,historical
2024-03-01,BLACKPINK,93300000,historical
2024-03-01,BLACKSWAN,819000,historical
2024-03-01,BOYNEXTDOOR,729000,historical
2024-03-01,BTS,77700000,historical
2024-03-01,Billlie,662000,historical
2024-03-01,CIX,1040000,historical
2024-03-01,CLASS:y,314000,historical
2024-03-01,CRAVITY,799000,historical
2024-03-01,CSR,128000,historical
2024-03-01,Candy Shop,9450,historical
2024-03-01,DAY6,1970000,historical
2024-03-01,DKB,180000,historical
2024-03-01,DRIPPIN,179000,historical
2024-03-01,DXMON,43600,historical
2024-03-01,Dreamcatcher,1740000,historical
2024-03-01,ENHYPEN,9470000,historical
2024-03-01,EPEX,532000,historical
2024-03-01,EVERGLOW,1940000,historical
2024-03-01,EVNNE,632000,historical
2024-03-01,FANTASY BOYS,50500,historical
2024-03-01,"Golden Child, GNCD",388000,historical
2024-03-01,H1-KEY,349000,historical
2024-03-01,ICHILLIN',83700,historical
2024-03-01,ILLIT,469000,historical
2024-03-01,ILY:1,167000,historical
2024-03-01,ITZY,9080000,historical
2024-03-01,IVE,3430000,historical
2024-03-01,Ikon,8750000,historical
2024-03-01,KINGDOM,393000,historical
2024-03-01,KISS OF LIFE,914000,historical
2024-03-01,Kep1er,2490000,historical
2024-03-01,LE SSERAFIM,5100000,historical
2024-03-01,LIMELIGHT,77800,historical
2024-03-01,LUN8,459000,historical
2024-03-01,Loossemble,143000,historical
2024-03-01,MONSTA X,2570000,historical
2024-03-01,NCT 127,5570000,historical
2024-03-01,NCT DREAM,6770000,historical
2024-03-01,NINE.i,231000,historical
2024-03-01,NMIXX,2530000,historical
2024-03-01,NewJeans,6760000,historical
2024-03-01,OH MY GIRL,1040000,historical
2024-03-01,OMEGA X,368000,historical
2024-03-01,ONE PACT,98200,historical
2024-03-01,ONEUS,1560000,historical
2024-03-01,ONF,259000,historical
2024-03-01,P1Harmony,1020000,historical
2024-03-01,PENTAGON,1710000,historical
2024-03-01,PLAVE,626000,historical
2024-03-01,POW,67500,historical
2024-03-01,PURPLE KISS,685000,historical
2024-03-01,QWER,691000,historical
2024-03-01,RESCENE,49700,historical
2024-03-01,RIIZE,1020000,historical
2024-03-01,Red Velvet,5430000,historical
2024-03-01,Rocket Punch,209000,historical
2024-03-01,SECRET NUMBER,1640000,historical
2024-03-01,SEVENTEEN,10900000,historical
2024-03-01,SEVENUS,14900,historical
2024-03-01,SF9,1000000,historical
2024-03-01,STAYC,1710000,historical
2024-03-01,Stray Kids,15900000,historical
2024-03-01,TEMPEST,481000,historical
2024-03-01,THE BOYZ,2220000,historical
2024-03-01,THE NEW SIX,815000,historical
2024-03-01,TIOT,61400,historical
2024-03-01,TREASURE,7440000,historical
2024-03-01,TRI.BE,561000,historical
2024-03-01,TWICE,17100000,historical
2024-03-01,TWS,369000,historical
2024-03-01,TXT,11600000,historical
2024-03-01,The Wind,519000,historical
2024-03-01,UNIS,356000,historical
2024-03-01,VANNER,92700,historical
2024-03-01,VIVIZ,563000,historical
2024-03-01,WEi,691000,historical
2024-03-01,WHIB,462000,historical
2024-03-01,WJSN,302000,historical
2024-03-01,Weeekly,329000,historical
2024-03-01,Weki Meki,656000,historical
2024-03-01,XODIAC,510000,historical
2024-03-01,Xdinary Heroes,1050000,historical
2024-03-01,YOUNG POSSE,124000,historical
2024-03-01,YOUNITE,102000,historical
2024-03-01,ZEROBASEONE,1360000,historical
2024-03-01,aespa,5480000,historical
2024-03-01,cignature,144000,historical
2024-03-01,fromis_9,1170000,historical
2024-03-01,n.SSign,73700,historical
2024-03-01,tripleS,2290000,historical
2024-03-01,woo!ah!,302000,historical
2024-03-01,xikers,397000,historical
2024-04-01,(G)I-DLE,8230000,historical
2024-04-01,82MAJOR,118000,historical
2024-04-01,8TURN,1220000,historical
2024-04-01,AB6IX,522000,historical
2024-04-01,AIMERS,54200,historical
2024-04-01,ALL(H)OURS,117000,historical
2024-04-01,AMPERS&ONE,123000,historical
2024-04-01,ARTBEAT v,4480000,historical
2024-04-01,ARTMS,728000,historical
2024-04-01,ASTRO,5360000,historical
2024-04-01,ATBO,186000,historical
2024-04-01,ATEEZ,3830000,historical
2024-04-01,BABYMONSTER,5260000,historical
2024-04-01,BAE173,241000,historical
2024-04-01,BLACKPINK,93500000,historical
2024-04-01,BLACKSWAN,824000,historical
2024-04-01,BOYNEXTDOOR,802000,historical
2024-04-01,BTS,77800000,historical
2024-04-01,Billlie,664000,historical
2024-04-01,CIX,1040000,historical
2024-04-01,CLASS:y,314000,historical
2024-04-01,CRAVITY,803000,historical
2024-04-01,CSR,129000,historical
2024-04-01,Candy Shop,15900,historical
2024-04-01,DAY6,1970000,historical
2024-04-01,DKB,186000,historical
2024-04-01,DRIPPIN,179000,historical
2024-04-01,DXMON,44700,historical
2024-04-01,Dreamcatcher,1740000,historical
2024-04-01,ENHYPEN,9640000,historical
2024-04-01,EPEX,541000,historical
2024-04-01,EVERGLOW,1940000,historical
2024-04-01,EVNNE,632000,historical
2024-04-01,FANTASY BOYS,51200,historical
2024-04-01,"Golden Child, GNCD",388000,historical
2024-04-01,H1-KEY,350000,historical
2024-04-01,ICHILLIN',85600,historical
2024-04-01,ILLIT,801000,historical
2024-04-01,ILY:1,169000,historical
2024-04-01,ITZY,9120000,historical
2024-04-01,IVE,3480000,historical
2024-04-01,Ikon,8750000,historical
2024-04-01,KINGDOM,392000,historical
2024-04-01,KISS OF LIFE,1090000,historical
2024-04-01,Kep1er,2500000,historical
2024-04-01,LE SSERAFIM,5230000,historical
2024-04-01,LIMELIGHT,78600,historical
2024-04-01,LUN8,519000,historical
2024-04-01,Loossemble,157000,historical
2024-04-01,MONSTA X,2570000,historical
2024-04-01,NCT 127,5590000,historical
2024-04-01,NCT DREAM,6820000,historical
2024-04-01,NINE.i,231000,historical
2024-04-01,NMIXX,2580000,historical
2024-04-01,NOWADAYS,37000,historical
2024-04-01,NewJeans,6840000,historical
2024-04-01,OH MY GIRL,1040000,historical
2024-04-01,OMEGA X,368000,historical
2024-04-01,ONE PACT,100000,historical
2024-04-01,ONEUS,1560000,historical
2024-04-01,ONF,267000,historical
2024-04-01,P1Harmony,1060000,historical
2024-04-01,PENTAGON,1700000,historical
2024-04-01,PICKUS,3250,historical
2024-04-01,PLAVE,663000,historical
2024-04-01,POW,70400,historical
2024-04-01,PURPLE KISS,689000,historical
2024-04-01,QWER,773000,historical
2024-04-01,RESCENE,57300,historical
2024-04-01,RIIZE,1240000,historical
2024-04-01,Red Velvet,5430000,historical
2024-04-01,Rocket Punch,210000,historical
2024-04-01,SECRET NUMBER,1650000,historical
2024-04-01,SEVENTEEN,11000000,historical
2024-04-01,SEVENUS,15700,historical
2024-04-01,SF9,1000000,historical
2024-04-01,STAYC,1720000,historical
2024-04-01,Stray Kids,16100000,historical
2024-04-01,TEMPEST,482000,historical
2024-04-01,THE BOYZ,2240000,historical
2024-04-01,THE NEW SIX,815000,historical
2024-04-01,TIOT,66300,historical
2024-04-01,TREASURE,7460000,historical
2024-04-01,TRI.BE,568000,historical
2024-04-01,TWICE,17100000,historical
2024-04-01,TWS,409000,historical
2024-04-01,TXT,11700000,historical
2024-04-01,The Wind,544000,historical
2024-04-01,UNIS,441000,historical
2024-04-01,VANNER,93200,historical
2024-04-01,VIVIZ,574000,historical
2024-04-01,WEi,691000,historical
2024-04-01,WHIB,461000,historical
2024-04-01,WJSN,303000,historical
2024-04-01,Weeekly,329000,historical
2024-04-01,Weki Meki,655000,historical
2024-04-01,XODIAC,530000,historical
2024-04-01,Xdinary Heroes,1060000,historical
2024-04-01,YOUNG POSSE,162000,historical
2024-04-01,YOUNITE,102000,historical
2024-04-01,ZEROBASEONE,1400000,historical
2024-04-01,aespa,5530000,historical
2024-04-01,cignature,145000,historical
2024-04-01,fromis_9,1180000,historical
2024-04-01,n.SSign,75500,historical
2024-04-01,tripleS,2290000,historical
2024-04-01,woo!ah!,314000,historical
2024-04-01,xikers,406000,historical
2024-05-01,(G)I-DLE,8340000,historical
2024-05-01,82MAJOR,462000,historical
2024-05-01,8TURN,1220000,historical
2024-05-01,AB6IX,521000,historical
2024-05-01,ADYA,12100,historical
2024-05-01,AIMERS,54600,historical
2024-05-01,ALL(H)OURS,117000,historical
2024-05-01,AMPERS&ONE,126000,historical
2024-05-01,ARTBEAT v,4530000,historical
2024-05-01,ARTMS,739000,historical
2024-05-01,ASC2NT,6570,historical
2024-05-01,ASTRO,5360000,historical
2024-05-01,ATBO,187000,historical
2024-05-01,ATEEZ,3870000,historical
2024-05-01,BABYMONSTER,5640000,historical
2024-05-01,BAE173,241000,historical
2024-05-01,BEWAVE,23300,historical
2024-05-01,BLACKPINK,93800000,historical
2024-05-01,BLACKSWAN,825000,historical
2024-05-01,BOYNEXTDOOR,924000,historical
2024-05-01,BTS,78100000,historical
2024-05-01,Billlie,668000,historical
2024-05-01,CIX,1040000,historical
2024-05-01,CLASS:y,314000,historical
2024-05-01,CRAVITY,813000,historical
2024-05-01,CSR,130000,historical
2024-05-01,Candy Shop,16900,historical
2024-05-01,DAY6,2000000,historical
2024-05-01,DKB,186000,historical
2024-05-01,DRIPPIN,179000,historical
2024-05-01,DXMON,48900,historical
2024-05-01,DayChild,984,historical
2024-05-01,Dreamcatcher,1740000,historical
2024-05-01,E'LAST,276000,historical
2024-05-01,EASTSHINE,22600,historical
2024-05-01,ENHYPEN,9850000,historical
2024-05-01,EPEX,543000,historical
2024-05-01,EVERGLOW,1940000,historical
2024-05-01,EVNNE,631000,historical
2024-05-01,FANTASY BOYS,54700,historical
2024-05-01,"Golden Child, GNCD",387000,historical
2024-05-01,H1-KEY,351000,historical
2024-05-01,HAWW,56600,historical
2024-05-01,ICHILLIN',87000,historical
2024-05-01,ILLIT,1400000,historical
2024-05-01,ILY:1,169000,historical
2024-05-01,IRRIS,48600,historical
2024-05-01,ITZY,9160000,historical
2024-05-01,IVE,3600000,historical
2024-05-01,Ikon,8750000,historical
2024-05-01,KISS OF LIFE,1210000,historical
2024-05-01,Kep1er,2500000,historical
2024-05-01,LE SSERAFIM,5310000,historical
2024-05-01,LIMELIGHT,80900,historical
2024-05-01,LUN8,628000,historical
2024-05-01,Loossemble,164000,historical
2024-05-01,MCND,384000,historical
2024-05-01,MIRAE,415000,historical
2024-05-01,MONSTA X,2570000,historical
2024-05-01,NCHIVE,9430,historical
2024-05-01,NCT 127,5590000,historical
2024-05-01,NCT DREAM,6850000,historical
2024-05-01,NEXZ,250000,historical
2024-05-01,NINE.i,232000,historical
2024-05-01,NMIXX,2630000,historical
2024-05-01,NOMAD,55000,historical
2024-05-01,NOWADAYS,51500,historical
2024-05-01,NewJeans,7080000,historical
2024-05-01,OH MY GIRL,1040000,historical
2024-05-01,OMEGA X,376000,historical
2024-05-01,ONE PACT,101000,historical
2024-05-01,ONEUS,1560000,historical
2024-05-01,ONF,270000,historical
2024-05-01,P1Harmony,1100000,historical
2024-05-01,PENTAGON,1700000,historical
2024-05-01,PICKUS,6010,historical
2024-05-01,PINKVERSE,58400,historical
2024-05-01,PLAVE,707000,historical
2024-05-01,POW,76100,historical
2024-05-01,PURPLE KISS,690000,historical
2024-05-01,QWER,843000,historical
2024-05-01,RESCENE,65100,historical
2024-05-01,RIIZE,1330000,historical
2024-05-01,Red Velvet,5430000,historical
2024-05-01,Rocket Punch,209000,historical
2024-05-01,SECRET NUMBER,1650000,historical
2024-05-01,SEVENTEEN,11300000,historical
2024-05-01,SEVENUS,16000,historical
2024-05-01,SF9,1000000,historical
2024-05-01,SPIA,8890,historical
2024-05-01,STAYC,1720000,historical
2024-05-01,Stray Kids,16400000,historical
2024-05-01,TEMPEST,484000,historical
2024-05-01,THE BOYZ,2250000,historical
2024-05-01,THE NEW SIX,817000,historical
2024-05-01,TIOT,72900,historical
2024-05-01,TREASURE,7510000,historical
2024-05-01,TRI.BE,575000,historical
2024-05-01,TWICE,17200000,historical
2024-05-01,TWS,432000,historical
2024-05-01,TXT,11800000,historical
2024-05-01,The KingDom,395000,historical
2024-05-01,The Wind,574000,historical
2024-05-01,UNICODE,843,historical
2024-05-01,UNIS,478000,historical
2024-05-01,VANNER,94100,historical
2024-05-01,VIVIZ,586000,historical
2024-05-01,ViV,3490,historical
2024-05-01,WAKER,13500,historical
2024-05-01,WEi,690000,historical
2024-05-01,WHIB,467000,historical
2024-05-01,WJSN,304000,historical
2024-05-01,We;Na,19900,historical
2024-05-01,Weeekly,329000,historical
2024-05-01,Weki Meki,654000,historical
2024-05-01,XODIAC,543000,historical
2024-05-01,Xdinary Heroes,1070000,historical
2024-05-01,YOUNG POSSE,191000,historical
2024-05-01,YOUNITE,104000,historical
2024-05-01,ZEROBASEONE,1460000,historical
2024-05-01,aespa,5780000,historical
2024-05-01,cignature,145000,historical
2024-05-01,fromis_9,1180000,historical
2024-05-01,n.SSign,76800,historical
2024-05-01,tripleS,2550000,historical
2024-05-01,woo!ah!,336000,historical
2024-05-01,xikers,413000,historical
2024-06-01,(G)I-DLE,8410000,historical
2024-06-01,82MAJOR,462000,historical
2024-06-01,8TURN,1220000,historical
2024-06-01,AB6IX,520000,historical
2024-06-01,ADYA,12600,historical
2024-06-01,AIMERS,54500,historical
2024-06-01,ALL(H)OURS,117000,historical
2024-06-01,AMPERS&ONE,129000,historical
2024-06-01,ARTBEAT v,4560000,historical
2024-06-01,ARTMS,913000,historical
2024-06-01,ASC2NT,48800,historical
2024-06-01,ASTRO,5360000,historical
2024-06-01,ATBO,187000,historical
2024-06-01,ATEEZ,3930000,historical
2024-06-01,B.D.U,11800,historical
2024-06-01,BABYMONSTER,6030000,historical
2024-06-01,BADVILLAIN,79400,historical
2024-06-01,BAE173,240000,historical
2024-06-01,BEWAVE,25200,historical
2024-06-01,BLACKPINK,94100000,historical
2024-06-01,BLACKSWAN,826000,historical
2024-06-01,BLITZERS,206000,historical
2024-06-01,BOYNEXTDOOR,995000,historical
2024-06-01,BTS,78400000,historical
2024-06-01,Billlie,673000,historical
2024-06-01,CIX,1030000,historical
2024-06-01,CLASS:y,314000,historical
2024-06-01,CRAVITY,816000,historical
2024-06-01,CSR,134000,historical
2024-06-01,Candy Shop,18200,historical
2024-06-01,DAY6,2010000,historical
2024-06-01,DKB,186000,historical
2024-06-01,DRIPPIN,179000,historical
2024-06-01,DXMON,50100,historical
2024-06-01,DayChild,1180,historical
2024-06-01,Dreamcatcher,1740000,historical
2024-06-01,E'LAST,281000,historical
2024-06-01,EASTSHINE,32000,historical
2024-06-01,ENHYPEN,10000000,historical
2024-06-01,EPEX,544000,historical
2024-06-01,EVERGLOW,1970000,historical
2024-06-01,EVNNE,635000,historical
2024-06-01,FANTASY BOYS,56300,historical
2024-06-01,"Golden Child, GNCD",390000,historical
2024-06-01,H1-KEY,360000,historical
2024-06-01,HAWW,56500,historical
2024-06-01,ICHILLIN',87700,historical
2024-06-01,ILLIT,1520000,historical
2024-06-01,ILY:1,169000,historical
2024-06-01,IRRIS,48500,historical
2024-06-01,ITZY,9180000,historical
2024-06-01,IVE,3650000,historical
2024-06-01,Ikon,8740000,historical
2024-06-01,KISS OF LIFE,1260000,historical
2024-06-01,Kep1er,2520000,historical
2024-06-01,LE SSERAFIM,5330000,historical
2024-06-01,LIMELIGHT,82700,historical
2024-06-01,LUN8,713000,historical
2024-06-01,Loossemble,167000,historical
2024-06-01,MCND,383000,historical
2024-06-01,MIRAE,414000,historical
2024-06-01,MONSTA X,2570000,historical
2024-06-01,NCHIVE,9710,historical
2024-06-01,NCT 127,5480000,historical
2024-06-01,NCT DREAM,6670000,historical
2024-06-01,NEXZ,276000,historical
2024-06-01,NINE.i,231000,historical
2024-06-01,NMIXX,2660000,historical
2024-06-01,NOMAD,56200,historical
2024-06-01,NOWADAYS,56900,historical
2024-06-01,NewJeans,7300000,historical
2024-06-01,OH MY GIRL,1040000,historical
2024-06-01,OMEGA X,379000,historical
2024-06-01,ONE PACT,107000,historical
2024-06-01,ONEUS,1560000,historical
2024-06-01,ONF,271000,historical
2024-06-01,P1Harmony,1110000,historical
2024-06-01,PENTAGON,1700000,historical
2024-06-01,PICKUS,6350,historical
2024-06-01,PINKVERSE,159000,historical
2024-06-01,PLAVE,719000,historical
2024-06-01,POW,77200,historical
2024-06-01,PRIMROSE,74000,historical
2024-06-01,PURPLE KISS,691000,historical
2024-06-01,QWER,884000,historical
2024-06-01,RESCENE,68200,historical
2024-06-01,RIIZE,1440000,historical
2024-06-01,Red Velvet,5440000,historical
2024-06-01,Rocket Punch,209000,historical
2024-06-01,SECRET NUMBER,1640000,historical
2024-06-01,SEVENTEEN,12000000,historical
2024-06-01,SEVENUS,16000,historical
2024-06-01,SF9,1000000,historical
2024-06-01,SPIA,10400,historical
2024-06-01,STAYC,1720000,historical
2024-06-01,Stray Kids,16600000,historical
2024-06-01,TEMPEST,490000,historical
2024-06-01,THE BOYZ,2250000,historical
2024-06-01,THE NEW SIX,816000,historical
2024-06-01,TIOT,73600,historical
2024-06-01,TREASURE,7530000,historical
2024-06-01,TRENDZ,172000,historical
2024-06-01,TRI.BE,578000,historical
2024-06-01,TWICE,17300000,historical
2024-06-01,TWS,469000,historical
2024-06-01,TXT,11900000,historical
2024-06-01,The KingDom,394000,historical
2024-06-01,The Wind,604000,historical
2024-06-01,UNICODE,903,historical
2024-06-01,UNIS,500000,historical
2024-06-01,VANNER,94900,historical
2024-06-01,VIVIZ,593000,historical
2024-06-01,ViV,3570,historical
2024-06-01,WAKER,13800,historical
2024-06-01,WEi,688000,historical
2024-06-01,WHIB,478000,historical
2024-06-01,WJSN,304000,historical
2024-06-01,We;Na,20100,historical
2024-06-01,Weeekly,329000,historical
2024-06-01,Weki Meki,654000,historical
2024-06-01,XODIAC,570000,historical
2024-06-01,Xdinary Heroes,1080000,historical
2024-06-01,YOUNG POSSE,200000,historical
2024-06-01,YOUNITE,105000,historical
2024-06-01,ZEROBASEONE,1490000,historical
2024-06-01,aespa,5970000,historical
2024-06-01,cignature,158000,historical
2024-06-01,fromis_9,1190000,historical
2024-06-01,n.SSign,77400,historical
2024-06-01,tripleS,2570000,historical
2024-06-01,woo!ah!,356000,historical
2024-06-01,xikers,419000,historical
2024-07-01,(G)I-DLE,8590000,historical
2024-07-01,82MAJOR,462000,historical
2024-07-01,8TURN,1230000,historical
2024-07-01,AB6IX,519000,historical
2024-07-01,ADYA,12900,historical
2024-07-01,AIMERS,56500,historical
2024-07-01,ALL(H)OURS,252000,historical
2024-07-01,AMPERS&ONE,161000,historical
2024-07-01,ARTBEAT v,4580000,historical
2024-07-01,ARTMS,917000,historical
2024-07-01,ASC2NT,70300,historical
2024-07-01,ASTRO,5370000,historical
2024-07-01,ATBO,187000,historical
2024-07-01,ATEEZ,3980000,historical
2024-07-01,B.D.U,23500,historical
2024-07-01,BABYMONSTER,6530000,historical
2024-07-01,BADVILLAIN,89400,historical
2024-07-01,BAE173,240000,historical
2024-07-01,BEWAVE,26300,historical
2024-07-01,BLACKPINK,94400000,historical
2024-07-01,BLACKSWAN,827000,historical
2024-07-01,BLITZERS,208000,historical
2024-07-01,BOYNEXTDOOR,1060000,historical
2024-07-01,BTS,78600000,historical
2024-07-01,Billlie,677000,historical
2024-07-01,CIX,1030000,historical
2024-07-01,CLASS:y,314000,historical
2024-07-01,CRAVITY,818000,historical
2024-07-01,CRAXY,239000,historical
2024-07-01,CSR,136000,historical
2024-07-01,Candy Shop,18900,historical
2024-07-01,DAY6,2030000,historical
2024-07-01,DKB,187000,historical
2024-07-01,DRIPPIN,179000,historical
2024-07-01,DXMON,50800,historical
2024-07-01,DayChild,1320,historical
2024-07-01,Dreamcatcher,1770000,historical
2024-07-01,E'LAST,286000,historical
2024-07-01,EASTSHINE,32000,historical
2024-07-01,ENHYPEN,10200000,historical
2024-07-01,EPEX,544000,historical
2024-07-01,EVERGLOW,1980000,historical
2024-07-01,EVNNE,637000,historical
2024-07-01,FANTASY BOYS,56800,historical
2024-07-01,Geenius,28500,historical
2024-07-01,"Golden Child, GNCD",391000,historical
2024-07-01,H1-KEY,375000,historical
2024-07-01,HAWW,56300,historical
2024-07-01,I:MOND,7030,historical
2024-07-01,ICHILLIN',88200,historical
2024-07-01,ILLIT,1630000,historical
2024-07-01,ILY:1,169000,historical
2024-07-01,IRRIS,48300,historical
2024-07-01,ITZY,9220000,historical
2024-07-01,IVE,3690000,historical
2024-07-01,Ikon,8730000,historical
2024-07-01,KISS OF LIFE,1450000,historical
2024-07-01,Kep1er,2530000,historical
2024-07-01,LE SSERAFIM,5360000,historical
2024-07-01,LIMELIGHT,85200,historical
2024-07-01,LUN8,774000,historical
2024-07-01,Loossemble,170000,historical
2024-07-01,MCND,383000,historical
2024-07-01,MIRAE,413000,historical
2024-07-01,MONSTA X,2570000,historical
2024-07-01,NCHIVE,10100,historical
2024-07-01,NCT 127,5520000,historical
2024-07-01,NCT DREAM,6700000,historical
2024-07-01,NEXZ,289000,historical
2024-07-01,NINE.i,232000,historical
2024-07-01,NMIXX,2680000,historical
2024-07-01,NOMAD,56500,historical
2024-07-01,NOWADAYS,60800,historical
2024-07-01,NewJeans,7490000,historical
2024-07-01,OH MY GIRL,1040000,historical
2024-07-01,OMEGA X,382000,historical
2024-07-01,ONE PACT,110000,historical
2024-07-01,ONEUS,1570000,historical
2024-07-01,ONF,271000,historical
2024-07-01,P1Harmony,1130000,historical
2024-07-01,PENTAGON,1700000,historical
2024-07-01,PICKUS,6870,historical
2024-07-01,PINKVERSE,161000,historical
2024-07-01,PLAVE,741000,historical
2024-07-01,POW,80100,historical
2024-07-01,PRIMROSE,116000,historical
2024-07-01,PURPLE KISS,691000,historical
2024-07-01,QWER,912000,historical
2024-07-01,RESCENE,69100,historical
2024-07-01,RIIZE,1570000,historical
2024-07-01,Red Velvet,5470000,historical
2024-07-01,Rocket Punch,208000,historical
2024-07-01,SECRET NUMBER,1640000,historical
2024-07-01,SEVENTEEN,12800000,historical
2024-07-01,SEVENUS,16100,historical
2024-07-01,SF9,1000000,historical
2024-07-01,SPIA,10700,historical
2024-07-01,STAYC,1740000,historical
2024-07-01,Stray Kids,17100000,historical
2024-07-01,TEMPEST,494000,historical
2024-07-01,THE BOYZ,2260000,historical
2024-07-01,THE NEW SIX,814000,historical
2024-07-01,TIOT,74600,historical
2024-07-01,TREASURE,7540000,historical
2024-07-01,TRENDZ,173000,historical
2024-07-01,TRI.BE,580000,historical
2024-07-01,TWICE,17400000,historical
2024-07-01,TWS,877000,historical
2024-07-01,TXT,12000000,historical
2024-07-01,The KingDom,393000,historical
2024-07-01,The Wind,618000,historical
2024-07-01,UNICODE,980,historical
2024-07-01,UNIS,520000,historical
2024-07-01,VANNER,95100,historical
2024-07-01,VIVIZ,599000,historical
2024-07-01,ViV,3560,historical
2024-07-01,WAKER,17200,historical
2024-07-01,WATERFIRE,5160,historical
2024-07-01,WEi,688000,historical
2024-07-01,WHIB,478000,historical
2024-07-01,WJSN,305000,historical
2024-07-01,We;Na,20300,historical
2024-07-01,Weeekly,333000,historical
2024-07-01,Weki Meki,653000,historical
2024-07-01,XODIAC,584000,historical
2024-07-01,Xdinary Heroes,1090000,historical
2024-07-01,YOUNG POSSE,205000,historical
2024-07-01,YOUNITE,105000,historical
2024-07-01,ZEROBASEONE,1530000,historical
2024-07-01,aespa,6130000,historical
2024-07-01,cignature,162000,historical
2024-07-01,fromis_9,1190000,historical
2024-07-01,izna,175000,historical
2024-07-01,n.SSign,79000,historical
2024-07-01,tripleS,2590000,historical
2024-07-01,woo!ah!,365000,historical
2024-07-01,xikers,421000,historical
2024-08-01,(G)I-DLE,8720000,historical
2024-08-01,82MAJOR,462000,historical
2024-08-01,8TURN,1240000,historical
2024-08-01,AB6IX,517000,historical
2024-08-01,ADYA,13700,historical
2024-08-01,AEONIT,10900,historical
2024-08-01,AIMERS,56500,historical
2024-08-01,ALL(H)OURS,256000,historical
2024-08-01,AMPERS&ONE,219000,historical
2024-08-01,ARTBEAT v,4590000,historical
2024-08-01,ARTMS,918000,historical
2024-08-01,ARrC,39600,historical
2024-08-01,ASC2NT,70300,historical
2024-08-01,ASTRO,5370000,historical
2024-08-01,ATBO,187000,historical
2024-08-01,ATEEZ,4020000,historical
2024-08-01,B.D.U,26300,historical
2024-08-01,BABYMONSTER,6800000,historical
2024-08-01,BADVILLAIN,114000,historical
2024-08-01,BAE173,239000,historical
2024-08-01,BEWAVE,26600,historical
2024-08-01,BLACKPINK,94700000,historical
2024-08-01,BLACKSWAN,871000,historical
2024-08-01,BLITZERS,209000,historical
2024-08-01,BOYNEXTDOOR,1130000,historical
2024-08-01,BTS,78800000,historical
2024-08-01,Billlie,686000,historical
2024-08-01,CIX,1030000,historical
2024-08-01,CLASS:y,313000,historical
2024-08-01,CRAVITY,820000,historical
2024-08-01,CRAXY,239000,historical
2024-08-01,CSR,136000,historical
2024-08-01,Candy Shop,19800,historical
2024-08-01,DAY6,2050000,historical
2024-08-01,DKB,188000,historical
2024-08-01,DRIPPIN,536000,historical
2024-08-01,DXMON,51100,historical
2024-08-01,DayChild,1460,historical
2024-08-01,Dreamcatcher,1770000,historical
2024-08-01,E'LAST,289000,historical
2024-08-01,EASTSHINE,32000,historical
2024-08-01,ENHYPEN,10400000,historical
2024-08-01,EPEX,544000,historical
2024-08-01,EVERGLOW,1970000,historical
2024-08-01,EVNNE,636000,historical
2024-08-01,FANTASY BOYS,57300,historical
2024-08-01,FIFTY FIFTY,1750000,historical
2024-08-01,Geenius,28700,historical
2024-08-01,"Golden Child, GNCD",391000,historical
2024-08-01,H1-KEY,379000,historical
2024-08-01,HAWW,56100,historical
2024-08-01,I:MOND,7230,historical
2024-08-01,ICHILLIN',89300,historical
2024-08-01,ILLIT,1690000,historical
2024-08-01,ILY:1,170000,historical
2024-08-01,IRRIS,48100,historical
2024-08-01,ITZY,9250000,historical
2024-08-01,IVE,3760000,historical
2024-08-01,Ikon,8720000,historical
2024-08-01,KISS OF LIFE,1570000,historical
2024-08-01,Kep1er,2520000,historical
2024-08-01,LE SSERAFIM,5420000,historical
2024-08-01,LUN8,827000,historical
2024-08-01,Loossemble,174000,historical
2024-08-01,MCND,382000,historical
2024-08-01,MIRAE,412000,historical
2024-08-01,MONSTA X,2570000,historical
2024-08-01,NCHIVE,10300,historical
2024-08-01,NCT 127,5540000,historical
2024-08-01,NCT DREAM,6730000,historical
2024-08-01,NEXZ,298000,historical
2024-08-01,NINE.i,232000,historical
2024-08-01,NMIXX,2770000,historical
2024-08-01,NOMAD,56600,historical
2024-08-01,NOWADAYS,66200,historical
2024-08-01,NewJeans,7640000,historical
2024-08-01,OH MY GIRL,1050000,historical
2024-08-01,OMEGA X,383000,historical
2024-08-01,ONE PACT,112000,historical
2024-08-01,ONEUS,1570000,historical
2024-08-01,ONF,271000,historical
2024-08-01,P1Harmony,1160000,historical
2024-08-01,PENTAGON,1690000,historical
2024-08-01,PICKUS,7070,historical
2024-08-01,PINKVERSE,160000,historical
2024-08-01,PLAVE,769000,historical
2024-08-01,POW,83100,historical
2024-08-01,PRIMROSE,116000,historical
2024-08-01,PURPLE KISS,691000,historical
2024-08-01,QWER,934000,historical
2024-08-01,RESCENE,77800,historical
2024-08-01,RIIZE,1610000,historical
2024-08-01,Red Velvet,5480000,historical
2024-08-01,Rocket Punch,207000,historical
2024-08-01,SECRET NUMBER,1640000,historical
2024-08-01,SEVENTEEN,13200000,historical
2024-08-01,SEVENUS,16100,historical
2024-08-01,SF9,1000000,historical
2024-08-01,SPIA,11300,historical
2024-08-01,STAYC,1740000,historical
2024-08-01,Stray Kids,17800000,historical
2024-08-01,TEMPEST,497000,historical
2024-08-01,THE BOYZ,2270000,historical
2024-08-01,THE NEW SIX,813000,historical
2024-08-01,TIOT,74800,historical
2024-08-01,TREASURE,7550000,historical
2024-08-01,TRENDZ,172000,historical
2024-08-01,TRI.BE,582000,historical
2024-08-01,TWICE,17500000,historical
2024-08-01,TWS,913000,historical
2024-08-01,TXT,12100000,historical
2024-08-01,The KingDom,392000,historical
2024-08-01,The Wind,617000,historical
2024-08-01,UNICODE,10100,historical
2024-08-01,UNIS,595000,historical
2024-08-01,VANNER,95400,historical
2024-08-01,VIVIZ,604000,historical
2024-08-01,ViV,3540,historical
2024-08-01,WAKER,35800,historical
2024-08-01,WATERFIRE,5320,historical
2024-08-01,WEi,687000,historical
2024-08-01,WHIB,477000,historical
2024-08-01,WJSN,305000,historical
2024-08-01,WOOAH,371000,historical
2024-08-01,We;Na,20400,historical
2024-08-01,Weeekly,338000,historical
2024-08-01,Weki Meki,652000,historical
2024-08-01,XODIAC,591000,historical
2024-08-01,Xdinary Heroes,1090000,historical
2024-08-01,YOUNG POSSE,234000,historical
2024-08-01,YOUNITE,105000,historical
2024-08-01,ZEROBASEONE,1570000,historical
2024-08-01,aespa,6280000,historical
2024-08-01,cignature,164000,historical
2024-08-01,fromis_9,1220000,historical
2024-08-01,izna,240000,historical
2024-08-01,n.SSign,79800,historical
2024-08-01,tripleS,2600000,historical
2024-08-01,xikers,423000,historical
2024-09-01,(G)I-DLE,8770000,historical
2024-09-01,82MAJOR,461000,historical
2024-09-01,8TURN,1240000,historical
2024-09-01,AB6IX,516000,historical
2024-09-01,ADYA,14300,historical
2024-09-01,AEONIT,15100,historical
2024-09-01,AIMERS,56400,historical
2024-09-01,ALL(H)OURS,269000,historical
2024-09-01,AMPERS&ONE,250000,historical
2024-09-01,ARTBEAT v,4610000,historical
2024-09-01,ARTMS,918000,historical
2024-09-01,ARrC,44200,historical
2024-09-01,ASC2NT,70800,historical
2024-09-01,ASTRO,5370000,historical
2024-09-01,ATBO,187000,historical
2024-09-01,ATEEZ,4030000,historical
2024-09-01,B.D.U,28500,historical
2024-09-01,BABYMONSTER,6920000,historical
2024-09-01,BADVILLAIN,121000,historical
2024-09-01,BAE173,239000,historical
2024-09-01,BEWAVE,26900,historical
2024-09-01,BLACKPINK,94800000,historical
2024-09-01,BLACKSWAN,883000,historical
2024-09-01,BLITZERS,209000,historical
2024-09-01,BOYNEXTDOOR,1210000,historical
2024-09-01,BTS,79000000,historical
2024-09-01,Billlie,692000,historical
2024-09-01,CIX,1030000,historical
2024-09-01,CLASS:y,313000,historical
2024-09-01,CRAVITY,821000,historical
2024-09-01,CRAXY,239000,historical
2024-09-01,CSR,136000,historical
2024-09-01,Candy Shop,20700,historical
2024-09-01,DAY6,2100000,historical
2024-09-01,DKB,188000,historical
2024-09-01,DRIPPIN,532000,historical
2024-09-01,DXMON,55000,historical
2024-09-01,DayChild,1600,historical
2024-09-01,Dragon Pony,6550,historical
2024-09-01,Dreamcatcher,1770000,historical
2024-09-01,E'LAST,290000,historical
2024-09-01,EASTSHINE,32000,historical
2024-09-01,ENHYPEN,10600000,historical
2024-09-01,EPEX,544000,historical
2024-09-01,EVERGLOW,1970000,historical
2024-09-01,EVNNE,635000,historical
2024-09-01,FANTASY BOYS,57500,historical
2024-09-01,FIFTY FIFTY,1830000,historical
2024-09-01,Geenius,28800,historical
2024-09-01,"Golden Child, GNCD",390000,historical
2024-09-01,H1-KEY,381000,historical
2024-09-01,HAWW,55900,historical
2024-09-01,I:MOND,7270,historical
2024-09-01,ICHILLIN',89700,historical
2024-09-01,ILLIT,1730000,historical
2024-09-01,ILY:1,171000,historical
2024-09-01,IRRIS,48000,historical
2024-09-01,ITZY,9280000,historical
2024-09-01,IVE,3820000,historical
2024-09-01,Ikon,8720000,historical
2024-09-01,KISS OF LIFE,1630000,historical
2024-09-01,Kep1er,2520000,historical
2024-09-01,LE SSERAFIM,5510000,historical
2024-09-01,LUN8,823000,historical
2024-09-01,Loossemble,199000,historical
2024-09-01,MADEIN,156000,historical
2024-09-01,MCND,382000,historical
2024-09-01,MEOVV,342000,historical
2024-09-01,MIRAE,411000,historical
2024-09-01,MONSTA X,2570000,historical
2024-09-01,NCHIVE,10500,historical
2024-09-01,NCT 127,5550000,historical
2024-09-01,NCT DREAM,6750000,historical
2024-09-01,NEXZ,303000,historical
2024-09-01,NINE.i,232000,historical
2024-09-01,NMIXX,2840000,historical
2024-09-01,NOMAD,56800,historical
2024-09-01,NOWADAYS,70200,historical
2024-09-01,NewJeans,7750000,historical
2024-09-01,NouerA,6480,historical
2024-09-01,OH MY GIRL,1050000,historical
2024-09-01,OMEGA X,384000,historical
2024-09-01,ONE PACT,113000,historical
2024-09-01,ONEUS,1570000,historical
2024-09-01,ONF,271000,historical
2024-09-01,P1Harmony,1220000,historical
2024-09-01,PENTAGON,1690000,historical
2024-09-01,PICKUS,7200,historical
2024-09-01,PINKVERSE,159000,historical
2024-09-01,PLAVE,791000,historical
2024-09-01,POW,85000,historical
2024-09-01,PRIMROSE,116000,historical
2024-09-01,PURPLE KISS,691000,historical
2024-09-01,QWER,1020000,historical
2024-09-01,RESCENE,96500,historical
2024-09-01,RIIZE,1640000,historical
2024-09-01,Red Velvet,5480000,historical
2024-09-01,Rocket Punch,207000,historical
2024-09-01,SECRET NUMBER,1640000,historical
2024-09-01,SEVENTEEN,13500000,historical
2024-09-01,SEVENUS,16200,historical
2024-09-01,SF9,1000000,historical
2024-09-01,SMN,31900,historical
2024-09-01,SPIA,11300,historical
2024-09-01,STAYC,1740000,historical
2024-09-01,Stray Kids,18100000,historical
2024-09-01,TEMPEST,499000,historical
2024-09-01,THE BOYZ,2270000,historical
2024-09-01,THE NEW SIX,812000,historical
2024-09-01,TIOT,75300,historical
2024-09-01,TREASURE,7560000,historical
2024-09-01,TRENDZ,173000,historical
2024-09-01,TRI.BE,584000,historical
2024-09-01,TWICE,17600000,historical
2024-09-01,TWS,932000,historical
2024-09-01,TXT,12100000,historical
2024-09-01,The KingDom,392000,historical
2024-09-01,The Wind,621000,historical
2024-09-01,UNICODE,1030,historical
2024-09-01,UNIS,619000,historical
2024-09-01,VANNER,95700,historical
2024-09-01,VIVIZ,606000,historical
2024-09-01,ViV,3530,historical
2024-09-01,WAKER,48000,historical
2024-09-01,WATERFIRE,5400,historical
2024-09-01,WEi,687000,historical
2024-09-01,WHIB,517000,historical
2024-09-01,WJSN,305000,historical
2024-09-01,WOOAH,395000,historical
2024-09-01,We;Na,20400,historical
2024-09-01,Weeekly,338000,historical
2024-09-01,XODIAC,600000,historical
2024-09-01,Xdinary Heroes,1100000,historical
2024-09-01,YOUNG POSSE,268000,historical
2024-09-01,YOUNITE,106000,historical
2024-09-01,ZEROBASEONE,1600000,historical
2024-09-01,aespa,6370000,historical
2024-09-01,cignature,165000,historical
2024-09-01,fromis_9,1250000,historical
2024-09-01,izna,255000,historical
2024-09-01,n.SSign,80100,historical
2024-09-01,tripleS,2610000,historical
2024-09-01,xikers,428000,historical
2024-10-01,(G)I-DLE,8820000,historical
2024-10-01,82MAJOR,471000,historical
2024-10-01,8TURN,1250000,historical
2024-10-01,AB6IX,516000,historical
2024-10-01,ADYA,14400,historical
2024-10-01,AEONIT,15100,historical
2024-10-01,AIMERS,56500,historical
2024-10-01,ALL(H)OURS,281000,historical
2024-10-01,AMPERS&ONE,251000,historical
2024-10-01,ARTBEAT v,4620000,historical
2024-10-01,ARTMS,918000,historical
2024-10-01,ARrC,45600,historical
2024-10-01,ASC2NT,72200,historical
2024-10-01,ASTRO,5370000,historical
2024-10-01,ATBO,186000,historical
2024-10-01,ATEEZ,4060000,historical
2024-10-01,B.D.U,29800,historical
2024-10-01,BABYMONSTER,7040000,historical
2024-10-01,BADVILLAIN,125000,historical
2024-10-01,BAE173,239000,historical
2024-10-01,BEWAVE,62300,historical
2024-10-01,BLACKPINK,95000000,historical
2024-10-01,BLACKSWAN,886000,historical
2024-10-01,BLITZERS,209000,historical
2024-10-01,BOYNEXTDOOR,1260000,historical
2024-10-01,BTS,79100000,historical
2024-10-01,Billlie,704000,historical
2024-10-01,CIX,1020000,historical
2024-10-01,CLASS:y,313000,historical
2024-10-01,CRAVITY,826000,historical
2024-10-01,CRAXY,239000,historical
2024-10-01,CSR,136000,historical
2024-10-01,Candy Shop,21700,historical
2024-10-01,DAY6,2130000,historical
2024-10-01,DKB,189000,historical
2024-10-01,DRIPPIN,530000,historical
2024-10-01,DXMON,56500,historical
2024-10-01,DayChild,1680,historical
2024-10-01,Dragon Pony,14800,historical
2024-10-01,Dreamcatcher,1770000,historical
2024-10-01,E'LAST,290000,historical
2024-10-01,EASTSHINE,32100,historical
2024-10-01,ENHYPEN,10700000,historical
2024-10-01,EPEX,547000,historical
2024-10-01,EVERGLOW,1970000,historical
2024-10-01,EVNNE,634000,historical
2024-10-01,FANTASY BOYS,57600,historical
2024-10-01,FIFTY FIFTY,1850000,historical
2024-10-01,Geenius,28900,historical
2024-10-01,"Golden Child, GNCD",390000,historical
2024-10-01,H1-KEY,381000,historical
2024-10-01,HAWW,55800,historical
2024-10-01,I:MOND,7370,historical
2024-10-01,ICHILLIN',90300,historical
2024-10-01,ILLIT,1770000,historical
2024-10-01,ILY:1,171000,historical
2024-10-01,IRRIS,47900,historical
2024-10-01,ITZY,9320000,historical
2024-10-01,IVE,3850000,historical
2024-10-01,Ikon,8720000,historical
2024-10-01,KISS OF LIFE,1690000,historical
2024-10-01,Kep1er,2520000,historical
2024-10-01,LE SSERAFIM,5580000,historical
2024-10-01,LUN8,822000,historical
2024-10-01,Loossemble,209000,historical
2024-10-01,MADEIN,166000,historical
2024-10-01,MCND,381000,historical
2024-10-01,MEOVV,415000,historical
2024-10-01,MIRAE,410000,historical
2024-10-01,MONSTA X,2570000,historical
2024-10-01,NCHIVE,30500,historical
2024-10-01,NCT 127,5560000,historical
2024-10-01,NCT DREAM,6770000,historical
2024-10-01,NEXZ,307000,historical
2024-10-01,NINE.i,232000,historical
2024-10-01,NMIXX,2870000,historical
2024-10-01,NOMAD,59500,historical
2024-10-01,NOWADAYS,71700,historical
2024-10-01,NewJeans,7800000,historical
2024-10-01,NouerA,7350,historical
2024-10-01,ODD YOUTH,4400,historical
2024-10-01,OH MY GIRL,1060000,historical
2024-10-01,OMEGA X,385000,historical
2024-10-01,ONE PACT,115000,historical
2024-10-01,ONEUS,1570000,historical
2024-10-01,ONF,271000,historical
2024-10-01,P1Harmony,1260000,historical
2024-10-01,PENTAGON,1690000,historical
2024-10-01,PICKUS,7430,historical
2024-10-01,PINKVERSE,158000,historical
2024-10-01,PLAVE,802000,historical
2024-10-01,POW,87200,historical
2024-10-01,PRIMROSE,116000,historical
2024-10-01,PURPLE KISS,695000,historical
2024-10-01,QWER,1060000,historical
2024-10-01,RESCENE,105000,historical
2024-10-01,RIIZE,1610000,historical
2024-10-01,Red Velvet,5480000,historical
2024-10-01,Rocket Punch,206000,historical
2024-10-01,SECRET NUMBER,1640000,historical
2024-10-01,SEVENTEEN,13600000,historical
2024-10-01,SEVENUS,16200,historical
2024-10-01,SF9,1000000,historical
2024-10-01,SMN,93100,historical
2024-10-01,SPIA,11400,historical
2024-10-01,STAYC,1740000,historical
2024-10-01,Stray Kids,18300000,historical
2024-10-01,TEMPEST,501000,historical
2024-10-01,THE BOYZ,2280000,historical
2024-10-01,THE NEW SIX,815000,historical
2024-10-01,TIOT,76000,historical
2024-10-01,TREASURE,7560000,historical
2024-10-01,TRENDZ,173000,historical
2024-10-01,TRI.BE,585000,historical
2024-10-01,TWICE,17600000,historical
2024-10-01,TWS,946000,historical
2024-10-01,TXT,12200000,historical
2024-10-01,The KingDom,391000,historical
2024-10-01,The Wind,633000,historical
2024-10-01,UNICODE,1030,historical
2024-10-01,UNIS,632000,historical
2024-10-01,VANNER,96600,historical
2024-10-01,VIVIZ,609000,historical
2024-10-01,ViV,3500,historical
2024-10-01,WAKER,49000,historical
2024-10-01,WATERFIRE,5450,historical
2024-10-01,WEi,686000,historical
2024-10-01,WHIB,565000,historical
2024-10-01,WJSN,305000,historical
2024-10-01,WOOAH,396000,historical
2024-10-01,We;Na,20500,historical
2024-10-01,Weeekly,338000,historical
2024-10-01,XODIAC,611000,historical
2024-10-01,Xdinary Heroes,1110000,historical
2024-10-01,YOUNG POSSE,272000,historical
2024-10-01,YOUNITE,108000,historical
2024-10-01,ZEROBASEONE,1630000,historical
2024-10-01,aespa,6520000,historical
2024-10-01,cignature,166000,historical
2024-10-01,fromis_9,1260000,historical
2024-10-01,izna,267000,historical
2024-10-01,n.SSign,80300,historical
2024-10-01,tripleS,2640000,historical
2024-10-01,xikers,432000,historical
2024-11-01,(G)I-DLE,8870000,historical
2024-11-01,82MAJOR,482000,historical
2024-11-01,8TURN,1250000,historical
2024-11-01,AB6IX,515000,historical
2024-11-01,ADYA,14700,historical
2024-11-01,AEONIT,15300,historical
2024-11-01,AIMERS,56600,historical
2024-11-01,ALL(H)OURS,291000,historical
2024-11-01,AMPERS&ONE,255000,historical
2024-11-01,ARTBEAT v,4630000,historical
2024-11-01,ARTMS,917000,historical
2024-11-01,ARrC,46800,historical
2024-11-01,ASC2NT,73200,historical
2024-11-01,ASTRO,5370000,historical
2024-11-01,ATBO,186000,historical
2024-11-01,ATEEZ,4130000,historical
2024-11-01,B.D.U,32600,historical
2024-11-01,BABYMONSTER,7610000,historical
2024-11-01,BADVILLAIN,135000,historical
2024-11-01,BAE173,243000,historical
2024-11-01,BEWAVE,166000,historical
2024-11-01,BLACKPINK,95300000,historical
2024-11-01,BLACKSWAN,887000,historical
2024-11-01,BLITZERS,210000,historical
2024-11-01,BOYNEXTDOOR,1320000,historical
2024-11-01,BTS,79400000,historical
2024-11-01,Billlie,707000,historical
2024-11-01,Burvey,12500,historical
2024-11-01,CIX,1020000,historical
2024-11-01,CLASS:y,323000,historical
2024-11-01,CRAVITY,830000,historical
2024-11-01,CRAXY,239000,historical
2024-11-01,CSR,136000,historical
2024-11-01,Candy Shop,23600,historical
2024-11-01,DAY6,2160000,historical
2024-11-01,DKB,190000,historical
2024-11-01,DRIPPIN,527000,historical
2024-11-01,DXMON,58500,historical
2024-11-01,DayChild,2330,historical
2024-11-01,Dragon Pony,17800,historical
2024-11-01,Dreamcatcher,1770000,historical
2024-11-01,E'LAST,289000,historical
2024-11-01,EASTSHINE,32300,historical
2024-11-01,ENHYPEN,10900000,historical
2024-11-01,EPEX,553000,historical
2024-11-01,EVERGLOW,1970000,historical
2024-11-01,EVNNE,635000,historical
2024-11-01,FANTASY BOYS,58700,historical
2024-11-01,FIFTY FIFTY,1880000,historical
2024-11-01,Geenius,29200,historical
2024-11-01,"Golden Child, GNCD",389000,historical
2024-11-01,H1-KEY,385000,historical
2024-11-01,HAWW,55700,historical
2024-11-01,I:MOND,7540,historical
2024-11-01,ICHILLIN',92600,historical
2024-11-01,ILLIT,1890000,historical
2024-11-01,ILY:1,170000,historical
2024-11-01,IRRIS,50600,historical
2024-11-01,ITZY,9380000,historical
2024-11-01,IVE,3910000,historical
2024-11-01,Ikon,8710000,historical
2024-11-01,KISS OF LIFE,1780000,historical
2024-11-01,Kep1er,2530000,historical
2024-11-01,LE SSERAFIM,5630000,historical
2024-11-01,LOVEONE,3270,historical
2024-11-01,LUN8,822000,historical
2024-11-01,Loossemble,217000,historical
2024-11-01,MADEIN,173000,historical
2024-11-01,MCND,381000,historical
2024-11-01,MEOVV,509000,historical
2024-11-01,MIRAE,409000,historical
2024-11-01,MONSTA X,2570000,historical
2024-11-01,NCHIVE,30800,historical
2024-11-01,NCT 127,5560000,historical
2024-11-01,NCT DREAM,6810000,historical
2024-11-01,NEXZ,316000,historical
2024-11-01,NINE.i,232000,historical
2024-11-01,NMIXX,2970000,historical
2024-11-01,NOMAD,60000,historical
2024-11-01,NOWADAYS,78600,historical
2024-11-01,NewJeans,7890000,historical
2024-11-01,NouerA,8970,historical
2024-11-01,ODD YOUTH,8930,historical
2024-11-01,OH MY GIRL,1060000,historical
2024-11-01,OMEGA X,386000,historical
2024-11-01,ONE PACT,119000,historical
2024-11-01,ONEUS,1570000,historical
2024-11-01,ONF,271000,historical
2024-11-01,P1Harmony,1280000,historical
2024-11-01,PENTAGON,1690000,historical
2024-11-01,PICKUS,7810,historical
2024-11-01,PINKVERSE,157000,historical
2024-11-01,PLAVE,828000,historical
2024-11-01,POW,91700,historical
2024-11-01,PRIMROSE,128000,historical
2024-11-01,PURPLE KISS,697000,historical
2024-11-01,QWER,1080000,historical
2024-11-01,RESCENE,119000,historical
2024-11-01,RIIZE,1630000,historical
2024-11-01,Red Velvet,5490000,historical
2024-11-01,Rocket Punch,206000,historical
2024-11-01,SECRET NUMBER,1640000,historical
2024-11-01,SEVENTEEN,13700000,historical
2024-11-01,SEVENUS,16300,historical
2024-11-01,SF9,1000000,historical
2024-11-01,SMN,133000,historical
2024-11-01,SPIA,11500,historical
2024-11-01,STAYC,1760000,historical
2024-11-01,Stray Kids,18500000,historical
2024-11-01,TEMPEST,503000,historical
2024-11-01,THE BOYZ,2300000,historical
2024-11-01,THE NEW SIX,813000,historical
2024-11-01,TIOT,76600,historical
2024-11-01,TREASURE,7580000,historical
2024-11-01,TRENDZ,173000,historical
2024-11-01,TRI.BE,587000,historical
2024-11-01,TWICE,17700000,historical
2024-11-01,TWS,969000,historical
2024-11-01,TXT,12400000,historical
2024-11-01,The KingDom,390000,historical
2024-11-01,The Wind,645000,historical
2024-11-01,Tracer,1660,historical
2024-11-01,UNICODE,1040,historical
2024-11-01,UNIS,648000,historical
2024-11-01,VANNER,97200,historical
2024-11-01,VIVIZ,643000,historical
2024-11-01,W!TCHX,2320,historical
2024-11-01,WAKER,50000,historical
2024-11-01,WATERFIRE,55100,historical
2024-11-01,WEi,684000,historical
2024-11-01,WHIB,600000,historical
2024-11-01,WJSN,306000,historical
2024-11-01,WOOAH,397000,historical
2024-11-01,We;Na,20500,historical
2024-11-01,Weeekly,424000,historical
2024-11-01,XODIAC,617000,historical
2024-11-01,Xdinary Heroes,1120000,historical
2024-11-01,YOUNG POSSE,277000,historical
2024-11-01,YOUNITE,110000,historical
2024-11-01,ZEROBASEONE,1670000,historical
2024-11-01,aespa,6690000,historical
2024-11-01,cignature,166000,historical
2024-11-01,fromis_9,1270000,historical
2024-11-01,izna,439000,historical
2024-11-01,n.SSign,80400,historical
2024-11-01,tripleS,2770000,historical
2024-11-01,xikers,436000,historical
2024-12-01,(G)I-DLE,8930000,historical
2024-12-01,82MAJOR,485000,historical
2024-12-01,8TURN,1260000,historical
2024-12-01,AB6IX,514000,historical
2024-12-01,ADYA,14800,historical
2024-12-01,AEONIT,15500,historical
2024-12-01,AIMERS,56600,historical
2024-12-01,ALL(H)OURS,291000,historical
2024-12-01,AMPERS&ONE,257000,historical
2024-12-01,ARTBEAT v,4660000,historical
2024-12-01,ARTMS,916000,historical
2024-12-01,ARrC,47400,historical
2024-12-01,ASC2NT,73400,historical
2024-12-01,ASTRO,5370000,historical
2024-12-01,ATBO,186000,historical
2024-12-01,ATEEZ,4190000,historical
2024-12-01,B.D.U,33400,historical
2024-12-01,BABYMONSTER,7910000,historical
2024-12-01,BADVILLAIN,131000,historical
2024-12-01,BAE173,246000,historical
2024-12-01,BEWAVE,201000,historical
2024-12-01,BLACKPINK,95500000,historical
2024-12-01,BLACKSWAN,888000,historical
2024-12-01,BLITZERS,210000,historical
2024-12-01,BOYNEXTDOOR,1380000,historical
2024-12-01,BTS,79500000,historical
2024-12-01,Billlie,712000,historical
2024-12-01,Burvey,14800,historical
2024-12-01,CIX,1020000,historical
2024-12-01,CLASS:y,326000,historical
2024-12-01,CRAVITY,832000,historical
2024-12-01,CRAXY,239000,historical
2024-12-01,CSR,135000,historical
2024-12-01,Candy Shop,24800,historical
2024-12-01,DAY6,2170000,historical
2024-12-01,DKB,192000,historical
2024-12-01,DRIPPIN,525000,historical
2024-12-01,DXMON,59100,historical
2024-12-01,DayChild,2530,historical
2024-12-01,Dragon Pony,18500,historical
2024-12-01,Dreamcatcher,1770000,historical
2024-12-01,E'LAST,289000,historical
2024-12-01,EASTSHINE,32300,historical
2024-12-01,ENHYPEN,11000000,historical
2024-12-01,EPEX,553000,historical
2024-12-01,EVERGLOW,1970000,historical
2024-12-01,EVNNE,634000,historical
2024-12-01,FANTASY BOYS,61300,historical
2024-12-01,FIFTY FIFTY,1900000,historical
2024-12-01,Geenius,29500,historical
2024-12-01,"Golden Child, GNCD",388000,historical
2024-12-01,H1-KEY,385000,historical
2024-12-01,HAWW,54600,historical
2024-12-01,I:MOND,7620,historical
2024-12-01,ICHILLIN',97400,historical
2024-12-01,ILLIT,1990000,historical
2024-12-01,ILY:1,170000,historical
2024-12-01,IRRIS,50700,historical
2024-12-01,ITZY,9400000,historical
2024-12-01,IVE,3960000,historical
2024-12-01,Ikon,8710000,historical
2024-12-01,KISS OF LIFE,1850000,historical
2024-12-01,Kep1er,2530000,historical
2024-12-01,LE SSERAFIM,5690000,historical
2024-12-01,LOVEONE,6100,historical
2024-12-01,LUN8,827000,historical
2024-12-01,Loossemble,221000,historical
2024-12-01,MADEIN,173000,historical
2024-12-01,MCND,380000,historical
2024-12-01,MEOVV,562000,historical
2024-12-01,MIRAE,408000,historical
2024-12-01,MONSTA X,2570000,historical
2024-12-01,NCHIVE,31900,historical
2024-12-01,NCT 127,5570000,historical
2024-12-01,NCT DREAM,6830000,historical
2024-12-01,NEXZ,327000,historical
2024-12-01,NINE.i,232000,historical
2024-12-01,NMIXX,3040000,historical
2024-12-01,NOMAD,60200,historical
2024-12-01,NOWADAYS,84100,historical
2024-12-01,NewJeans,7930000,historical
2024-12-01,NouerA,14800,historical
2024-12-01,ODD YOUTH,9980,historical
2024-12-01,OH MY GIRL,1060000,historical
2024-12-01,OMEGA X,386000,historical
2024-12-01,ONE PACT,122000,historical
2024-12-01,ONEUS,1580000,historical
2024-12-01,ONF,271000,historical
2024-12-01,P1Harmony,1300000,historical
2024-12-01,PENTAGON,1690000,historical
2024-12-01,PICKUS,8340,historical
2024-12-01,PLAVE,861000,historical
2024-12-01,POW,94100,historical
2024-12-01,PRIMROSE,129000,historical
2024-12-01,PURPLE KISS,697000,historical
2024-12-01,QWER,1120000,historical
2024-12-01,RESCENE,128000,historical
2024-12-01,RIIZE,1660000,historical
2024-12-01,Red Velvet,5490000,historical
2024-12-01,Rocket Punch,206000,historical
2024-12-01,SECRET NUMBER,1640000,historical
2024-12-01,SEVENTEEN,13700000,historical
2024-12-01,SEVENUS,16900,historical
2024-12-01,SF9,1000000,historical
2024-12-01,SMN,141000,historical
2024-12-01,SPIA,11500,historical
2024-12-01,STAYC,1760000,historical
2024-12-01,Stray Kids,18900000,historical
2024-12-01,TEMPEST,503000,historical
2024-12-01,THE BOYZ,2310000,historical
2024-12-01,THE NEW SIX,812000,historical
2024-12-01,TIOT,76400,historical
2024-12-01,TREASURE,7630000,historical
2024-12-01,TRENDZ,174000,historical
2024-12-01,TRI.BE,588000,historical
2024-12-01,TWICE,17800000,historical
2024-12-01,TWS,995000,historical
2024-12-01,TXT,12400000,historical
2024-12-01,The KingDom,390000,historical
2024-12-01,The Wind,655000,historical
2024-12-01,Tracer,18900,historical
2024-12-01,UNICODE,1050,historical
2024-12-01,UNIS,658000,historical
2024-12-01,VANNER,97400,historical
2024-12-01,VIVIZ,672000,historical
2024-12-01,W!TCHX,2650,historical
2024-12-01,WAKER,52400,historical
2024-12-01,WATERFIRE,5550,historical
2024-12-01,WEi,683000,historical
2024-12-01,WHIB,611000,historical
2024-12-01,WJSN,306000,historical
2024-12-01,WOOAH,398000,historical
2024-12-01,We;Na,20500,historical
2024-12-01,Weeekly,423000,historical
2024-12-01,XODIAC,624000,historical
2024-12-01,Xdinary Heroes,1130000,historical
2024-12-01,YOUNG POSSE,279000,historical
2024-12-01,YOUNITE,111000,historical
2024-12-01,ZEROBASEONE,1700000,historical
2024-12-01,aespa,6810000,historical
2024-12-01,fromis_9,1280000,historical
2024-12-01,izna,858000,historical
2024-12-01,n.SSign,81100,historical
2024-12-01,tripleS,2770000,historical
2024-12-01,xikers,454000,historical
2025-01-01,(G)I-DLE,9010000,historical
2025-01-01,82MAJOR,488000,historical
2025-01-01,8TURN,1270000,historical
2025-01-01,AB6IX,513000,historical
2025-01-01,ADYA,15000,historical
2025-01-01,AEONIT,15600,historical
2025-01-01,AIMERS,57000,historical
2025-01-01,ALL(H)OURS,296000,historical
2025-01-01,AMPERS&ONE,259000,historical
2025-01-01,ARTBEAT v,4680000,historical
2025-01-01,ARTMS,920000,historical
2025-01-01,ARrC,49800,historical
2025-01-01,ASC2NT,74000,historical
2025-01-01,ASTRO,5380000,historical
2025-01-01,ATBO,186000,historical
2025-01-01,ATEEZ,4250000,historical
2025-01-01,B.D.U,33900,historical
2025-01-01,BABYMONSTER,8280000,historical
2025-01-01,BADVILLAIN,135000,historical
2025-01-01,BAE173,249000,historical
2025-01-01,BEWAVE,221000,historical
2025-01-01,BLACKPINK,95700000,historical
2025-01-01,BLACKSWAN,888000,historical
2025-01-01,BLITZERS,209000,historical
2025-01-01,BOYNEXTDOOR,1480000,historical
2025-01-01,BTS,79700000,historical
2025-01-01,Billlie,716000,historical
2025-01-01,Burvey,16800,historical
2025-01-01,CIX,1020000,historical
2025-01-01,CLASS:y,327000,historical
2025-01-01,CRAVITY,834000,historical
2025-01-01,CRAXY,239000,historical
2025-01-01,CSR,135000,historical
2025-01-01,Candy Shop,25400,historical
2025-01-01,DAY6,2180000,historical
2025-01-01,DKB,192000,historical
2025-01-01,DRIPPIN,524000,historical
2025-01-01,DXMON,59900,historical
2025-01-01,DayChild,2560,historical
2025-01-01,Dragon Pony,20200,historical
2025-01-01,Dreamcatcher,1770000,historical
2025-01-01,E'LAST,288000,historical
2025-01-01,EASTSHINE,32800,historical
2025-01-01,ENHYPEN,11200000,historical
2025-01-01,EPEX,554000,historical
2025-01-01,EVERGLOW,1970000,historical
2025-01-01,EVNNE,634000,historical
2025-01-01,FANTASY BOYS,64300,historical
2025-01-01,FIFTY FIFTY,1910000,historical
2025-01-01,Geenius,29700,historical
2025-01-01,"Golden Child, GNCD",388000,historical
2025-01-01,H1-KEY,386000,historical
2025-01-01,HAWW,54500,historical
2025-01-01,I:MOND,7990,historical
2025-01-01,ICHILLIN',98400,historical
2025-01-01,ILLIT,2080000,historical
2025-01-01,ILY:1,170000,historical
2025-01-01,IRRIS,50500,historical
2025-01-01,ITZY,9430000,historical
2025-01-01,IVE,4040000,historical
2025-01-01,Ikon,8710000,historical
2025-01-01,KISS OF LIFE,1910000,historical
2025-01-01,Kep1er,2530000,historical
2025-01-01,KickFlip,226000,historical
2025-01-01,LE SSERAFIM,5750000,historical
2025-01-01,LOVEONE,6830,historical
2025-01-01,LUN8,835000,historical
2025-01-01,Loossemble,223000,historical
2025-01-01,MADEIN,173000,historical
2025-01-01,MCND,379000,historical
2025-01-01,MEOVV,594000,historical
2025-01-01,MIRAE,407000,historical
2025-01-01,MONSTA X,2570000,historical
2025-01-01,NCHIVE,32000,historical
2025-01-01,NCT 127,5580000,historical
2025-01-01,NCT DREAM,6850000,historical
2025-01-01,NEXZ,339000,historical
2025-01-01,NINE.i,232000,historical
2025-01-01,NMIXX,3110000,historical
2025-01-01,NOMAD,60400,historical
2025-01-01,NOWADAYS,86900,historical
2025-01-01,NewJeans,7960000,historical
2025-01-01,NouerA,19100,historical
2025-01-01,ODD YOUTH,11400,historical
2025-01-01,OH MY GIRL,1050000,historical
2025-01-01,OMEGA X,386000,historical
2025-01-01,ONE PACT,125000,historical
2025-01-01,ONEUS,1580000,historical
2025-01-01,ONF,270000,historical
2025-01-01,P1Harmony,1310000,historical
2025-01-01,PENTAGON,1690000,historical
2025-01-01,PICKUS,8470,historical
2025-01-01,PLAVE,878000,historical
2025-01-01,POW,112000,historical
2025-01-01,PRIMROSE,129000,historical
2025-01-01,PURPLE KISS,697000,historical
2025-01-01,QWER,1140000,historical
2025-01-01,RESCENE,137000,historical
2025-01-01,RIIZE,1680000,historical
2025-01-01,Red Velvet,5490000,historical
2025-01-01,Rocket Punch,205000,historical
2025-01-01,SECRET NUMBER,1640000,historical
2025-01-01,SEVENTEEN,13800000,historical
2025-01-01,SEVENUS,17100,historical
2025-01-01,SF9,1000000,historical
2025-01-01,SMN,146000,historical
2025-01-01,SPIA,11600,historical
2025-01-01,STAYC,1760000,historical
2025-01-01,Stray Kids,19100000,historical
2025-01-01,TEMPEST,503000,historical
2025-01-01,THE BOYZ,2310000,historical
2025-01-01,THE NEW SIX,811000,historical
2025-01-01,TIOT,76700,historical
2025-01-01,TREASURE,7640000,historical
2025-01-01,TRENDZ,174000,historical
2025-01-01,TRI.BE,591000,historical
2025-01-01,TWICE,17900000,historical
2025-01-01,TWS,1030000,historical
2025-01-01,TXT,12500000,historical
2025-01-01,The KingDom,389000,historical
2025-01-01,The Wind,664000,historical
2025-01-01,Tracer,2920,historical
2025-01-01,UNICODE,1050,historical
2025-01-01,UNIS,671000,historical
2025-01-01,VANNER,98200,historical
2025-01-01,VIVIZ,689000,historical
2025-01-01,W!TCHX,2930,historical
2025-01-01,WAKER,53900,historical
2025-01-01,WATERFIRE,5580,historical
2025-01-01,WEi,684000,historical
2025-01-01,WHIB,612000,historical
2025-01-01,WJSN,306000,historical
2025-01-01,WOOAH,401000,historical
2025-01-01,We;Na,20600,historical
2025-01-01,Weeekly,423000,historical
2025-01-01,XODIAC,630000,historical
2025-01-01,Xdinary Heroes,1130000,historical
2025-01-01,YOUNG POSSE,282000,historical
2025-01-01,YOUNITE,111000,historical
2025-01-01,ZEROBASEONE,1740000,historical
2025-01-01,aespa,6930000,historical
2025-01-01,fromis_9,1290000,historical
2025-01-01,izna,880000,historical
2025-01-01,n.SSign,83700,historical
2025-01-01,tripleS,2770000,historical
2025-01-01,xikers,460000,historical
2025-02-01,(G)I-DLE,9070000,historical
2025-02-01,82MAJOR,490000,historical
2025-02-01,8TURN,1270000,historical
2025-02-01,AB6IX,512000,historical
2025-02-01,ADYA,15100,historical
2025-02-01,AEONIT,16000,historical
2025-02-01,AHOF,77800,historical
2025-02-01,AIMERS,57200,historical
2025-02-01,ALL(H)OURS,306000,historical
2025-02-01,AMPERS&ONE,261000,historical
2025-02-01,ARTBEAT v,4720000,historical
2025-02-01,ARTMS,939000,historical
2025-02-01,ARrC,58200,historical
2025-02-01,ASC2NT,74200,historical
2025-02-01,ASTRO,5390000,historical
2025-02-01,ATBO,185000,historical
2025-02-01,ATEEZ,4320000,historical
2025-02-01,B.D.U,34200,historical
2025-02-01,BABYMONSTER,8620000,historical
2025-02-01,BADVILLAIN,139000,historical
2025-02-01,BAE173,249000,historical
2025-02-01,BEWAVE,226000,historical
2025-02-01,BLACKPINK,96000000,historical
2025-02-01,BLACKSWAN,888000,historical
2025-02-01,BLITZERS,210000,historical
2025-02-01,BOYNEXTDOOR,1570000,historical
2025-02-01,BTS,79800000,historical
2025-02-01,Billlie,719000,historical
2025-02-01,Burvey,26400,historical
2025-02-01,CIX,1020000,historical
2025-02-01,CLASS:y,328000,historical
2025-02-01,CLOSE YOUR EYES,47500,historical
2025-02-01,CRAVITY,835000,historical
2025-02-01,CRAXY,239000,historical
2025-02-01,CSR,135000,historical
2025-02-01,Candy Shop,26000,historical
2025-02-01,DAY6,2190000,historical
2025-02-01,DKB,193000,historical
2025-02-01,DRIPPIN,523000,historical
2025-02-01,DXMON,61000,historical
2025-02-01,DayChild,2710,historical
2025-02-01,Dragon Pony,22200,historical
2025-02-01,Dreamcatcher,1770000,historical
2025-02-01,E'LAST,288000,historical
2025-02-01,EASTSHINE,33200,historical
2025-02-01,ENHYPEN,11300000,historical
2025-02-01,EPEX,554000,historical
2025-02-01,EVERGLOW,1970000,historical
2025-02-01,EVNNE,642000,historical
2025-02-01,FANTASY BOYS,65400,historical
2025-02-01,FIFTY FIFTY,1930000,historical
2025-02-01,Geenius,29900,historical
2025-02-01,"Golden Child, GNCD",387000,historical
2025-02-01,H1-KEY,386000,historical
2025-02-01,HAWW,54500,historical
2025-02-01,Hearts2Hearts,277000,historical
2025-02-01,I:MOND,14000,historical
2025-02-01,ICHILLIN',99200,historical
2025-02-01,ILLIT,2140000,historical
2025-02-01,ILY:1,170000,historical
2025-02-01,IRISÉ,7510,historical
2025-02-01,IRRIS,50400,historical
2025-02-01,ITZY,9450000,historical
2025-02-01,IVE,4150000,historical
2025-02-01,Ikon,8710000,historical
2025-02-01,KISS OF LIFE,1950000,historical
2025-02-01,Kep1er,2530000,historical
2025-02-01,KickFlip,344000,historical
2025-02-01,KiiiKiii,34600,historical
2025-02-01,LE SSERAFIM,5790000,historical
2025-02-01,LOVEONE,7170,historical
2025-02-01,LUN8,842000,historical
2025-02-01,Loossemble,225000,historical
2025-02-01,MADEIN,179000,historical
2025-02-01,MCND,378000,historical
2025-02-01,MEOVV,617000,historical
2025-02-01,MIRAE,406000,historical
2025-02-01,MONSTA X,2570000,historical
2025-02-01,NCHIVE,32000,historical
2025-02-01,NCT 127,5590000,historical
2025-02-01,NCT DREAM,6860000,historical
2025-02-01,NEWBEAT,10600,historical
2025-02-01,NEXZ,349000,historical
2025-02-01,NINE.i,233000,historical
2025-02-01,NMIXX,3190000,historical
2025-02-01,NOMAD,60500,historical
2025-02-01,NOWADAYS,88000,historical
2025-02-01,NewJeans,7990000,historical
2025-02-01,NouerA,47700,historical
2025-02-01,ODD YOUTH,11800,historical
2025-02-01,OH MY GIRL,1050000,historical
2025-02-01,OMEGA X,386000,historical
2025-02-01,ONE PACT,130000,historical
2025-02-01,ONEUS,1580000,historical
2025-02-01,ONF,274000,historical
2025-02-01,P1Harmony,1320000,historical
2025-02-01,PENTAGON,1690000,historical
2025-02-01,PICKUS,8520,historical
2025-02-01,PLAVE,952000,historical
2025-02-01,POW,127000,historical
2025-02-01,PRIMROSE,129000,historical
2025-02-01,PURPLE KISS,698000,historical
2025-02-01,QWER,1150000,historical
2025-02-01,RESCENE,160000,historical
2025-02-01,RIIZE,1700000,historical
2025-02-01,Red Velvet,5500000,historical
2025-02-01,Rocket Punch,205000,historical
2025-02-01,SECRET NUMBER,1640000,historical
2025-02-01,SEVENTEEN,13800000,historical
2025-02-01,SEVENUS,17200,historical
2025-02-01,SF9,1000000,historical
2025-02-01,SMN,149000,historical
2025-02-01,SPIA,11600,historical
2025-02-01,STAYC,1760000,historical
2025-02-01,Stray Kids,19300000,historical
2025-02-01,TEMPEST,503000,historical
2025-02-01,THE BOYZ,2320000,historical
2025-02-01,THE NEW SIX,809000,historical
2025-02-01,TIOT,76700,historical
2025-02-01,TREASURE,7650000,historical
2025-02-01,TRENDZ,175000,historical
2025-02-01,TRI.BE,592000,historical
2025-02-01,TWICE,18000000,historical
2025-02-01,TWS,1050000,historical
2025-02-01,TXT,12500000,historical
2025-02-01,The KingDom,388000,historical
2025-02-01,The Wind,682000,historical
2025-02-01,Tracer,3230,historical
2025-02-01,UNICODE,1060,historical
2025-02-01,UNIS,681000,historical
2025-02-01,VANNER,98700,historical
2025-02-01,VIVIZ,702000,historical
2025-02-01,W!TCHX,3060,historical
2025-02-01,WAKER,54500,historical
2025-02-01,WATERFIRE,5570,historical
2025-02-01,WEi,684000,historical
2025-02-01,WHIB,624000,historical
2025-02-01,WJSN,307000,historical
2025-02-01,WOOAH,402000,historical
2025-02-01,We;Na,20700,historical
2025-02-01,Weeekly,423000,historical
2025-02-01,XLOV,198000,historical
2025-02-01,XODIAC,641000,historical
2025-02-01,Xdinary Heroes,1130000,historical
2025-02-01,YOUNG POSSE,285000,historical
2025-02-01,YOUNITE,111000,historical
2025-02-01,ZEROBASEONE,1780000,historical
2025-02-01,aespa,7020000,historical
2025-02-01,fromis_9,1290000,historical
2025-02-01,izna,901000,historical
2025-02-01,n.SSign,84500,historical
2025-02-01,tripleS,2780000,historical
2025-02-01,xikers,468000,historical
2025-03-01,(G)I-DLE,9100000,historical
2025-03-01,82MAJOR,489000,historical
2025-03-01,8TURN,1280000,historical
2025-03-01,AB6IX,511000,historical
2025-03-01,ADYA,15200,historical
2025-03-01,AEONIT,17400,historical
2025-03-01,AHOF,98300,historical
2025-03-01,AIMERS,57400,historical
2025-03-01,ALL(H)OURS,309000,historical
2025-03-01,AMPERS&ONE,265000,historical
2025-03-01,ARTBEAT v,4750000,historical
2025-03-01,ARTMS,952000,historical
2025-03-01,ARrC,62100,historical
2025-03-01,ASC2NT,74200,historical
2025-03-01,ASTRO,5400000,historical
2025-03-01,ATBO,185000,historical
2025-03-01,ATEEZ,4370000,historical
2025-03-01,AtHeart,118000,historical
2025-03-01,B.D.U,34400,historical
2025-03-01,BABYMONSTER,8850000,historical
2025-03-01,BADVILLAIN,141000,historical
2025-03-01,BAE173,249000,historical
2025-03-01,BEWAVE,224000,historical
2025-03-01,BLACKPINK,96200000,historical
2025-03-01,BLACKSWAN,889000,historical
2025-03-01,BLITZERS,211000,historical
2025-03-01,BOYNEXTDOOR,1640000,historical
2025-03-01,BTS,80000000,historical
2025-03-01,Billlie,718000,historical
2025-03-01,Burvey,27900,historical
2025-03-01,CIX,1020000,historical
2025-03-01,CLASS:y,328000,historical
2025-03-01,CLOSE YOUR EYES,60700,historical
2025-03-01,CRAVITY,838000,historical
2025-03-01,CRAXY,239000,historical
2025-03-01,CSR,135000,historical
2025-03-01,Candy Shop,26900,historical
2025-03-01,DAY6,2200000,historical
2025-03-01,DKB,193000,historical
2025-03-01,DRIPPIN,521000,historical
2025-03-01,DXMON,60900,historical
2025-03-01,DayChild,2730,historical
2025-03-01,Dragon Pony,25200,historical
2025-03-01,Dreamcatcher,1770000,historical
2025-03-01,E'LAST,287000,historical
2025-03-01,EASTSHINE,33900,historical
2025-03-01,ENHYPEN,11500000,historical
2025-03-01,EPEX,553000,historical
2025-03-01,EVERGLOW,1970000,historical
2025-03-01,EVNNE,642000,historical
2025-03-01,FANTASY BOYS,67900,historical
2025-03-01,FIFTY FIFTY,1940000,historical
2025-03-01,Geenius,30400,historical
2025-03-01,"Golden Child, GNCD",386000,historical
2025-03-01,H1-KEY,387000,historical
2025-03-01,HAWW,54300,historical
2025-03-01,Hearts2Hearts,575000,historical
2025-03-01,I:MOND,15000,historical
2025-03-01,ICHILLIN',99400,historical
2025-03-01,ILLIT,2230000,historical
2025-03-01,ILY:1,170000,historical
2025-03-01,IRISÉ,8780,historical
2025-03-01,IRRIS,50200,historical
2025-03-01,ITZY,9480000,historical
2025-03-01,IVE,4220000,historical
2025-03-01,Ikon,8700000,historical
2025-03-01,KISS OF LIFE,2000000,historical
2025-03-01,Kep1er,2520000,historical
2025-03-01,KickFlip,397000,historical
2025-03-01,KiiiKiii,112000,historical
2025-03-01,LE SSERAFIM,5880000,historical
2025-03-01,LOVEONE,7330,historical
2025-03-01,LUN8,853000,historical
2025-03-01,Loossemble,226000,historical
2025-03-01,MADEIN,181000,historical
2025-03-01,MCND,378000,historical
2025-03-01,MEOVV,637000,historical
2025-03-01,MIRAE,405000,historical
2025-03-01,MONSTA X,2570000,historical
2025-03-01,NCHIVE,32000,historical
2025-03-01,NCT 127,5600000,historical
2025-03-01,NCT DREAM,6880000,historical
2025-03-01,NEWBEAT,33100,historical
2025-03-01,NEXZ,354000,historical
2025-03-01,NINE.i,233000,historical
2025-03-01,NMIXX,3270000,historical
2025-03-01,NOMAD,60600,historical
2025-03-01,NOWADAYS,89100,historical
2025-03-01,NewJeans,8000000,historical
2025-03-01,NouerA,83300,historical
2025-03-01,ODD YOUTH,12300,historical
2025-03-01,OH MY GIRL,1050000,historical
2025-03-01,OMEGA X,386000,historical
2025-03-01,ONE PACT,133000,historical
2025-03-01,ONEUS,1580000,historical
2025-03-01,ONF,274000,historical
2025-03-01,P1Harmony,1330000,historical
2025-03-01,PENTAGON,1690000,historical
2025-03-01,PICKUS,8520,historical
2025-03-01,PLAVE,1000000,historical
2025-03-01,POW,141000,historical
2025-03-01,PRIMROSE,129000,historical
2025-03-01,PURPLE KISS,698000,historical
2025-03-01,QWER,1150000,historical
2025-03-01,RESCENE,184000,historical
2025-03-01,RIIZE,1710000,historical
2025-03-01,Red Velvet,5500000,historical
2025-03-01,Rocket Punch,204000,historical
2025-03-01,SECRET NUMBER,1630000,historical
2025-03-01,SEVENTEEN,14000000,historical
2025-03-01,SEVENUS,17200,historical
2025-03-01,SF9,1000000,historical
2025-03-01,SMN,239000,historical
2025-03-01,SPIA,11600,historical
2025-03-01,STAYC,1780000,historical
2025-03-01,Stray Kids,19600000,historical
2025-03-01,TEMPEST,503000,historical
2025-03-01,THE BOYZ,2320000,historical
2025-03-01,THE NEW SIX,808000,historical
2025-03-01,TIOT,76600,historical
2025-03-01,TREASURE,7720000,historical
2025-03-01,TRENDZ,175000,historical
2025-03-01,TRI.BE,594000,historical
2025-03-01,TWICE,18000000,historical
2025-03-01,TWS,1060000,historical
2025-03-01,TXT,12600000,historical
2025-03-01,The KingDom,388000,historical
2025-03-01,The Wind,704000,historical
2025-03-01,Tracer,3310,historical
2025-03-01,UNICODE,1060,historical
2025-03-01,UNIS,687000,historical
2025-03-01,VANNER,100000,historical
2025-03-01,VIVIZ,706000,historical
2025-03-01,W!TCHX,6320,historical
2025-03-01,WAKER,55100,historical
2025-03-01,WATERFIRE,5550,historical
2025-03-01,WEi,687000,historical
2025-03-01,WHIB,624000,historical
2025-03-01,WJSN,307000,historical
2025-03-01,WOOAH,403000,historical
2025-03-01,We;Na,20900,historical
2025-03-01,Weeekly,423000,historical
2025-03-01,XLOV,207000,historical
2025-03-01,XODIAC,647000,historical
2025-03-01,Xdinary Heroes,1140000,historical
2025-03-01,YOUNG POSSE,295000,historical
2025-03-01,YOUNITE,111000,historical
2025-03-01,ZEROBASEONE,1810000,historical
2025-03-01,aespa,7090000,historical
2025-03-01,fromis_9,1290000,historical
2025-03-01,ifeye,31900,historical
2025-03-01,izna,909000,historical
2025-03-01,n.SSign,85400,historical
2025-03-01,tripleS,2780000,historical
2025-03-01,xikers,490000,historical
2025-04-01,82MAJOR,492000,historical
2025-04-01,8TURN,1280000,historical
2025-04-01,AB6IX,511000,historical
2025-04-01,ADYA,15300,historical
2025-04-01,AEONIT,17700,historical
2025-04-01,AHOF,123000,historical
2025-04-01,AIMERS,58000,historical
2025-04-01,ALL(H)OURS,311000,historical
2025-04-01,AMPERS&ONE,275000,historical
2025-04-01,ARTBEAT v,4770000,historical
2025-04-01,ARTMS,1010000,historical
2025-04-01,ARrC,62800,historical
2025-04-01,ASC2NT,74400,historical
2025-04-01,ASTRO,5490000,historical
2025-04-01,ATBO,185000,historical
2025-04-01,ATEEZ,4410000,historical
2025-04-01,AtHeart,340000,historical
2025-04-01,B.D.U,34500,historical
2025-04-01,BABYMONSTER,9070000,historical
2025-04-01,BADVILLAIN,144000,historical
2025-04-01,BAE173,249000,historical
2025-04-01,BEWAVE,223000,historical
2025-04-01,BLACKPINK,96400000,historical
2025-04-01,BLACKSWAN,890000,historical
2025-04-01,BLITZERS,210000,historical
2025-04-01,BOYNEXTDOOR,1710000,historical
2025-04-01,BTS,80100000,historical
2025-04-01,Billlie,741000,historical
2025-04-01,Burvey,28200,historical
2025-04-01,CIX,1020000,historical
2025-04-01,CLASS:y,328000,historical
2025-04-01,CLOSE YOUR EYES,95200,historical
2025-04-01,CRAVITY,840000,historical
2025-04-01,CRAXY,239000,historical
2025-04-01,CSR,135000,historical
2025-04-01,Candy Shop,27600,historical
2025-04-01,DAY6,2210000,historical
2025-04-01,DKB,193000,historical
2025-04-01,DRIPPIN,520000,historical
2025-04-01,DXMON,61000,historical
2025-04-01,DayChild,2830,historical
2025-04-01,Dragon Pony,27500,historical
2025-04-01,Dreamcatcher,1770000,historical
2025-04-01,E'LAST,287000,historical
2025-04-01,EASTSHINE,34500,historical
2025-04-01,ENHYPEN,11700000,historical
2025-04-01,EPEX,553000,historical
2025-04-01,EVNNE,641000,historical
2025-04-01,FANTASY BOYS,69300,historical
2025-04-01,FIFTY FIFTY,1950000,historical
2025-04-01,Geenius,30700,historical
2025-04-01,"Golden Child, GNCD",386000,historical
2025-04-01,H1-KEY,387000,historical
2025-04-01,HAWW,54200,historical
2025-04-01,HITGS,2050,historical
2025-04-01,Hearts2Hearts,651000,historical
2025-04-01,I:MOND,15100,historical
2025-04-01,ICHILLIN',100000,historical
2025-04-01,ILLIT,2290000,historical
2025-04-01,ILY:1,169000,historical
2025-04-01,IRISÉ,9310,historical
2025-04-01,IRRIS,50200,historical
2025-04-01,ITZY,9510000,historical
2025-04-01,IVE,4280000,historical
2025-04-01,Ikon,8700000,historical
2025-04-01,KISS OF LIFE,1990000,historical
2025-04-01,Kep1er,2520000,historical
2025-04-01,KickFlip,423000,historical
2025-04-01,KiiiKiii,136000,historical
2025-04-01,LE SSERAFIM,5960000,historical
2025-04-01,LOVEONE,7750,historical
2025-04-01,LUN8,863000,historical
2025-04-01,Loossemble,227000,historical
2025-04-01,MADEIN,181000,historical
2025-04-01,MCND,377000,historical
2025-04-01,MEOVV,652000,historical
2025-04-01,MIRAE,404000,historical
2025-04-01,MONSTA X,2560000,historical
2025-04-01,NCHIVE,47500,historical
2025-04-01,NCT 127,5610000,historical
2025-04-01,NCT DREAM,6890000,historical
2025-04-01,NEWBEAT,41100,historical
2025-04-01,NEXZ,357000,historical
2025-04-01,NINE.i,234000,historical
2025-04-01,NMIXX,3340000,historical
2025-04-01,NOMAD,60500,historical
2025-04-01,NOWADAYS,90600,historical
2025-04-01,NewJeans,8000000,historical
2025-04-01,NouerA,103000,historical
2025-04-01,ODD YOUTH,14300,historical
2025-04-01,OH MY GIRL,1060000,historical
2025-04-01,OMEGA X,386000,historical
2025-04-01,ONE PACT,134000,historical
2025-04-01,ONEUS,1580000,historical
2025-04-01,ONF,274000,historical
2025-04-01,P1Harmony,1330000,historical
2025-04-01,PENTAGON,1690000,historical
2025-04-01,PICKUS,8520,historical
2025-04-01,PLAVE,1020000,historical
2025-04-01,POW,148000,historical
2025-04-01,PRIMROSE,129000,historical
2025-04-01,PURPLE KISS,698000,historical
2025-04-01,QWER,1160000,historical
2025-04-01,RESCENE,197000,historical
2025-04-01,RIIZE,1720000,historical
2025-04-01,Red Velvet,5500000,historical
2025-04-01,Rocket Punch,204000,historical
2025-04-01,SECRET NUMBER,1630000,historical
2025-04-01,SEVENTEEN,14300000,historical
2025-04-01,SEVENUS,17300,historical
2025-04-01,SF9,1000000,historical
2025-04-01,SMN,447000,historical
2025-04-01,SPIA,11500,historical
2025-04-01,STAYC,1790000,historical
2025-04-01,Stray Kids,19900000,historical
2025-04-01,TEMPEST,504000,historical
2025-04-01,THE BOYZ,2310000,historical
2025-04-01,THE NEW SIX,813000,historical
2025-04-01,TIOT,77200,historical
2025-04-01,TREASURE,7760000,historical
2025-04-01,TRENDZ,176000,historical
2025-04-01,TRI.BE,617000,historical
2025-04-01,TWICE,18100000,historical
2025-04-01,TWS,1080000,historical
2025-04-01,TXT,12600000,historical
2025-04-01,The KingDom,387000,historical
2025-04-01,The Wind,715000,historical
2025-04-01,Tracer,3340,historical
2025-04-01,UDTT,103000,historical
2025-04-01,UNICODE,1050,historical
2025-04-01,UNIS,732000,historical
2025-04-01,VANNER,101000,historical
2025-04-01,VIVIZ,711000,historical
2025-04-01,VVS,8410,historical
2025-04-01,W!TCHX,6350,historical
2025-04-01,WAKER,55800,historical
2025-04-01,WATERFIRE,5530,historical
2025-04-01,WEi,689000,historical
2025-04-01,WHIB,624000,historical
2025-04-01,WJSN,307000,historical
2025-04-01,WOOAH,403000,historical
2025-04-01,We;Na,21100,historical
2025-04-01,Weeekly,422000,historical
2025-04-01,XLOV,212000,historical
2025-04-01,XODIAC,653000,historical
2025-04-01,Xdinary Heroes,1150000,historical
2025-04-01,YOUNG POSSE,297000,historical
2025-04-01,YOUNITE,112000,historical
2025-04-01,ZEROBASEONE,1850000,historical
2025-04-01,aespa,7160000,historical
2025-04-01,fromis_9,1290000,historical
2025-04-01,i-dle,9130000,historical
2025-04-01,ifeye,103000,historical
2025-04-01,izna,1250000,historical
2025-04-01,n.SSign,86000,historical
2025-04-01,tripleS,2780000,historical
2025-04-01,xikers,552000,historical
2025-05-01,82MAJOR,497000,historical
2025-05-01,8TURN,1280000,historical
2025-05-01,AB6IX,510000,historical
2025-05-01,ADYA,15400,historical
2025-05-01,AEONIT,18000,historical
2025-05-01,AHOF,136000,historical
2025-05-01,AIMERS,59900,historical
2025-05-01,ALL(H)OURS,312000,historical
2025-05-01,AMPERS&ONE,279000,historical
2025-05-01,ARTBEAT v,4820000,historical
2025-05-01,ARTMS,1010000,historical
2025-05-01,ARrC,63600,historical
2025-05-01,ASC2NT,74900,historical
2025-05-01,ASTRO,5500000,historical
2025-05-01,ATBO,185000,historical
2025-05-01,ATEEZ,4450000,historical
2025-05-01,AtHeart,455000,historical
2025-05-01,B.D.U,34600,historical
2025-05-01,BABYMONSTER,9300000,historical
2025-05-01,BADVILLAIN,146000,historical
2025-05-01,BAE173,248000,historical
2025-05-01,BEWAVE,222000,historical
2025-05-01,BLACKPINK,96700000,historical
2025-05-01,BLACKSWAN,898000,historical
2025-05-01,BLITZERS,210000,historical
2025-05-01,BOYNEXTDOOR,1780000,historical
2025-05-01,BTS,80400000,historical
2025-05-01,Billlie,741000,historical
2025-05-01,Burvey,51800,historical
2025-05-01,CIX,1020000,historical
2025-05-01,CLASS:y,328000,historical
2025-05-01,CLOSE YOUR EYES,103000,historical
2025-05-01,CRAVITY,841000,historical
2025-05-01,CRAXY,239000,historical
2025-05-01,CSR,135000,historical
2025-05-01,Candy Shop,28300,historical
2025-05-01,DAY6,2220000,historical
2025-05-01,DKB,194000,historical
2025-05-01,DRIPPIN,518000,historical
2025-05-01,DXMON,61400,historical
2025-05-01,DayChild,2880,historical
2025-05-01,Dragon Pony,28900,historical
2025-05-01,Dreamcatcher,1780000,historical
2025-05-01,E'LAST,287000,historical
2025-05-01,EASTSHINE,34800,historical
2025-05-01,ENHYPEN,11900000,historical
2025-05-01,EPEX,553000,historical
2025-05-01,EVNNE,641000,historical
2025-05-01,FANTASY BOYS,71900,historical
2025-05-01,FIFTY FIFTY,2000000,historical
2025-05-01,Geenius,30800,historical
2025-05-01,"Golden Child, GNCD",385000,historical
2025-05-01,H1-KEY,388000,historical
2025-05-01,HAWW,54100,historical
2025-05-01,HITGS,29200,historical
2025-05-01,Hearts2Hearts,728000,historical
2025-05-01,I:MOND,15300,historical
2025-05-01,ICHILLIN',100000,historical
2025-05-01,IDID,71600,historical
2025-05-01,ILLIT,2350000,historical
2025-05-01,ILY:1,169000,historical
2025-05-01,IRISÉ,9510,historical
2025-05-01,IRRIS,50100,historical
2025-05-01,ITZY,9540000,historical
2025-05-01,IVE,4330000,historical
2025-05-01,Ikon,8700000,historical
2025-05-01,KIIRAS,30700,historical
2025-05-01,KISS OF LIFE,1970000,historical
2025-05-01,Kep1er,2520000,historical
2025-05-01,KickFlip,457000,historical
2025-05-01,KiiiKiii,151000,historical
2025-05-01,LE SSERAFIM,6030000,historical
2025-05-01,LOVEONE,15700,historical
2025-05-01,LUN8,872000,historical
2025-05-01,Loossemble,228000,historical
2025-05-01,MADEIN,182000,historical
2025-05-01,MCND,376000,historical
2025-05-01,MEOVV,824000,historical
2025-05-01,MIRAE,403000,historical
2025-05-01,MONSTA X,2570000,historical
2025-05-01,NCHIVE,47600,historical
2025-05-01,NCT 127,5620000,historical
2025-05-01,NCT DREAM,6890000,historical
2025-05-01,NEWBEAT,45200,historical
2025-05-01,NEXZ,374000,historical
2025-05-01,NINE.i,236000,historical
2025-05-01,NMIXX,3400000,historical
2025-05-01,NOMAD,60300,historical
2025-05-01,NOWADAYS,91000,historical
2025-05-01,NewJeans,8010000,historical
2025-05-01,NouerA,103000,historical
2025-05-01,ODD YOUTH,16100,historical
2025-05-01,OH MY GIRL,1060000,historical
2025-05-01,OMEGA X,386000,historical
2025-05-01,ONE PACT,134000,historical
2025-05-01,ONEUS,1580000,historical
2025-05-01,ONF,274000,historical
2025-05-01,P1Harmony,1390000,historical
2025-05-01,PENTAGON,1680000,historical
2025-05-01,PICKUS,8510,historical
2025-05-01,PLAVE,1030000,historical
2025-05-01,POW,151000,historical
2025-05-01,PRIMROSE,129000,historical
2025-05-01,PURPLE KISS,697000,historical
2025-05-01,QWER,1170000,historical
2025-05-01,RESCENE,211000,historical
2025-05-01,RIIZE,1760000,historical
2025-05-01,Red Velvet,5520000,historical
2025-05-01,Rocket Punch,203000,historical
2025-05-01,SECRET NUMBER,1630000,historical
2025-05-01,SEVENTEEN,14600000,historical
2025-05-01,SEVENUS,17300,historical
2025-05-01,SF9,1000000,historical
2025-05-01,SMN,449000,historical
2025-05-01,SMORZ,12400,historical
2025-05-01,SPIA,11500,historical
2025-05-01,STAYC,1800000,historical
2025-05-01,Stray Kids,20200000,historical
2025-05-01,TEMPEST,504000,historical
2025-05-01,THE BOYZ,2310000,historical
2025-05-01,THE NEW SIX,813000,historical
2025-05-01,TIOT,78600,historical
2025-05-01,TREASURE,7790000,historical
2025-05-01,TRENDZ,177000,historical
2025-05-01,TRI.BE,634000,historical
2025-05-01,TWICE,18100000,historical
2025-05-01,TWS,1110000,historical
2025-05-01,TXT,12700000,historical
2025-05-01,The KingDom,386000,historical
2025-05-01,The Wind,719000,historical
2025-05-01,Tracer,3420,historical
2025-05-01,UDTT,106000,historical
2025-05-01,UNICODE,1050,historical
2025-05-01,UNIS,757000,historical
2025-05-01,USPEER,13300,historical
2025-05-01,VANNER,101000,historical
2025-05-01,VIVIZ,715000,historical
2025-05-01,VVS,36900,historical
2025-05-01,W!TCHX,6730,historical
2025-05-01,WAKER,56000,historical
2025-05-01,WATERFIRE,5510,historical
2025-05-01,WEi,689000,historical
2025-05-01,WHIB,623000,historical
2025-05-01,WJSN,307000,historical
2025-05-01,WOOAH,403000,historical
2025-05-01,We;Na,21300,historical
2025-05-01,Weeekly,421000,historical
2025-05-01,XLOV,220000,historical
2025-05-01,XODIAC,659000,historical
2025-05-01,Xdinary Heroes,1160000,historical
2025-05-01,YOUNG POSSE,300000,historical
2025-05-01,YOUNITE,114000,historical
2025-05-01,ZEROBASEONE,1870000,historical
2025-05-01,ablume,59900,historical
2025-05-01,aespa,7240000,historical
2025-05-01,fromis_9,1300000,historical
2025-05-01,i-dle,9260000,historical
2025-05-01,ifeye,124000,historical
2025-05-01,izna,1260000,historical
2025-05-01,n.SSign,86100,historical
2025-05-01,tripleS,2830000,historical
2025-05-01,xikers,601000,historical
2025-06-01,82MAJOR,500000,historical
2025-06-01,8TURN,1270000,historical
2025-06-01,AB6IX,509000,historical
2025-06-01,ADYA,15400,historical
2025-06-01,AEONIT,18300,historical
2025-06-01,AHOF,166000,historical
2025-06-01,AIMERS,60000,historical
2025-06-01,ALL(H)OURS,314000,historical
2025-06-01,AMPERS&ONE,281000,historical
2025-06-01,ARTBEAT v,4850000,historical
2025-06-01,ARTMS,1040000,historical
2025-06-01,ARrC,67100,historical
2025-06-01,ASC2NT,75000,historical
2025-06-01,ASTRO,5510000,historical
2025-06-01,ATBO,185000,historical
2025-06-01,ATEEZ,4500000,historical
2025-06-01,AtHeart,565000,historical
2025-06-01,B.D.U,35100,historical
2025-06-01,BABYMONSTER,9460000,historical
2025-06-01,BADVILLAIN,152000,historical
2025-06-01,BAE173,248000,historical
2025-06-01,BE BOYS,5620,historical
2025-06-01,BEWAVE,221000,historical
2025-06-01,BLACKPINK,97000000,historical
2025-06-01,BLACKSWAN,901000,historical
2025-06-01,BLITZERS,210000,historical
2025-06-01,BOYNEXTDOOR,1830000,historical
2025-06-01,BTS,80800000,historical
2025-06-01,Baby DONT Cry,57300,historical
2025-06-01,Billlie,741000,historical
2025-06-01,Burvey,53100,historical
2025-06-01,CIX,1020000,historical
2025-06-01,CLASS:y,328000,historical
2025-06-01,CLOSE YOUR EYES,110000,historical
2025-06-01,CRAVITY,844000,historical
2025-06-01,CRAXY,239000,historical
2025-06-01,CSR,135000,historical
2025-06-01,Candy Shop,29100,historical
2025-06-01,DAY6,2230000,historical
2025-06-01,DKB,194000,historical
2025-06-01,DRIPPIN,517000,historical
2025-06-01,DXMON,61500,historical
2025-06-01,DayChild,3070,historical
2025-06-01,Dragon Pony,30200,historical
2025-06-01,Dreamcatcher,1780000,historical
2025-06-01,E'LAST,287000,historical
2025-06-01,EASTSHINE,36600,historical
2025-06-01,ENHYPEN,12100000,historical
2025-06-01,EPEX,553000,historical
2025-06-01,EVNNE,642000,historical
2025-06-01,FANTASY BOYS,72800,historical
2025-06-01,FIFTY FIFTY,2020000,historical
2025-06-01,Geenius,31400,historical
2025-06-01,"Golden Child, GNCD",384000,historical
2025-06-01,H1-KEY,390000,historical
2025-06-01,HAWW,54000,historical
2025-06-01,HITGS,39100,historical
2025-06-01,Hearts2Hearts,832000,historical
2025-06-01,I:MOND,15400,historical
2025-06-01,ICHILLIN',101000,historical
2025-06-01,IDID,74900,historical
2025-06-01,ILLIT,2420000,historical
2025-06-01,ILY:1,169000,historical
2025-06-01,IRRIS,49900,historical
2025-06-01,ITZY,9570000,historical
2025-06-01,IVE,4380000,historical
2025-06-01,Ikon,8690000,historical
2025-06-01,KIIRAS,76900,historical
2025-06-01,KISS OF LIFE,1990000,historical
2025-06-01,Kep1er,2520000,historical
2025-06-01,KickFlip,484000,historical
2025-06-01,KiiiKiii,158000,historical
2025-06-01,LE SSERAFIM,6070000,historical
2025-06-01,LOVEONE,17100,historical
2025-06-01,LUN8,877000,historical
2025-06-01,Loossemble,229000,historical
2025-06-01,MADEIN,182000,historical
2025-06-01,MCND,376000,historical
2025-06-01,MEOVV,907000,historical
2025-06-01,MIRAE,402000,historical
2025-06-01,MONSTA X,2570000,historical
2025-06-01,NCHIVE,47600,historical
2025-06-01,NCT 127,5620000,historical
2025-06-01,NCT DREAM,6910000,historical
2025-06-01,NEWBEAT,48900,historical
2025-06-01,NEXZ,380000,historical
2025-06-01,NINE.i,237000,historical
2025-06-01,NMIXX,3420000,historical
2025-06-01,NOWZ,103000,historical
2025-06-01,NewJeans,8020000,historical
2025-06-01,NouerA,118000,historical
2025-06-01,ODD YOUTH,17500,historical
2025-06-01,OH MY GIRL,1060000,historical
2025-06-01,OMEGA X,387000,historical
2025-06-01,ONE PACT,135000,historical
2025-06-01,ONEUS,1580000,historical
2025-06-01,ONF,274000,historical
2025-06-01,P1Harmony,1420000,historical
2025-06-01,PENTAGON,1680000,historical
2025-06-01,PICKUS,8510,historical
2025-06-01,PLAVE,1050000,historical
2025-06-01,POW,154000,historical
2025-06-01,PRIMROSE,131000,historical
2025-06-01,PURPLE KISS,697000,historical
2025-06-01,QWER,1210000,historical
2025-06-01,RESCENE,217000,historical
2025-06-01,RIIZE,1770000,historical
2025-06-01,Red Velvet,5520000,historical
2025-06-01,Rocket Punch,203000,historical
2025-06-01,SECRET NUMBER,1630000,historical
2025-06-01,SEVENTEEN,15000000,historical
2025-06-01,SEVENUS,17700,historical
2025-06-01,SF9,1000000,historical
2025-06-01,SMN,450000,historical
2025-06-01,SMORZ,21300,historical
2025-06-01,SPIA,11500,historical
2025-06-01,STAYC,1810000,historical
2025-06-01,Stray Kids,20400000,historical
2025-06-01,TEMPEST,506000,historical
2025-06-01,THE BOYZ,2300000,historical
2025-06-01,THE NEW SIX,812000,historical
2025-06-01,TIOT,79400,historical
2025-06-01,TREASURE,7810000,historical
2025-06-01,TRENDZ,178000,historical
2025-06-01,TRI.BE,638000,historical
2025-06-01,TWICE,18200000,historical
2025-06-01,TWS,1140000,historical
2025-06-01,TXT,12800000,historical
2025-06-01,The KingDom,386000,historical
2025-06-01,The Wind,736000,historical
2025-06-01,Tracer,3450,historical
2025-06-01,UDTT,106000,historical
2025-06-01,UNICODE,1040,historical
2025-06-01,UNIS,766000,historical
2025-06-01,USPEER,21700,historical
2025-06-01,VANNER,100000,historical
2025-06-01,VIVIZ,719000,historical
2025-06-01,VVS,47100,historical
2025-06-01,W!TCHX,6930,historical
2025-06-01,WAKER,56200,historical
2025-06-01,WATERFIRE,5510,historical
2025-06-01,WEi,689000,historical
2025-06-01,WHIB,622000,historical
2025-06-01,WJSN,308000,historical
2025-06-01,WOOAH,403000,historical
2025-06-01,We;Na,21300,historical
2025-06-01,Weeekly,421000,historical
2025-06-01,XLOV,299000,historical
2025-06-01,XODIAC,668000,historical
2025-06-01,Xdinary Heroes,1160000,historical
2025-06-01,YOUNG POSSE,301000,historical
2025-06-01,YOUNITE,114000,historical
2025-06-01,ZEROBASEONE,1900000,historical
2025-06-01,ablume,76100,historical
2025-06-01,aespa,7500000,historical
2025-06-01,fromis_9,1300000,historical
2025-06-01,i-dle,9340000,historical
2025-06-01,ifeye,149000,historical
2025-06-01,izna,1900000,historical
2025-06-01,n.SSign,87600,historical
2025-06-01,tripleS,2850000,historical
2025-06-01,xikers,621000,historical
2025-07-01,82MAJOR,503000,historical
2025-07-01,8TURN,1270000,historical
2025-07-01,AB6IX,508000,historical
2025-07-01,ADYA,15400,historical
2025-07-01,AEONIT,18800,historical
2025-07-01,AHOF,351000,historical
2025-07-01,AIMERS,59900,historical
2025-07-01,ALL(H)OURS,316000,historical
2025-07-01,ALLDAY PROJECT,637000,historical
2025-07-01,ALLDAY PROJECT,637000,historical
2025-07-01,AMPERS&ONE,284000,historical
2025-07-01,ARTBEAT v,4870000,historical
2025-07-01,ARTMS,1040000,historical
2025-07-01,ARrC,228000,historical
2025-07-01,ASC2NT,75200,historical
2025-07-01,ASTRO,5520000,historical
2025-07-01,ATBO,185000,historical
2025-07-01,ATEEZ,4540000,historical
2025-07-01,AtHeart,600000,historical
2025-07-01,B.D.U,35100,historical
2025-07-01,BABYMONSTER,9710000,historical
2025-07-01,BADVILLAIN,154000,historical
2025-07-01,BAE173,248000,historical
2025-07-01,BE BOYS,5620,historical
2025-07-01,BEWAVE,220000,historical
2025-07-01,BLACKPINK,98000000,historical
2025-07-01,BLACKSWAN,901000,historical
2025-07-01,BLITZERS,210000,historical
2025-07-01,BOYNEXTDOOR,1880000,historical
2025-07-01,BTS,81000000,historical
2025-07-01,Baby DONT Cry,106000,historical
2025-07-01,Billlie,741000,historical
2025-07-01,Burvey,54700,historical
2025-07-01,CIX,1020000,historical
2025-07-01,CLASS:y,328000,historical
2025-07-01,CLOSE YOUR EYES,131000,historical
2025-07-01,CRAVITY,846000,historical
2025-07-01,CRAXY,239000,historical
2025-07-01,CSR,135000,historical
2025-07-01,Candy Shop,29500,historical
2025-07-01,DAY6,2230000,historical
2025-07-01,DKB,194000,historical
2025-07-01,DRIPPIN,516000,historical
2025-07-01,DXMON,61400,historical
2025-07-01,DayChild,3280,historical
2025-07-01,Dragon Pony,31100,historical
2025-07-01,Dreamcatcher,1780000,historical
2025-07-01,E'LAST,287000,historical
2025-07-01,EASTSHINE,36900,historical
2025-07-01,ENHYPEN,12200000,historical
2025-07-01,EPEX,556000,historical
2025-07-01,EVNNE,642000,historical
2025-07-01,FANTASY BOYS,73300,historical
2025-07-01,FIFTY FIFTY,2029999,historical
2025-07-01,Geenius,32400,historical
2025-07-01,"Golden Child, GNCD",384000,historical
2025-07-01,H1-KEY,397000,historical
2025-07-01,HITGS,43000,historical
2025-07-01,Hearts2Hearts,912000,historical
2025-07-01,I:MOND,15400,historical
2025-07-01,ICHILLIN',101000,historical
2025-07-01,IDID,79400,historical
2025-07-01,ILLIT,2520000,historical
2025-07-01,ILY:1,169000,historical
2025-07-01,IRRIS,49800,historical
2025-07-01,ITZY,9600000,historical
2025-07-01,IVE,4440000,historical
2025-07-01,Ikon,8700000,historical
2025-07-01,KIIRAS,98400,historical
2025-07-01,KISS OF LIFE,2000000,historical
2025-07-01,Kep1er,2510000,historical
2025-07-01,KickFlip,503000,historical
2025-07-01,KiiiKiii,162000,historical
2025-07-01,LE SSERAFIM,6110000,historical
2025-07-01,LOVEONE,17300,historical
2025-07-01,LUN8,881000,historical
2025-07-01,Loossemble,229000,historical
2025-07-01,MADEIN,183000,historical
2025-07-01,MCND,375000,historical
2025-07-01,MEOVV,928000,historical
2025-07-01,MIRAE,402000,historical
2025-07-01,MONSTA X,2580000,historical
2025-07-01,NCHIVE,48200,historical
2025-07-01,NCT 127,5630000,historical
2025-07-01,NCT DREAM,6950000,historical
2025-07-01,NEWBEAT,52000,historical
2025-07-01,NEXZ,385000,historical
2025-07-01,NINE.i,237000,historical
2025-07-01,NMIXX,3430000,historical
2025-07-01,NOWZ,116000,historical
2025-07-01,NewJeans,8050000,historical
2025-07-01,NouerA,180000,historical
2025-07-01,ODD YOUTH,18200,historical
2025-07-01,OH MY GIRL,1060000,historical
2025-07-01,OMEGA X,388000,historical
2025-07-01,ONE PACT,139000,historical
2025-07-01,ONEUS,1590000,historical
2025-07-01,ONF,277000,historical
2025-07-01,P1Harmony,1440000,historical
2025-07-01,PENTAGON,1680000,historical
2025-07-01,PICKUS,8510,historical
2025-07-01,PLAVE,1070000,historical
2025-07-01,POW,156000,historical
2025-07-01,PRIMROSE,131000,historical
2025-07-01,PURPLE KISS,700000,historical
2025-07-01,QWER,1230000,historical
2025-07-01,RESCENE,236000,historical
2025-07-01,RIIZE,1800000,historical
2025-07-01,Red Velvet,5520000,historical
2025-07-01,Rocket Punch,203000,historical
2025-07-01,SECRET NUMBER,1620000,historical
2025-07-01,SEVENTEEN,15300000,historical
2025-07-01,SEVENUS,18000,historical
2025-07-01,SF9,1000000,historical
2025-07-01,SMN,452000,historical
2025-07-01,SMORZ,24700,historical
2025-07-01,SPIA,11400,historical
2025-07-01,STAYC,1820000,historical
2025-07-01,Stray Kids,20700000,historical
2025-07-01,TEMPEST,507000,historical
2025-07-01,THE BOYZ,2300000,historical
2025-07-01,THE NEW SIX,811000,historical
2025-07-01,TIOT,80100,historical
2025-07-01,TREASURE,7820000,historical
2025-07-01,TRENDZ,179000,historical
2025-07-01,TRI.BE,639000,historical
2025-07-01,TWICE,18400000,historical
2025-07-01,TWS,1210000,historical
2025-07-01,TXT,12800000,historical
2025-07-01,The KingDom,385000,historical
2025-07-01,The Wind,742000,historical
2025-07-01,Tracer,3500,historical
2025-07-01,UDTT,106000,historical
2025-07-01,UNICODE,1040,historical
2025-07-01,UNIS,771000,historical
2025-07-01,USPEER,23300,historical
2025-07-01,VANNER,100000,historical
2025-07-01,VIVIZ,725000,historical
2025-07-01,VVS,49400,historical
2025-07-01,W!TCHX,7740,historical
2025-07-01,WAKER,57600,historical
2025-07-01,WATERFIRE,5520,historical
2025-07-01,WEi,689000,historical
2025-07-01,WHIB,621000,historical
2025-07-01,WJSN,308000,historical
2025-07-01,WOOAH,403000,historical
2025-07-01,We;Na,21300,historical
2025-07-01,Weeekly,421000,historical
2025-07-01,XLOV,423000,historical
2025-07-01,XODIAC,675000,historical
2025-07-01,Xdinary Heroes,1170000,historical
2025-07-01,YOUNG POSSE,303000,historical
2025-07-01,YOUNITE,114000,historical
2025-07-01,ZEROBASEONE,1940000,historical
2025-07-01,ablume,82400,historical
2025-07-01,aespa,7850000,historical
2025-07-01,fromis_9,1300000,historical
2025-07-01,i-dle,9370000,historical
2025-07-01,idntt,19800,historical
2025-07-01,ifeye,193000,historical
2025-07-01,izna,1900000,historical
2025-07-01,n.SSign,88500,historical
2025-07-01,tripleS,2870000,historical
2025-07-01,xikers,657000,historical
2025-08-01,82MAJOR,506000,historical
2025-08-01,8TURN,1280000,historical
2025-08-01,AB6IX,507000,historical
2025-08-01,ADYA,15400,historical
2025-08-01,AEONIT,18900,historical
2025-08-01,AHOF,387000,historical
2025-08-01,AIMERS,60400,historical
2025-08-01,ALL(H)OURS,317000,historical
2025-08-01,ALLDAY PROJECT,819000,historical
2025-08-01,ALLDAY PROJECT,819000,historical
2025-08-01,AMPERS&ONE,291000,historical
2025-08-01,ARTBEAT v,4890000,historical
2025-08-01,ARTMS,1040000,historical
2025-08-01,ARrC,301000,historical
2025-08-01,ASC2NT,89800,historical
2025-08-01,ASTRO,5520000,historical
2025-08-01,ATBO,184000,historical
2025-08-01,ATEEZ,4580000,historical
2025-08-01,AtHeart,735000,historical
2025-08-01,B.D.U,35200,historical
2025-08-01,BABYMONSTER,9910000,historical
2025-08-01,BADVILLAIN,156000,historical
2025-08-01,BAE173,248000,historical
2025-08-01,BE BOYS,7790,historical
2025-08-01,BEWAVE,220000,historical
2025-08-01,BLACKPINK,98600000,historical
2025-08-01,BLACKSWAN,901000,historical
2025-08-01,BLITZERS,211000,historical
2025-08-01,BOYNEXTDOOR,1950000,historical
2025-08-01,BTS,81300000,historical
2025-08-01,Baby DONT Cry,118000,historical
2025-08-01,Billlie,741000,historical
2025-08-01,Burvey,56200,historical
2025-08-01,CIX,1020000,historical
2025-08-01,CLASS:y,328000,historical
2025-08-01,CLOSE YOUR EYES,142000,historical
2025-08-01,CORTIS,438000,historical
2025-08-01,CRAVITY,850000,historical
2025-08-01,CRAXY,238000,historical
2025-08-01,CSR,136000,historical
2025-08-01,Candy Shop,30000,historical
2025-08-01,DAY6,2240000,historical
2025-08-01,DKB,198000,historical
2025-08-01,DRIPPIN,515000,historical
2025-08-01,DXMON,61200,historical
2025-08-01,DayChild,3540,historical
2025-08-01,Dragon Pony,32700,historical
2025-08-01,Dreamcatcher,1780000,historical
2025-08-01,E'LAST,286000,historical
2025-08-01,EASTSHINE,38200,historical
2025-08-01,ENHYPEN,12400000,historical
2025-08-01,EPEX,557000,historical
2025-08-01,EVNNE,648000,historical
2025-08-01,FANTASY BOYS,73400,historical
2025-08-01,FIFTY FIFTY,2060000,historical
2025-08-01,Geenius,33900,historical
2025-08-01,"Golden Child, GNCD",383000,historical
2025-08-01,H1-KEY,402000,historical
2025-08-01,HAWW,53800,historical
2025-08-01,HITGS,45600,historical
2025-08-01,Hearts2Hearts,969000,historical
2025-08-01,I:MOND,15800,historical
2025-08-01,ICHILLIN',104000,historical
2025-08-01,IDID,86500,historical
2025-08-01,ILLIT,2690000,historical
2025-08-01,ILY:1,169000,historical
2025-08-01,IRRIS,49600,historical
2025-08-01,ITZY,9620000,historical
2025-08-01,IVE,4520000,historical
2025-08-01,Ikon,8690000,historical
2025-08-01,KISS OF LIFE,2009999,historical
2025-08-01,Kep1er,2530000,historical
2025-08-01,KickFlip,516000,historical
2025-08-01,KiiiKiii,185000,historical
2025-08-01,LE SSERAFIM,6170000,historical
2025-08-01,LOVEONE,17700,historical
2025-08-01,LUN8,891000,historical
2025-08-01,Loossemble,229000,historical
2025-08-01,MADEIN,185000,historical
2025-08-01,MCND,376000,historical
2025-08-01,MEOVV,957000,historical
2025-08-01,MIRAE,400000,historical
2025-08-01,MONSTA X,2590000,historical
2025-08-01,NCHIVE,54400,historical
2025-08-01,NCT 127,5630000,historical
2025-08-01,NCT DREAM,6960000,historical
2025-08-01,NEWBEAT,58000,historical
2025-08-01,NEXZ,389000,historical
2025-08-01,NINE.i,239000,historical
2025-08-01,NMIXX,3490000,historical
2025-08-01,NOWZ,122000,historical
2025-08-01,NewJeans,8080000,historical
2025-08-01,NouerA,202000,historical
2025-08-01,ODD YOUTH,19400,historical
2025-08-01,OH MY GIRL,1060000,historical
2025-08-01,OMEGA X,388000,historical
2025-08-01,ONE PACT,143000,historical
2025-08-01,ONEUS,1590000,historical
2025-08-01,ONF,278000,historical
2025-08-01,P1Harmony,1470000,historical
2025-08-01,PENTAGON,1680000,historical
2025-08-01,PICKUS,8520,historical
2025-08-01,PLAVE,1080000,historical
2025-08-01,POW,158000,historical
2025-08-01,PRIMROSE,132000,historical
2025-08-01,PURPLE KISS,702000,historical
2025-08-01,QWER,1250000,historical
2025-08-01,RESCENE,247000,historical
2025-08-01,RIIZE,1830000,historical
2025-08-01,Red Velvet,5530000,historical
2025-08-01,Rocket Punch,202000,historical
2025-08-01,SECRET NUMBER,1620000,historical
2025-08-01,SEVENTEEN,15600000,historical
2025-08-01,SEVENUS,18100,historical
2025-08-01,SF9,1000000,historical
2025-08-01,SMN,460000,historical
2025-08-01,SMORZ,40900,historical
2025-08-01,SPIA,11400,historical
2025-08-01,STAYC,1830000,historical
2025-08-01,Stray Kids,21200000,historical
2025-08-01,TEMPEST,507000,historical
2025-08-01,THE BOYZ,2290000,historical
2025-08-01,THE NEW SIX,810000,historical
2025-08-01,TIOT,81400,historical
2025-08-01,TREASURE,7840000,historical
2025-08-01,TRENDZ,180000,historical
2025-08-01,TRI.BE,641000,historical
2025-08-01,TWICE,18500000,historical
2025-08-01,TWS,1280000,historical
2025-08-01,TXT,12900000,historical
2025-08-01,The KingDom,385000,historical
2025-08-01,The Wind,740000,historical
2025-08-01,Tracer,3560,historical
2025-08-01,UDTT,106000,historical
2025-08-01,UNICODE,1040,historical
2025-08-01,UNIS,781000,historical
2025-08-01,USPEER,24800,historical
2025-08-01,VANNER,100000,historical
2025-08-01,VIVIZ,732000,historical
2025-08-01,VVS,54600,historical
2025-08-01,W!TCHX,7810,historical
2025-08-01,WAKER,66300,historical
2025-08-01,WATERFIRE,5510,historical
2025-08-01,WEi,693000,historical
2025-08-01,WHIB,624000,historical
2025-08-01,WJSN,308000,historical
2025-08-01,WOOAH,403000,historical
2025-08-01,We;Na,21300,historical
2025-08-01,Weeekly,420000,historical
2025-08-01,XLOV,523000,historical
2025-08-01,XODIAC,677000,historical
2025-08-01,Xdinary Heroes,1170000,historical
2025-08-01,YOUNG POSSE,321000,historical
2025-08-01,YOUNITE,118000,historical
2025-08-01,ZEROBASEONE,1980000,historical
2025-08-01,ablume,86400,historical
2025-08-01,aespa,8029999,historical
2025-08-01,fromis_9,1290000,historical
2025-08-01,i-dle,9410000,historical
2025-08-01,idntt,811000,historical
2025-08-01,ifeye,254000,historical
2025-08-01,izna,1910000,historical
2025-08-01,n.SSign,94200,historical
2025-08-01,tripleS,2870000,historical
2025-08-01,xikers,696000,historical
2025-09-01,82MAJOR,506000,historical
2025-09-01,8TURN,1270000,historical
2025-09-01,AB6IX,507000,historical
2025-09-01,ADYA,15400,historical
2025-09-01,AEONIT,19700,historical
2025-09-01,AHOF,402000,historical
2025-09-01,AIMERS,60400,historical
2025-09-01,ALL(H)OURS,322000,historical
2025-09-01,ALLDAY PROJECT,843000,historical
2025-09-01,ALLDAY PROJECT,843000,historical
2025-09-01,AMPERS&ONE,295000,historical
2025-09-01,ARTBEAT v,4910000,historical
2025-09-01,ARTMS,1040000,historical
2025-09-01,ARrC,419000,historical
2025-09-01,ASC2NT,89900,historical
2025-09-01,ASTRO,5520000,historical
2025-09-01,ATBO,184000,historical
2025-09-01,ATEEZ,4620000,historical
2025-09-01,AtHeart,903000,historical
2025-09-01,B.D.U,35200,historical
2025-09-01,BABYMONSTER,10000000,historical
2025-09-01,BADVILLAIN,162000,historical
2025-09-01,BAE173,248000,historical
2025-09-01,BE BOYS,8170,historical
2025-09-01,BEWAVE,219000,historical
2025-09-01,BLACKPINK,98900000,historical
2025-09-01,BLACKSWAN,902000,historical
2025-09-01,BLITZERS,214000,historical
2025-09-01,BOYNEXTDOOR,1970000,historical
2025-09-01,BTS,81400000,historical
2025-09-01,Baby DONT Cry,121000,historical
2025-09-01,Billlie,743000,historical
2025-09-01,Burvey,56800,historical
2025-09-01,CIX,1020000,historical
2025-09-01,CLASS:y,328000,historical
2025-09-01,CLOSE YOUR EYES,345000,historical
2025-09-01,CORTIS,876000,historical
2025-09-01,CRAVITY,852000,historical
2025-09-01,CRAXY,238000,historical
2025-09-01,CSR,136000,historical
2025-09-01,Candy Shop,30300,historical
2025-09-01,DAY6,2250000,historical
2025-09-01,DKB,209000,historical
2025-09-01,DRIPPIN,515000,historical
2025-09-01,DXMON,61100,historical
2025-09-01,DayChild,3580,historical
2025-09-01,Dragon Pony,33400,historical
2025-09-01,Dreamcatcher,1780000,historical
2025-09-01,E'LAST,286000,historical
2025-09-01,EASTSHINE,38300,historical
2025-09-01,ENHYPEN,12600000,historical
2025-09-01,EPEX,557000,historical
2025-09-01,EVNNE,648000,historical
2025-09-01,FANTASY BOYS,74400,historical
2025-09-01,FIFTY FIFTY,2089999,historical
2025-09-01,Geenius,35000,historical
2025-09-01,"Golden Child, GNCD",383000,historical
2025-09-01,H1-KEY,406000,historical
2025-09-01,HAWW,53700,historical
2025-09-01,HITGS,49100,historical
2025-09-01,Hearts2Hearts,1000000,historical
2025-09-01,I:MOND,15800,historical
2025-09-01,ICHILLIN',106000,historical
2025-09-01,IDID,96400,historical
2025-09-01,ILLIT,2810000,historical
2025-09-01,ILY:1,169000,historical
2025-09-01,IRRIS,49500,historical
2025-09-01,ITZY,9630000,historical
2025-09-01,IVE,4570000,historical
2025-09-01,Ikon,8690000,historical
2025-09-01,KISS OF LIFE,2009999,historical
2025-09-01,Kep1er,2540000,historical
2025-09-01,KickFlip,527000,historical
2025-09-01,KiiiKiii,195000,historical
2025-09-01,LE SSERAFIM,6230000,historical
2025-09-01,LOVEONE,18000,historical
2025-09-01,LUN8,897000,historical
2025-09-01,Loossemble,230000,historical
2025-09-01,MADEIN,186000,historical
2025-09-01,MCND,375000,historical
2025-09-01,MEOVV,971000,historical
2025-09-01,MIRAE,400000,historical
2025-09-01,MONSTA X,2600000,historical
2025-09-01,NCHIVE,55200,historical
2025-09-01,NCT 127,5630000,historical
2025-09-01,NCT DREAM,6970000,historical
2025-09-01,NEWBEAT,62200,historical
2025-09-01,NEXZ,391000,historical
2025-09-01,NINE.i,239000,historical
2025-09-01,NMIXX,3560000,historical
2025-09-01,NOWZ,123000,historical
2025-09-01,NewJeans,8100000,historical
2025-09-01,NouerA,204000,historical
2025-09-01,ODD YOUTH,19900,historical
2025-09-01,OH MY GIRL,1050000,historical
2025-09-01,OMEGA X,389000,historical
2025-09-01,ONE PACT,145000,historical
2025-09-01,ONEUS,1590000,historical
2025-09-01,ONF,277000,historical
2025-09-01,P1Harmony,1490000,historical
2025-09-01,PENTAGON,1680000,historical
2025-09-01,PICKUS,8530,historical
2025-09-01,PLAVE,1090000,historical
2025-09-01,POW,161000,historical
2025-09-01,PRIMROSE,132000,historical
2025-09-01,PURPLE KISS,702000,historical
2025-09-01,QWER,1260000,historical
2025-09-01,RESCENE,259000,historical
2025-09-01,RIIZE,1850000,historical
2025-09-01,Red Velvet,5530000,historical
2025-09-01,Rocket Punch,202000,historical
2025-09-01,SECRET NUMBER,1620000,historical
2025-09-01,SEVENTEEN,15900000,historical
2025-09-01,SEVENUS,18200,historical
2025-09-01,SF9,1000000,historical
2025-09-01,SMN,460000,historical
2025-09-01,SMORZ,62900,historical
2025-09-01,SPIA,11400,historical
2025-09-01,STAYC,1830000,historical
2025-09-01,Stray Kids,21600000,historical
2025-09-01,TEMPEST,507000,historical
2025-09-01,THE BOYZ,2290000,historical
2025-09-01,THE NEW SIX,810000,historical
2025-09-01,TIOT,81800,historical
2025-09-01,TREASURE,7870000,historical
2025-09-01,TRENDZ,180000,historical
2025-09-01,TRI.BE,642000,historical
2025-09-01,TWICE,18600000,historical
2025-09-01,TWS,1320000,historical
2025-09-01,TXT,13000000,historical
2025-09-01,The KingDom,384000,historical
2025-09-01,The Wind,739000,historical
2025-09-01,Tracer,3570,historical
2025-09-01,UDTT,107000,historical
2025-09-01,UNICODE,1040,historical
2025-09-01,UNIS,791000,historical
2025-09-01,USPEER,25200,historical
2025-09-01,VANNER,100000,historical
2025-09-01,VIVIZ,734000,historical
2025-09-01,VVS,57600,historical
2025-09-01,W!TCHX,7890,historical
2025-09-01,WAKER,68400,historical
2025-09-01,WATERFIRE,5520,historical
2025-09-01,WEi,694000,historical
2025-09-01,WHIB,627000,historical
2025-09-01,WJSN,308000,historical
2025-09-01,WOOAH,407000,historical
2025-09-01,We;Na,21400,historical
2025-09-01,Weeekly,420000,historical
2025-09-01,XLOV,564000,historical
2025-09-01,XODIAC,678000,historical
2025-09-01,Xdinary Heroes,1170000,historical
2025-09-01,YOUNG POSSE,330000,historical
2025-09-01,YOUNITE,118000,historical
2025-09-01,ZEROBASEONE,2009999,historical
2025-09-01,ablume,88100,historical
2025-09-01,aespa,8119999,historical
2025-09-01,fromis_9,1290000,historical
2025-09-01,i-dle,9430000,historical
2025-09-01,idntt,807000,historical
2025-09-01,ifeye,261000,historical
2025-09-01,izna,1910000,historical
2025-09-01,n.SSign,94300,historical
2025-09-01,tripleS,2870000,historical
2025-09-01,xikers,737000,historical
2025-10-01,82MAJOR,507000,historical
2025-10-01,8TURN,1270000,historical
2025-10-01,AB6IX,506000,historical
2025-10-01,ADYA,15400,historical
2025-10-01,AEONIT,19700,historical
2025-10-01,AHOF,413000,historical
2025-10-01,AIMERS,60700,historical
2025-10-01,ALL(H)OURS,323000,historical
2025-10-01,ALLDAY PROJECT,861000,historical
2025-10-01,ALLDAY PROJECT,861000,historical
2025-10-01,ALPHA DRIVE ONE,383000,historical
2025-10-01,AM8IC,3250,historical
2025-10-01,AMPERS&ONE,302000,historical
2025-10-01,ARTBEAT v,4940000,historical
2025-10-01,ARTMS,1040000,historical
2025-10-01,ARrC,416000,historical
2025-10-01,ASC2NT,90000,historical
2025-10-01,ASTRO,5520000,historical
2025-10-01,ATBO,184000,historical
2025-10-01,ATEEZ,4660000,historical
2025-10-01,AtHeart,1090000,historical
2025-10-01,B.D.U,35100,historical
2025-10-01,BABYMONSTER,10400000,historical
2025-10-01,BADVILLAIN,167000,historical
2025-10-01,BAE173,250000,historical
2025-10-01,BE BOYS,8860,historical
2025-10-01,BEWAVE,218000,historical
2025-10-01,BLACKPINK,99200000,historical
2025-10-01,BLACKSWAN,902000,historical
2025-10-01,BLITZERS,215000,historical
2025-10-01,BOYNEXTDOOR,2029999,historical
2025-10-01,BTS,81600000,historical
2025-10-01,Baby DONT Cry,124000,historical
2025-10-01,Billlie,745000,historical
2025-10-01,Burvey,57000,historical
2025-10-01,CIX,1020000,historical
2025-10-01,CLASS:y,328000,historical
2025-10-01,CLOSE YOUR EYES,349000,historical
2025-10-01,CORTIS,1480000,historical
2025-10-01,CRAVITY,854000,historical
2025-10-01,CRAXY,238000,historical
2025-10-01,CSR,136000,historical
2025-10-01,Candy Shop,30700,historical
2025-10-01,DAY6,2260000,historical
2025-10-01,DKB,214000,historical
2025-10-01,DRIPPIN,514000,historical
2025-10-01,DXMON,60900,historical
2025-10-01,DayChild,3630,historical
2025-10-01,Dragon Pony,34300,historical
2025-10-01,Dreamcatcher,1780000,historical
2025-10-01,E'LAST,286000,historical
2025-10-01,EASTSHINE,38700,historical
2025-10-01,ENHYPEN,12700000,historical
2025-10-01,EPEX,557000,historical
2025-10-01,EVNNE,648000,historical
2025-10-01,FANTASY BOYS,74400,historical
2025-10-01,FIFTY FIFTY,2110000,historical
2025-10-01,Geenius,35400,historical
2025-10-01,"Golden Child, GNCD",382000,historical
2025-10-01,H1-KEY,412000,historical
2025-10-01,HAWW,53600,historical
2025-10-01,HITGS,57800,historical
2025-10-01,Hearts2Hearts,1120000,historical
2025-10-01,I:MOND,15700,historical
2025-10-01,ICHILLIN',107000,historical
2025-10-01,IDID,105000,historical
2025-10-01,ILLIT,2950000,historical
2025-10-01,ILY:1,168000,historical
2025-10-01,IRRIS,49300,historical
2025-10-01,ITZY,9640000,historical
2025-10-01,IVE,4610000,historical
2025-10-01,Ikon,8690000,historical
2025-10-01,KISS OF LIFE,2009999,historical
2025-10-01,Kep1er,2540000,historical
2025-10-01,KickFlip,545000,historical
2025-10-01,KiiiKiii,202000,historical
2025-10-01,LE SSERAFIM,6340000,historical
2025-10-01,LOVEONE,18200,historical
2025-10-01,LUN8,904000,historical
2025-10-01,Loossemble,231000,historical
2025-10-01,MADEIN,186000,historical
2025-10-01,MCND,375000,historical
2025-10-01,MEOVV,1010000,historical
2025-10-01,MIRAE,399000,historical
2025-10-01,MONSTA X,2600000,historical
2025-10-01,NCHIVE,67500,historical
2025-10-01,NCT 127,5630000,historical
2025-10-01,NCT DREAM,6980000,historical
2025-10-01,NEWBEAT,65099,historical
2025-10-01,NEXZ,406000,historical
2025-10-01,NINE.i,238000,historical
2025-10-01,NMIXX,3690000,historical
2025-10-01,NOWZ,130000,historical
2025-10-01,NewJeans,8140000,historical
2025-10-01,NouerA,207000,historical
2025-10-01,ODD YOUTH,20600,historical
2025-10-01,OH MY GIRL,1050000,historical
2025-10-01,OMEGA X,389000,historical
2025-10-01,ONE PACT,146000,historical
2025-10-01,ONEUS,1590000,historical
2025-10-01,ONF,277000,historical
2025-10-01,P1Harmony,1540000,historical
2025-10-01,PENTAGON,1680000,historical
2025-10-01,PICKUS,8500,historical
2025-10-01,PLAVE,1100000,historical
2025-10-01,POW,164000,historical
2025-10-01,PRIMROSE,133000,historical
2025-10-01,PURPLE KISS,702000,historical
2025-10-01,QWER,1260000,historical
2025-10-01,RESCENE,268000,historical
2025-10-01,RIIZE,1860000,historical
2025-10-01,Red Velvet,5530000,historical
2025-10-01,Rocket Punch,201000,historical
2025-10-01,SECRET NUMBER,1610000,historical
2025-10-01,SEVENTEEN,16100000,historical
2025-10-01,SEVENUS,18300,historical
2025-10-01,SF9,1000000,historical
2025-10-01,SMN,461000,historical
2025-10-01,SMORZ,95400,historical
2025-10-01,STAYC,1840000,historical
2025-10-01,Stray Kids,21900000,historical
2025-10-01,TEMPEST,507000,historical
2025-10-01,THE BOYZ,2280000,historical
2025-10-01,THE NEW SIX,808000,historical
2025-10-01,TIOT,83000,historical
2025-10-01,TREASURE,7880000,historical
2025-10-01,TRENDZ,180000,historical
2025-10-01,TRI.BE,643000,historical
2025-10-01,TWICE,18700000,historical
2025-10-01,TWS,1360000,historical
2025-10-01,TXT,13000000,historical
2025-10-01,The KingDom,384000,historical
2025-10-01,The Wind,738000,historical
2025-10-01,Tracer,3580,historical
2025-10-01,UDTT,106000,historical
2025-10-01,UNICODE,1030,historical
2025-10-01,UNIS,797000,historical
2025-10-01,USPEER,25700,historical
2025-10-01,VANNER,100000,historical
2025-10-01,VIVIZ,738000,historical
2025-10-01,VVS,59500,historical
2025-10-01,W!TCHX,8070,historical
2025-10-01,WAKER,68800,historical
2025-10-01,WATERFIRE,5510,historical
2025-10-01,WEi,696000,historical
2025-10-01,WHIB,639000,historical
2025-10-01,WJSN,309000,historical
2025-10-01,WOOAH,411000,historical
2025-10-01,We;Na,21400,historical
2025-10-01,Weeekly,419000,historical
2025-10-01,XLOV,618000,historical
2025-10-01,XODIAC,681000,historical
2025-10-01,Xdinary Heroes,1180000,historical
2025-10-01,YOUNG POSSE,335000,historical
2025-10-01,YOUNITE,119000,historical
2025-10-01,ZEROBASEONE,2040000,historical
2025-10-01,ablume,89900,historical
2025-10-01,aespa,8160000,historical
2025-10-01,fromis_9,1290000,historical
2025-10-01,i-dle,9470000,historical
2025-10-01,idntt,802000,historical
2025-10-01,ifeye,265000,historical
2025-10-01,izna,1950000,historical
2025-10-01,n.SSign,94300,historical
2025-10-01,tripleS,2870000,historical
2025-10-01,xikers,780000,historical
2025-11-01,82MAJOR,515000,historical
2025-11-01,8TURN,1270000,historical
2025-11-01,AB6IX,505000,historical
2025-11-01,ADYA,15400,historical
2025-11-01,AEONIT,19700,historical
2025-11-01,AHOF,517000,historical
2025-11-01,AIMERS,60900,historical
2025-11-01,ALL(H)OURS,326000,historical
2025-11-01,ALLDAY PROJECT,915000,historical
2025-11-01,ALLDAY PROJECT,915000,historical
2025-11-01,ALPHA DRIVE ONE,466000,historical
2025-11-01,AM8IC,5720,historical
2025-11-01,AMPERS&ONE,307000,historical
2025-11-01,ARTBEAT v,4960000,historical
2025-11-01,ARTMS,1040000,historical
2025-11-01,ARrC,416000,historical
2025-11-01,ASC2NT,90300,historical
2025-11-01,ASTRO,5520000,historical
2025-11-01,ATBO,183000,historical
2025-11-01,ATEEZ,4700000,historical
2025-11-01,AtHeart,1320000,historical
2025-11-01,AxMxP,269000,historical
2025-11-01,B.D.U,35100,historical
2025-11-01,BABYMONSTER,10700000,historical
2025-11-01,BADVILLAIN,168000,historical
2025-11-01,BAE173,251000,historical
2025-11-01,BE BOYS,9420,historical
2025-11-01,BEWAVE,218000,historical
2025-11-01,BLACKPINK,99400000,historical
2025-11-01,BLACKSWAN,903000,historical
2025-11-01,BLITZERS,217000,historical
2025-11-01,BOYNEXTDOOR,2069999,historical
2025-11-01,BTS,81800000,historical
2025-11-01,Baby DONT Cry,145000,historical
2025-11-01,Billlie,745000,historical
2025-11-01,Burvey,61000,historical
2025-11-01,CIX,1020000,historical
2025-11-01,CLASS:y,329000,historical
2025-11-01,CLOSE YOUR EYES,660000,historical
2025-11-01,CORTIS,1940000,historical
2025-11-01,CRAVITY,861000,historical
2025-11-01,CRAXY,239000,historical
2025-11-01,CSR,135000,historical
2025-11-01,Candy Shop,31100,historical
2025-11-01,DAY6,2280000,historical
2025-11-01,DKB,216000,historical
2025-11-01,DRIPPIN,514000,historical
2025-11-01,DXMON,61000,historical
2025-11-01,DayChild,3630,historical
2025-11-01,Dragon Pony,35000,historical
2025-11-01,Dreamcatcher,1780000,historical
2025-11-01,E'LAST,285000,historical
2025-11-01,EASTSHINE,38800,historical
2025-11-01,ENHYPEN,12900000,historical
2025-11-01,EPEX,557000,historical
2025-11-01,EVNNE,649000,historical
2025-11-01,FANTASY BOYS,74600,historical
2025-11-01,FIFTY FIFTY,2130000,historical
2025-11-01,Geenius,36100,historical
2025-11-01,"Golden Child, GNCD",381000,historical
2025-11-01,H1-KEY,413000,historical
2025-11-01,HAWW,53400,historical
2025-11-01,HITGS,60100,historical
2025-11-01,Hearts2Hearts,1290000,historical
2025-11-01,I:MOND,15800,historical
2025-11-01,ICHILLIN',107000,historical
2025-11-01,IDID,114000,historical
2025-11-01,ILLIT,3090000,historical
2025-11-01,ILY:1,168000,historical
2025-11-01,IRRIS,49200,historical
2025-11-01,ITZY,9690000,historical
2025-11-01,IVE,4640000,historical
2025-11-01,Ikon,8680000,historical
2025-11-01,KISS OF LIFE,2009999,historical
2025-11-01,Kep1er,2530000,historical
2025-11-01,KickFlip,569000,historical
2025-11-01,KiiiKiii,214000,historical
2025-11-01,LE SSERAFIM,6640000,historical
2025-11-01,LOVEONE,21000,historical
2025-11-01,LUN8,910000,historical
2025-11-01,Loossemble,231000,historical
2025-11-01,MADEIN,186000,historical
2025-11-01,MCND,375000,historical
2025-11-01,MEOVV,1060000,historical
2025-11-01,MIRAE,398000,historical
2025-11-01,MONSTA X,2600000,historical
2025-11-01,NCHIVE,77600,historical
2025-11-01,NCT 127,5630000,historical
2025-11-01,NCT DREAM,7010000,historical
2025-11-01,NEWBEAT,74200,historical
2025-11-01,NEXZ,440000,historical
2025-11-01,NINE.i,238000,historical
2025-11-01,NMIXX,3780000,historical
2025-11-01,NOMAD,9,historical
2025-11-01,NOWZ,139000,historical
2025-11-01,NewJeans,8189999,historical
2025-11-01,NouerA,207000,historical
2025-11-01,ODD YOUTH,22300,historical
2025-11-01,OH MY GIRL,1050000,historical
2025-11-01,OMEGA X,389000,historical
2025-11-01,ONE PACT,149000,historical
2025-11-01,ONEUS,1590000,historical
2025-11-01,ONF,277000,historical
2025-11-01,P1Harmony,1570000,historical
2025-11-01,PENTAGON,1670000,historical
2025-11-01,PICKUS,8490,historical
2025-11-01,PLAVE,1120000,historical
2025-11-01,POW,166000,historical
2025-11-01,PRIMROSE,133000,historical
2025-11-01,PURPLE KISS,703000,historical
2025-11-01,QWER,1270000,historical
2025-11-01,RESCENE,285000,historical
2025-11-01,RIIZE,1880000,historical
2025-11-01,Red Velvet,5530000,historical
2025-11-01,Rocket Punch,201000,historical
2025-11-01,SECRET NUMBER,1610000,historical
2025-11-01,SEVENTEEN,16200000,historical
2025-11-01,SEVENUS,18900,historical
2025-11-01,SF9,1000000,historical
2025-11-01,SMN,462000,historical
2025-11-01,SMORZ,128000,historical
2025-11-01,STAYC,1830000,historical
2025-11-01,Stray Kids,22300000,historical
2025-11-01,TEMPEST,509000,historical
2025-11-01,THE BOYZ,2270000,historical
2025-11-01,THE NEW SIX,807000,historical
2025-11-01,TIOT,83300,historical
2025-11-01,TREASURE,7880000,historical
2025-11-01,TRENDZ,181000,historical
2025-11-01,TRI.BE,643000,historical
2025-11-01,TWICE,18800000,historical
2025-11-01,TWS,1420000,historical
2025-11-01,TXT,13100000,historical
2025-11-01,The KingDom,384000,historical
2025-11-01,The Wind,738000,historical
2025-11-01,Tracer,3590,historical
2025-11-01,UDTT,106000,historical
2025-11-01,UNICODE,1030,historical
2025-11-01,UNIS,803000,historical
2025-11-01,USPEER,27100,historical
2025-11-01,VANNER,100000,historical
2025-11-01,VIVIZ,739000,historical
2025-11-01,VVS,60600,historical
2025-11-01,W!TCHX,8189,historical
2025-11-01,WAKER,71000,historical
2025-11-01,WATERFIRE,5500,historical
2025-11-01,WEi,699000,historical
2025-11-01,WHIB,642000,historical
2025-11-01,WJSN,310000,historical
2025-11-01,WOOAH,412000,historical
2025-11-01,We;Na,23600,historical
2025-11-01,Weeekly,419000,historical
2025-11-01,XLOV,809000,historical
2025-11-01,XODIAC,693000,historical
2025-11-01,Xdinary Heroes,1200000,historical
2025-11-01,YOUNG POSSE,338000,historical
2025-11-01,YOUNITE,120000,historical
2025-11-01,ZEROBASEONE,2049999,historical
2025-11-01,ablume,91500,historical
2025-11-01,aespa,8180000,historical
2025-11-01,fromis_9,1290000,historical
2025-11-01,i-dle,9480000,historical
2025-11-01,idntt,799000,historical
2025-11-01,ifeye,269000,historical
2025-11-01,izna,1960000,historical
2025-11-01,n.SSign,94200,historical
2025-11-01,tripleS,2880000,historical
2025-11-01,xikers,829000,historical
2025-12-01,82MAJOR,520000,historical
2025-12-01,8TURN,1270000,historical
2025-12-01,AB6IX,504000,historical
2025-12-01,ADYA,15400,historical
2025-12-01,AEONIT,19700,historical
2025-12-01,AHOF,527000,historical
2025-12-01,AIMERS,60800,historical
2025-12-01,ALL(H)OURS,332000,historical
2025-12-01,ALLDAY PROJECT,996000,historical
2025-12-01,ALLDAY PROJECT,996000,historical
2025-12-01,ALPHA DRIVE ONE,550000,historical
2025-12-01,AM8IC,7770,historical
2025-12-01,AMPERS&ONE,310000,historical
2025-12-01,ARTBEAT v,4970000,historical
2025-12-01,ARTMS,1040000,historical
2025-12-01,ARrC,414000,historical
2025-12-01,ASC2NT,90700,historical
2025-12-01,ASTRO,5520000,historical
2025-12-01,ATBO,182000,historical
2025-12-01,ATEEZ,4730000,historical
2025-12-01,AtHeart,1310000,historical
2025-12-01,AxMxP,290000,historical
2025-12-01,B.D.U,35000,historical
2025-12-01,BABYMONSTER,10900000,historical
2025-12-01,BADVILLAIN,169000,historical
2025-12-01,BAE173,251000,historical
2025-12-01,BE BOYS,10200,historical
2025-12-01,BEWAVE,217000,historical
2025-12-01,BLACKPINK,99500000,historical
2025-12-01,BLACKSWAN,904000,historical
2025-12-01,BLITZERS,217000,historical
2025-12-01,BOYNEXTDOOR,2120000,historical
2025-12-01,BTS,81900000,historical
2025-12-01,Baby DONT Cry,153000,historical
2025-12-01,Billlie,747000,historical
2025-12-01,Burvey,62900,historical
2025-12-01,CIX,1010000,historical
2025-12-01,CLASS:y,329000,historical
2025-12-01,CLOSE YOUR EYES,678000,historical
2025-12-01,CORTIS,2540000,historical
2025-12-01,CRAVITY,864000,historical
2025-12-01,CRAXY,238000,historical
2025-12-01,CSR,135000,historical
2025-12-01,Candy Shop,32200,historical
2025-12-01,DAY6,2280000,historical
2025-12-01,DKB,216000,historical
2025-12-01,DRIPPIN,514000,historical
2025-12-01,DXMON,61200,historical
2025-12-01,DayChild,3690,historical
2025-12-01,Dragon Pony,35800,historical
2025-12-01,Dreamcatcher,1780000,historical
2025-12-01,E'LAST,285000,historical
2025-12-01,EASTSHINE,41100,historical
2025-12-01,ENHYPEN,13000000,historical
2025-12-01,EPEX,557000,historical
2025-12-01,EVNNE,649000,historical
2025-12-01,FANTASY BOYS,74400,historical
2025-12-01,FIFTY FIFTY,2140000,historical
2025-12-01,Geenius,36800,historical
2025-12-01,"Golden Child, GNCD",381000,historical
2025-12-01,H1-KEY,414000,historical
2025-12-01,HAWW,53300,historical
2025-12-01,HITGS,61900,historical
2025-12-01,Hearts2Hearts,1400000,historical
2025-12-01,I:MOND,15800,historical
2025-12-01,ICHILLIN',108000,historical
2025-12-01,IDID,123000,historical
2025-12-01,ILLIT,3370000,historical
2025-12-01,ILY:1,168000,historical
2025-12-01,IRRIS,49000,historical
2025-12-01,ITZY,9720000,historical
2025-12-01,IVE,4690000,historical
2025-12-01,Ikon,8680000,historical
2025-12-01,KIIRAS,135000,historical
2025-12-01,KISS OF LIFE,2020000,historical
2025-12-01,Kep1er,2530000,historical
2025-12-01,KickFlip,591000,historical
2025-12-01,KiiiKiii,224000,historical
2025-12-01,LE SSERAFIM,6790000,historical
2025-12-01,LNGSHOT,197000,historical
2025-12-01,LOVEONE,21300,historical
2025-12-01,LUN8,920000,historical
2025-12-01,Loossemble,232000,historical
2025-12-01,MADEIN,187000,historical
2025-12-01,MCND,375000,historical
2025-12-01,MEOVV,1090000,historical
2025-12-01,MIRAE,397000,historical
2025-12-01,MONSTA X,2600000,historical
2025-12-01,NAZE,1140,historical
2025-12-01,NCHIVE,78300,historical
2025-12-01,NCT 127,5630000,historical
2025-12-01,NCT DREAM,7030000,historical
2025-12-01,NEWBEAT,79100,historical
2025-12-01,NEXZ,461000,historical
2025-12-01,NINE.i,238000,historical
2025-12-01,NMIXX,3860000,historical
2025-12-01,NOMAD,60900,historical
2025-12-01,NOWZ,149000,historical
2025-12-01,NewJeans,8240000,historical
2025-12-01,NouerA,207000,historical
2025-12-01,ODD YOUTH,23500,historical
2025-12-01,OH MY GIRL,1050000,historical
2025-12-01,OMEGA X,390000,historical
2025-12-01,ONE PACT,150000,historical
2025-12-01,ONEUS,1590000,historical
2025-12-01,ONF,277000,historical
2025-12-01,P1Harmony,1600000,historical
2025-12-01,PENTAGON,1670000,historical
2025-12-01,PICKUS,8470,historical
2025-12-01,PLAVE,1130000,historical
2025-12-01,POW,168000,historical
2025-12-01,PRIMROSE,133000,historical
2025-12-01,PURPLE KISS,702000,historical
2025-12-01,QWER,1270000,historical
2025-12-01,RESCENE,291000,historical
2025-12-01,RIIZE,1920000,historical
2025-12-01,Red Velvet,5530000,historical
2025-12-01,Rocket Punch,201000,historical
2025-12-01,SECRET NUMBER,1610000,historical
2025-12-01,SEVENTEEN,16399999,historical
2025-12-01,SEVENUS,20900,historical
2025-12-01,SF9,999000,historical
2025-12-01,SMN,466000,historical
2025-12-01,SMORZ,139000,historical
2025-12-01,STAYC,1840000,historical
2025-12-01,Stray Kids,22600000,historical
2025-12-01,TEMPEST,510000,historical
2025-12-01,THE BOYZ,2270000,historical
2025-12-01,THE NEW SIX,806000,historical
2025-12-01,TIOT,84300,historical
2025-12-01,TREASURE,7890000,historical
2025-12-01,TRENDZ,181000,historical
2025-12-01,TRI.BE,644000,historical
2025-12-01,TWICE,18900000,historical
2025-12-01,TWS,1510000,historical
2025-12-01,TXT,13200000,historical
2025-12-01,The KingDom,383000,historical
2025-12-01,The Wind,738000,historical
2025-12-01,Tracer,3600,historical
2025-12-01,UDTT,107000,historical
2025-12-01,UNICODE,1030,historical
2025-12-01,UNIS,816000,historical
2025-12-01,USPEER,28200,historical
2025-12-01,VANNER,100000,historical
2025-12-01,VIVIZ,741000,historical
2025-12-01,VVS,61900,historical
2025-12-01,W!TCHX,8330,historical
2025-12-01,WAKER,73100,historical
2025-12-01,WATERFIRE,5490,historical
2025-12-01,WEi,698000,historical
2025-12-01,WHIB,645000,historical
2025-12-01,WJSN,310000,historical
2025-12-01,WOOAH,412000,historical
2025-12-01,We;Na,24700,historical
2025-12-01,Weeekly,418000,historical
2025-12-01,XLOV,911000,historical
2025-12-01,XODIAC,699000,historical
2025-12-01,Xdinary Heroes,1200000,historical
2025-12-01,YOUNG POSSE,340000,historical
2025-12-01,YOUNITE,121000,historical
2025-12-01,YUHZ,12500,historical
2025-12-01,ZEROBASEONE,2060000,historical
2025-12-01,ablume,92400,historical
2025-12-01,aespa,8199999,historical
2025-12-01,fromis_9,1290000,historical
2025-12-01,i-dle,9520000,historical
2025-12-01,idntt,798000,historical
2025-12-01,ifeye,272000,historical
2025-12-01,izna,1960000,historical
2025-12-01,n.SSign,94200,historical
2025-12-01,tripleS,2900000,historical
2025-12-01,xikers,849000,historical
2026-01-01,82MAJOR,522000,historical
2026-01-01,8TURN,1270000,historical
2026-01-01,AB6IX,504000,historical
2026-01-01,ADYA,15400,historical
2026-01-01,AEONIT,19700,historical
2026-01-01,AHOF,533000,historical
2026-01-01,AIMERS,60700,historical
2026-01-01,ALL(H)OURS,334000,historical
2026-01-01,ALLDAY PROJECT,1060000,historical
2026-01-01,ALLDAY PROJECT,1060000,historical
2026-01-01,ALPHA DRIVE ONE,647000,historical
2026-01-01,AM8IC,8860,historical
2026-01-01,AMPERS&ONE,315000,historical
2026-01-01,ARTBEAT v,4980000,historical
2026-01-01,ARTMS,1040000,historical
2026-01-01,ARrC,416000,historical
2026-01-01,ASC2NT,91000,historical
2026-01-01,ASTRO,5520000,historical
2026-01-01,ATBO,182000,historical
2026-01-01,ATEEZ,4750000,historical
2026-01-01,AtHeart,1310000,historical
2026-01-01,AxMxP,305000,historical
2026-01-01,B.D.U,35000,historical
2026-01-01,BABYMONSTER,11100000,historical
2026-01-01,BADVILLAIN,170000,historical
2026-01-01,BAE173,251000,historical
2026-01-01,BE BOYS,10500,historical
2026-01-01,BEWAVE,217000,historical
2026-01-01,BLACKPINK,99700000,historical
2026-01-01,BLACKSWAN,904000,historical
2026-01-01,BLITZERS,218000,historical
2026-01-01,BOYNEXTDOOR,2150000,historical
2026-01-01,BTS,82100000,historical
2026-01-01,Baby DONT Cry,157000,historical
2026-01-01,Billlie,748000,historical
2026-01-01,Burvey,63900,historical
2026-01-01,CIX,1010000,historical
2026-01-01,CLASS:y,330000,historical
2026-01-01,CLOSE YOUR EYES,683000,historical
2026-01-01,CORTIS,2900000,historical
2026-01-01,CRAVITY,866000,historical
2026-01-01,CRAXY,238000,historical
2026-01-01,CSR,135000,historical
2026-01-01,Candy Shop,32600,historical
2026-01-01,DAILY:DIRECTION,125000,historical
2026-01-01,DAY6,2280000,historical
2026-01-01,DKB,216000,historical
2026-01-01,DRIPPIN,513000,historical
2026-01-01,DXMON,61700,historical
2026-01-01,DayChild,3680,historical
2026-01-01,Dragon Pony,36500,historical
2026-01-01,Dreamcatcher,1780000,historical
2026-01-01,E'LAST,285000,historical
2026-01-01,EASTSHINE,42400,historical
2026-01-01,ENHYPEN,13200000,historical
2026-01-01,EPEX,556000,historical
2026-01-01,EVNNE,649000,historical
2026-01-01,FANTASY BOYS,74500,historical
2026-01-01,FIFTY FIFTY,2150000,historical
2026-01-01,Geenius,38700,historical
2026-01-01,"Golden Child, GNCD",380000,historical
2026-01-01,H1-KEY,417000,historical
2026-01-01,HAWW,53200,historical
2026-01-01,HITGS,63200,historical
2026-01-01,Hearts2Hearts,1460000,historical
2026-01-01,I:MOND,15800,historical
2026-01-01,ICHILLIN',109000,historical
2026-01-01,IDID,127000,historical
2026-01-01,ILLIT,3540000,historical
2026-01-01,ILY:1,168000,historical
2026-01-01,IRRIS,48900,historical
2026-01-01,ITZY,9730000,historical
2026-01-01,IVE,4740000,historical
2026-01-01,Ikon,8680000,historical
2026-01-01,KIIRAS,137000,historical
2026-01-01,KISS OF LIFE,2020000,historical
2026-01-01,Kep1er,2530000,historical
2026-01-01,KickFlip,605000,historical
2026-01-01,KiiiKiii,255000,historical
2026-01-01,LE SSERAFIM,6930000,historical
2026-01-01,LNGSHOT,699000,historical
2026-01-01,LOVEONE,21600,historical
2026-01-01,LUN8,926000,historical
2026-01-01,Loossemble,232000,historical
2026-01-01,MADEIN,187000,historical
2026-01-01,MCND,375000,historical
2026-01-01,MEOVV,1120000,historical
2026-01-01,MIRAE,396000,historical
2026-01-01,MONSTA X,2610000,historical
2026-01-01,NAZE,1270,historical
2026-01-01,NCHIVE,79900,historical
2026-01-01,NCT 127,5630000,historical
2026-01-01,NCT DREAM,7040000,historical
2026-01-01,NEWBEAT,84000,historical
2026-01-01,NEXZ,473000,historical
2026-01-01,NINE.i,238000,historical
2026-01-01,NMIXX,3940000,historical
2026-01-01,NOMAD,60900,historical
2026-01-01,NOWZ,150000,historical
2026-01-01,NewJeans,8270000,historical
2026-01-01,NouerA,209000,historical
2026-01-01,ODD YOUTH,24300,historical
2026-01-01,OH MY GIRL,1050000,historical
2026-01-01,OMEGA X,390000,historical
2026-01-01,ONE PACT,150000,historical
2026-01-01,ONEUS,1590000,historical
2026-01-01,ONF,277000,historical
2026-01-01,OWIS,3850,historical
2026-01-01,P1Harmony,1620000,historical
2026-01-01,PENTAGON,1670000,historical
2026-01-01,PICKUS,8470,historical
2026-01-01,PLAVE,1130000,historical
2026-01-01,POW,170000,historical
2026-01-01,PRIMROSE,133000,historical
2026-01-01,PURPLE KISS,701000,historical
2026-01-01,QWER,1280000,historical
2026-01-01,RESCENE,300000,historical
2026-01-01,RIIZE,1940000,historical
2026-01-01,Red Velvet,5530000,historical
2026-01-01,Rocket Punch,200000,historical
2026-01-01,SECRET NUMBER,1610000,historical
2026-01-01,SEVENTEEN,16500000,historical
2026-01-01,SEVENUS,21100,historical
2026-01-01,SF9,999000,historical
2026-01-01,SMN,472000,historical
2026-01-01,SMORZ,139000,historical
2026-01-01,STAYC,1840000,historical
2026-01-01,Stray Kids,22900000,historical
2026-01-01,TEMPEST,510000,historical
2026-01-01,THE BOYZ,2270000,historical
2026-01-01,THE NEW SIX,807000,historical
2026-01-01,TIOT,84400,historical
2026-01-01,TREASURE,7900000,historical
2026-01-01,TRENDZ,183000,historical
2026-01-01,TRI.BE,644000,historical
2026-01-01,TWICE,19000000,historical
2026-01-01,TWS,1620000,historical
2026-01-01,TXT,13200000,historical
2026-01-01,The KingDom,383000,historical
2026-01-01,The Wind,738000,historical
2026-01-01,Tracer,3620,historical
2026-01-01,UDTT,107000,historical
2026-01-01,UNICODE,1030,historical
2026-01-01,UNIS,821000,historical
2026-01-01,USPEER,28500,historical
2026-01-01,VANNER,100000,historical
2026-01-01,VIVIZ,742000,historical
2026-01-01,VVS,63100,historical
2026-01-01,W!TCHX,8370,historical
2026-01-01,WAKER,75500,historical
2026-01-01,WATERFIRE,5490,historical
2026-01-01,WEi,698000,historical
2026-01-01,WHIB,645000,historical
2026-01-01,WJSN,311000,historical
2026-01-01,WOOAH,412000,historical
2026-01-01,We;Na,25400,historical
2026-01-01,Weeekly,418000,historical
2026-01-01,XLOV,958000,historical
2026-01-01,XODIAC,702000,historical
2026-01-01,Xdinary Heroes,1210000,historical
2026-01-01,YOUNG POSSE,344000,historical
2026-01-01,YOUNITE,121000,historical
2026-01-01,YUHZ,13900,historical
2026-01-01,ZEROBASEONE,2080000,historical
2026-01-01,ablume,93100,historical
2026-01-01,aespa,8210000,historical
2026-01-01,fromis_9,1290000,historical
2026-01-01,i-dle,9550000,historical
2026-01-01,idntt,817000,historical
2026-01-01,ifeye,274000,historical
2026-01-01,izna,1970000,historical
2026-01-01,n.SSign,94900,historical
2026-01-01,tripleS,2910000,historical
2026-01-01,xikers,876000,historical
2026-03-10,TWICE,19100000,daily
2026-03-10,aespa,8240000,daily
2026-03-10,Kep1er,2520000,daily
2026-03-10,ADYA,15500,daily
2026-03-10,Billlie,749000,daily
2026-03-10,ITZY,9750000,daily
2026-03-10,QWER,1310000,daily
2026-03-10,IVE,4900000,daily
2026-03-10,Dreamcatcher,1780000,daily
2026-03-10,RESCENE,309000,daily
2026-03-10,KISS OF LIFE,2020000,daily
2026-03-10,CSR,135000,daily
2026-03-10,UNIS,827000,daily
2026-03-10,ILLIT,3720000,daily
2026-03-10,ICHILLIN',109000,daily
2026-03-10,ILY:1,167000,daily
2026-03-10,OH MY GIRL,1050000,daily
2026-03-10,WJSN,319000,daily
2026-03-10,Tracer,3630,daily
2026-03-10,WOOAH,413000,daily
2026-03-10,BEWAVE,216000,daily
2026-03-10,SMN,476000,daily
2026-03-10,BLACKSWAN,903000,daily
2026-03-10,fromis_9,1290000,daily
2026-03-10,tripleS,2920000,daily
2026-03-10,H1-KEY,423000,daily
2026-03-10,YOUNG POSSE,350000,daily
2026-03-10,TRI.BE,645000,daily
2026-03-10,PURPLE KISS,700000,daily
2026-03-10,i-dle,9620000,daily
2026-03-10,BLACKPINK,100000000,daily
2026-03-10,ARTBEAT v,4990000,daily
2026-03-10,VIVIZ,742000,daily
2026-03-10,CLASS:y,331000,daily
2026-03-10,ARTMS,1040000,daily
2026-03-10,IRRIS,48700,daily
2026-03-10,BABYMONSTER,11400000,daily
2026-03-10,Rocket Punch,200000,daily
2026-03-10,NMIXX,4100000,daily
2026-03-10,izna,1980000,daily
2026-03-10,Red Velvet,5550000,daily
2026-03-10,Weeekly,417000,daily
2026-03-10,BADVILLAIN,172000,daily
2026-03-10,FIFTY FIFTY,2160000,daily
2026-03-10,NewJeans,8300000,daily
2026-03-10,MEOVV,1140000,daily
2026-03-10,Candy Shop,33200,daily
2026-03-10,MADEIN,191000,daily
2026-03-10,STAYC,1830000,daily
2026-03-10,LE SSERAFIM,7040000,daily
2026-03-10,MONSTA X,2600000,daily
2026-03-10,ifeye,277000,daily
2026-03-10,SEVENTEEN,16800000,daily
2026-03-10,SPIA,2170,daily
2026-03-10,UDTT,107000,daily
2026-03-10,ALLDAY PROJECT,1090000,daily
2026-03-10,Baby DONT Cry,163000,daily
2026-03-10,AB6IX,503000,daily
2026-03-10,USPEER,29700,daily
2026-03-10,ablume,94000,daily
2026-03-10,NCT DREAM,7050000,daily
2026-03-10,PRIMROSE,133000,daily
2026-03-10,HITGS,64500,daily
2026-03-10,I:MOND,15800,daily
2026-03-10,ENHYPEN,13400000,daily
2026-03-10,SECRET NUMBER,1600000,daily
2026-03-10,SMORZ,138000,daily
2026-03-10,ASTRO,5520000,daily
2026-03-10,UNICODE,1020,daily
2026-03-10,We;Na,26600,daily
2026-03-10,AtHeart,1340000,daily
2026-03-10,VVS,64200,daily
2026-03-10,TXT,13300000,daily
2026-03-10,Geenius,40100,daily
2026-03-10,Hearts2Hearts,1760000,daily
2026-03-10,Burvey,64300,daily
2026-03-10,BOYNEXTDOOR,2190000,daily
2026-03-10,KiiiKiii,364000,daily
2026-03-10,PENTAGON,1670000,daily
2026-03-10,PLAVE,1140000,daily
2026-03-10,Xdinary Heroes,1210000,daily
2026-03-10,CRAXY,238000,daily
2026-03-10,Loossemble,233000,daily
2026-03-10,THE BOYZ,2260000,daily
2026-03-10,NCT 127,5630000,daily
2026-03-10,TREASURE,7910000,daily
2026-03-10,RIIZE,1970000,daily
2026-03-10,LOVEONE,22400,daily
2026-03-10,TWS,1720000,daily
2026-03-10,TEMPEST,510000,daily
2026-03-10,IRISÉ,87200,daily
2026-03-10,SF9,997000,daily
2026-03-10,Stray Kids,23200000,daily
2026-03-10,P1Harmony,1640000,daily
2026-03-10,KIIRAS,141000,daily
2026-03-10,Ikon,8670000,daily
2026-03-10,W!TCHX,8430,daily
2026-03-10,ZEROBASEONE,2090000,daily
2026-03-10,BTS,82400000,daily
2026-03-10,ODD YOUTH,26000,daily
2026-03-10,The KingDom,382000,daily
2026-03-10,NouerA,209000,daily
2026-03-10,POW,182000,daily
2026-03-10,BAE173,251000,daily
2026-03-10,n.SSign,96500,daily
2026-03-10,FANTASY BOYS,74600,daily
2026-03-10,ALL(H)OURS,346000,daily
2026-03-10,BLITZERS,218000,daily
2026-03-10,MCND,377000,daily
2026-03-10,NOMAD,60700,daily
2026-03-10,NINE.i,238000,daily
2026-03-10,CRAVITY,869000,daily
2026-03-10,YOUNITE,122000,daily
2026-03-10,AIMERS,61200,daily
2026-03-10,WHIB,647000,daily
2026-03-10,ONF,277000,daily
2026-03-10,TRENDZ,185000,daily
2026-03-10,ONEUS,1590000,daily
2026-03-10,NCHIVE,81500,daily
2026-03-10,AMPERS&ONE,317000,daily
2026-03-10,LUN8,938000,daily
2026-03-10,WEi,697000,daily
2026-03-10,DRIPPIN,512000,daily
2026-03-10,xikers,921000,daily
2026-03-10,ATBO,180000,daily
2026-03-10,NOWZ,162000,daily
2026-03-10,XODIAC,708000,daily
2026-03-10,THE NEW SIX,807000,daily
2026-03-10,"Golden Child, GNCD",380000,daily
2026-03-10,KickFlip,623000,daily
2026-03-10,CIX,1010000,daily
2026-03-10,OMEGA X,390000,daily
2026-03-10,DXMON,63800,daily
2026-03-10,82MAJOR,525000,daily
2026-03-10,ATEEZ,4830000,daily
2026-03-10,DAY6,2280000,daily
2026-03-10,NEXZ,486000,daily
2026-03-10,VANNER,99900,daily
2026-03-10,DKB,217000,daily
2026-03-10,ONE PACT,154000,daily
2026-03-10,ARrC,414000,daily
2026-03-10,EPEX,555000,daily
2026-03-10,MIRAE,395000,daily
2026-03-10,8TURN,1270000,daily
2026-03-10,SEVENUS,22400,daily
2026-03-10,TIOT,85000,daily
2026-03-10,WAKER,78200,daily
2026-03-10,E'LAST,284000,daily
2026-03-10,The Wind,737000,daily
2026-03-10,EVNNE,649000,daily
2026-03-10,EASTSHINE,42600,daily
2026-03-10,ASC2NT,93500,daily
2026-03-10,WATERFIRE,5480,daily
2026-03-10,CORTIS,3250000,daily
2026-03-10,AM8IC,10600,daily
2026-03-10,YUHZ,16800,daily
2026-03-10,PICKUS,8470,daily
2026-03-10,ALPHA DRIVE ONE,680000,daily
2026-03-10,idntt,823000,daily
2026-03-10,HAWW,53000,daily
2026-03-10,AEONIT,19600,daily
2026-03-10,AHOF,541000,daily
2026-03-10,ALLDAY PROJECT,1090000,daily
2026-03-10,BE BOYS,11800,daily
2026-03-10,IDID,134000,daily
2026-03-10,XLOV,1000000,daily
2026-03-10,DayChild,3700,daily
2026-03-10,NEWBEAT,88600,daily
2026-03-10,NAZE,1710,daily
2026-03-10,LNGSHOT,1100000,daily
2026-03-10,B.D.U,34900,daily
2026-03-10,AxMxP,314000,daily
2026-03-10,Dragon Pony,37300,daily
2026-03-10,CLOSE YOUR EYES,689000,daily
2026-03-10,OH MY GIRL,1050000,daily
2026-03-10,Tracer,3630,daily
2026-03-10,MADEIN,191000,daily
2026-03-10,TWICE,19100000,daily
2026-03-10,KISS OF LIFE,2020000,daily
2026-03-10,izna,1980000,daily
2026-03-10,STAYC,1830000,daily
2026-03-10,ITZY,9750000,daily
2026-03-10,Weeekly,417000,daily
2026-03-10,ADYA,15500,daily
2026-03-10,FIFTY FIFTY,2160000,daily
2026-03-10,ICHILLIN',109000,daily
2026-03-10,ILLIT,3720000,daily
2026-03-10,Rocket Punch,200000,daily
2026-03-10,H1-KEY,423000,daily
2026-03-10,WJSN,319000,daily
2026-03-10,Billlie,749000,daily
2026-03-10,Dreamcatcher,1780000,daily
2026-03-10,WOOAH,413000,daily
2026-03-10,LE SSERAFIM,7040000,daily
2026-03-10,YOUNG POSSE,350000,daily
2026-03-10,PURPLE KISS,700000,daily
2026-03-10,MEOVV,1140000,daily
2026-03-10,CLASS:y,331000,daily
2026-03-10,NMIXX,4100000,daily
2026-03-10,UNIS,827000,daily
2026-03-10,aespa,8240000,daily
2026-03-10,VIVIZ,742000,daily
2026-03-10,ILY:1,167000,daily
2026-03-10,tripleS,2920000,daily
2026-03-10,Red Velvet,5550000,daily
2026-03-10,ARTBEAT v,4990000,daily
2026-03-10,fromis_9,1290000,daily
2026-03-10,TRI.BE,645000,daily
2026-03-10,i-dle,9620000,daily
2026-03-10,CSR,135000,daily
2026-03-10,RESCENE,309000,daily
2026-03-10,Kep1er,2520000,daily
2026-03-10,ARTMS,1040000,daily
2026-03-10,NewJeans,8300000,daily
2026-03-10,Candy Shop,33200,daily
2026-03-10,QWER,1310000,daily
2026-03-10,IVE,4900000,daily
2026-03-10,BLACKPINK,100000000,daily
2026-03-10,BEWAVE,216000,daily
2026-03-10,BLACKSWAN,903000,daily
2026-03-10,SMN,476000,daily
2026-03-10,BABYMONSTER,11400000,daily
2026-03-10,IRRIS,48700,daily
2026-03-10,BADVILLAIN,172000,daily
2026-03-10,LOVEONE,22400,daily
2026-03-10,PLAVE,1140000,daily
2026-03-10,ODD YOUTH,26000,daily
2026-03-10,KIIRAS,141000,daily
2026-03-10,I:MOND,15800,daily
2026-03-10,PRIMROSE,133000,daily
2026-03-10,ASTRO,5520000,daily
2026-03-10,CRAXY,238000,daily
2026-03-10,Baby DONT Cry,163000,daily
2026-03-10,Hearts2Hearts,1760000,daily
2026-03-10,ifeye,277000,daily
2026-03-10,AB6IX,503000,daily
2026-03-10,ALLDAY PROJECT,1090000,daily
2026-03-10,Geenius,40100,daily
2026-03-10,SPIA,2170,daily
2026-03-10,TXT,13300000,daily
2026-03-10,VVS,64200,daily
2026-03-10,SEVENTEEN,16800000,daily
2026-03-10,Burvey,64300,daily
2026-03-10,BTS,82400000,daily
2026-03-10,MONSTA X,2600000,daily
2026-03-10,W!TCHX,8430,daily
2026-03-10,TEMPEST,510000,daily
2026-03-10,HITGS,64500,daily
2026-03-10,Ikon,8670000,daily
2026-03-10,SMORZ,138000,daily
2026-03-10,UNICODE,1020,daily
2026-03-10,P1Harmony,1640000,daily
2026-03-10,ZEROBASEONE,2090000,daily
2026-03-10,KiiiKiii,364000,daily
2026-03-10,PENTAGON,1670000,daily
2026-03-10,We;Na,26600,daily
2026-03-10,NCT 127,5630000,daily
2026-03-10,RIIZE,1970000,daily
2026-03-10,TWS,1720000,daily
2026-03-10,TREASURE,7910000,daily
2026-03-10,ablume,94000,daily
2026-03-10,BOYNEXTDOOR,2190000,daily
2026-03-10,Xdinary Heroes,1210000,daily
2026-03-10,NCT DREAM,7050000,daily
2026-03-10,USPEER,29700,daily
2026-03-10,IRISÉ,87200,daily
2026-03-10,SF9,997000,daily
2026-03-10,UDTT,107000,daily
2026-03-10,Loossemble,233000,daily
2026-03-10,ENHYPEN,13400000,daily
2026-03-10,THE BOYZ,2260000,daily
2026-03-10,SECRET NUMBER,1600000,daily
2026-03-10,AtHeart,1340000,daily
2026-03-10,Stray Kids,23200000,daily
2026-03-10,AIMERS,61200,daily
2026-03-10,NOMAD,60700,daily
2026-03-10,MIRAE,395000,daily
2026-03-10,BLITZERS,218000,daily
2026-03-10,DAY6,2280000,daily
2026-03-10,NOWZ,162000,daily
2026-03-10,EVNNE,649000,daily
2026-03-10,DXMON,63800,daily
2026-03-10,THE NEW SIX,807000,daily
2026-03-10,VANNER,99900,daily
2026-03-10,ALL(H)OURS,346000,daily
2026-03-10,DKB,217000,daily
2026-03-10,NouerA,209000,daily
2026-03-10,DRIPPIN,512000,daily
2026-03-10,CRAVITY,869000,daily
2026-03-10,ARrC,414000,daily
2026-03-10,82MAJOR,525000,daily
2026-03-10,OMEGA X,390000,daily
2026-03-10,WAKER,78200,daily
2026-03-10,ONE PACT,154000,daily
2026-03-10,xikers,921000,daily
2026-03-10,WHIB,647000,daily
2026-03-10,"Golden Child, GNCD",380000,daily
2026-03-10,ONF,277000,daily
2026-03-10,n.SSign,96500,daily
2026-03-10,POW,182000,daily
2026-03-10,MCND,377000,daily
2026-03-10,E'LAST,284000,daily
2026-03-10,NCHIVE,81500,daily
2026-03-10,YOUNITE,122000,daily
2026-03-10,8TURN,1270000,daily
2026-03-10,KickFlip,623000,daily
2026-03-10,BAE173,251000,daily
2026-03-10,LUN8,938000,daily
2026-03-10,The KingDom,382000,daily
2026-03-10,XODIAC,708000,daily
2026-03-10,WEi,697000,daily
2026-03-10,ATEEZ,4830000,daily
2026-03-10,CIX,1010000,daily
2026-03-10,The Wind,737000,daily
2026-03-10,ONEUS,1590000,daily
2026-03-10,ATBO,180000,daily
2026-03-10,TIOT,85000,daily
2026-03-10,AMPERS&ONE,317000,daily
2026-03-10,TRENDZ,185000,daily
2026-03-10,EPEX,555000,daily
2026-03-10,NINE.i,238000,daily
2026-03-10,FANTASY BOYS,74600,daily
2026-03-10,SEVENUS,22400,daily
2026-03-10,NEXZ,486000,daily
2026-03-10,WATERFIRE,5480,daily
2026-03-10,B.D.U,34900,daily
2026-03-10,CLOSE YOUR EYES,689000,daily
2026-03-10,ALLDAY PROJECT,1090000,daily
2026-03-10,AEONIT,19600,daily
2026-03-10,XLOV,1000000,daily
2026-03-10,EASTSHINE,42600,daily
2026-03-10,DayChild,3700,daily
2026-03-10,ASC2NT,93500,daily
2026-03-10,LNGSHOT,1100000,daily
2026-03-10,AHOF,541000,daily
2026-03-10,AM8IC,10600,daily
2026-03-10,BE BOYS,11800,daily
2026-03-10,idntt,823000,daily
2026-03-10,CORTIS,3250000,daily
2026-03-10,NAZE,1710,daily
2026-03-10,NEWBEAT,88600,daily
2026-03-10,PICKUS,8470,daily
2026-03-10,Dragon Pony,37300,daily
2026-03-10,ALPHA DRIVE ONE,680000,daily
2026-03-10,IDID,134000,daily
2026-03-10,YUHZ,16800,daily
2026-03-10,HAWW,53000,daily
2026-03-10,AxMxP,314000,daily
2026-03-11,TWICE,19100000,daily
2026-03-11,ARTMS,1040000,daily
2026-03-11,Dreamcatcher,1780000,daily
2026-03-11,NMIXX,4100000,daily
2026-03-11,KISS OF LIFE,2020000,daily
2026-03-11,RESCENE,309000,daily
2026-03-11,SMN,476000,daily
2026-03-11,aespa,8250000,daily
2026-03-11,YOUNG POSSE,350000,daily
2026-03-11,fromis_9,1290000,daily
2026-03-11,TRI.BE,645000,daily
2026-03-11,CSR,135000,daily
2026-03-11,H1-KEY,423000,daily
2026-03-11,FIFTY FIFTY,2160000,daily
2026-03-11,LE SSERAFIM,7050000,daily
2026-03-11,IVE,4900000,daily
2026-03-11,IRRIS,48700,daily
2026-03-11,Candy Shop,33200,daily
2026-03-11,MEOVV,1140000,daily
2026-03-11,Weeekly,417000,daily
2026-03-11,tripleS,2920000,daily
2026-03-11,BEWAVE,216000,daily
2026-03-11,CLASS:y,331000,daily
2026-03-11,Rocket Punch,200000,daily
2026-03-11,WOOAH,413000,daily
2026-03-11,ILY:1,167000,daily
2026-03-11,NewJeans,8300000,daily
2026-03-11,BLACKPINK,100000000,daily
2026-03-11,UNIS,827000,daily
2026-03-11,PURPLE KISS,700000,daily
2026-03-11,ADYA,15500,daily
2026-03-11,ILLIT,3720000,daily
2026-03-11,QWER,1310000,daily
2026-03-11,MADEIN,191000,daily
2026-03-11,Tracer,3630,daily
2026-03-11,BABYMONSTER,11400000,daily
2026-03-11,Billlie,749000,daily
2026-03-11,Kep1er,2520000,daily
2026-03-11,WJSN,319000,daily
2026-03-11,VIVIZ,742000,daily
2026-03-11,Red Velvet,5550000,daily
2026-03-11,ARTBEAT v,4990000,daily
2026-03-11,ICHILLIN',109000,daily
2026-03-11,izna,1980000,daily
2026-03-11,OH MY GIRL,1050000,daily
2026-03-11,i-dle,9620000,daily
2026-03-11,BADVILLAIN,172000,daily
2026-03-11,BLACKSWAN,903000,daily
2026-03-11,ITZY,9750000,daily
2026-03-11,STAYC,1830000,daily
2026-03-11,ENHYPEN,13400000,daily
2026-03-11,TWS,1720000,daily
2026-03-11,UDTT,107000,daily
2026-03-11,BOYNEXTDOOR,2190000,daily
2026-03-11,ZEROBASEONE,2090000,daily
2026-03-11,THE BOYZ,2260000,daily
2026-03-11,KiiiKiii,366000,daily
2026-03-11,BTS,82400000,daily
2026-03-11,Loossemble,233000,daily
2026-03-11,Geenius,40200,daily
2026-03-11,HITGS,64500,daily
2026-03-11,VVS,64200,daily
2026-03-11,SMORZ,138000,daily
2026-03-11,NCT DREAM,7050000,daily
2026-03-11,TXT,13300000,daily
2026-03-11,ALLDAY PROJECT,1090000,daily
2026-03-11,Baby DONT Cry,163000,daily
2026-03-11,We;Na,26600,daily
2026-03-11,AB6IX,503000,daily
2026-03-11,USPEER,29800,daily
2026-03-11,I:MOND,15800,daily
2026-03-11,SECRET NUMBER,1600000,daily
2026-03-11,ASTRO,5520000,daily
2026-03-11,PLAVE,1140000,daily
2026-03-11,SPIA,2170,daily
2026-03-11,UNICODE,1020,daily
2026-03-11,CRAXY,238000,daily
2026-03-11,Ikon,8670000,daily
2026-03-11,SEVENTEEN,16800000,daily
2026-03-11,KIIRAS,141000,daily
2026-03-11,TREASURE,7910000,daily
2026-03-11,RIIZE,1970000,daily
2026-03-11,IRISÉ,87400,daily
2026-03-11,ifeye,277000,daily
2026-03-11,PENTAGON,1670000,daily
2026-03-11,Burvey,64300,daily
2026-03-11,NCT 127,5630000,daily
2026-03-11,ablume,94000,daily
2026-03-11,AtHeart,1350000,daily
2026-03-11,MONSTA X,2600000,daily
2026-03-11,Hearts2Hearts,1770000,daily
2026-03-11,TEMPEST,510000,daily
2026-03-11,Stray Kids,23200000,daily
2026-03-11,Xdinary Heroes,1210000,daily
2026-03-11,SF9,997000,daily
2026-03-11,W!TCHX,8430,daily
2026-03-11,P1Harmony,1640000,daily
2026-03-11,PRIMROSE,133000,daily
2026-03-11,LOVEONE,22400,daily
2026-03-11,ODD YOUTH,26100,daily
2026-03-11,NOMAD,60600,daily
2026-03-11,The Wind,737000,daily
2026-03-11,NouerA,210000,daily
2026-03-11,EVNNE,649000,daily
2026-03-11,AIMERS,61200,daily
2026-03-11,LUN8,939000,daily
2026-03-11,ARrC,414000,daily
2026-03-11,KickFlip,623000,daily
2026-03-11,ONE PACT,154000,daily
2026-03-11,NINE.i,238000,daily
2026-03-11,WHIB,647000,daily
2026-03-11,POW,182000,daily
2026-03-11,AMPERS&ONE,317000,daily
2026-03-11,FANTASY BOYS,74600,daily
2026-03-11,TIOT,85000,daily
2026-03-11,BAE173,251000,daily
2026-03-11,82MAJOR,525000,daily
2026-03-11,VANNER,99900,daily
2026-03-11,DXMON,63800,daily
2026-03-11,NEXZ,486000,daily
2026-03-11,E'LAST,284000,daily
2026-03-11,ALL(H)OURS,346000,daily
2026-03-11,CRAVITY,869000,daily
2026-03-11,ATEEZ,4840000,daily
2026-03-11,DKB,217000,daily
2026-03-11,NCHIVE,81500,daily
2026-03-11,ONF,277000,daily
2026-03-11,BLITZERS,218000,daily
2026-03-11,n.SSign,96500,daily
2026-03-11,THE NEW SIX,807000,daily
2026-03-11,EPEX,555000,daily
2026-03-11,WEi,697000,daily
2026-03-11,The KingDom,382000,daily
2026-03-11,"Golden Child, GNCD",380000,daily
2026-03-11,OMEGA X,390000,daily
2026-03-11,DAY6,2280000,daily
2026-03-11,XODIAC,708000,daily
2026-03-11,SEVENUS,22400,daily
2026-03-11,TRENDZ,185000,daily
2026-03-11,ATBO,180000,daily
2026-03-11,DRIPPIN,512000,daily
2026-03-11,CIX,1010000,daily
2026-03-11,YOUNITE,122000,daily
2026-03-11,NOWZ,163000,daily
2026-03-11,8TURN,1270000,daily
2026-03-11,MIRAE,395000,daily
2026-03-11,ONEUS,1590000,daily
2026-03-11,MCND,377000,daily
2026-03-11,xikers,923000,daily
2026-03-11,WAKER,78200,daily
2026-03-11,AM8IC,10600,daily
2026-03-11,PICKUS,8480,daily
2026-03-11,NAZE,1720,daily
2026-03-11,CORTIS,3250000,daily
2026-03-11,ASC2NT,93600,daily
2026-03-11,YUHZ,16800,daily
2026-03-11,AHOF,541000,daily
2026-03-11,XLOV,1000000,daily
2026-03-11,NEWBEAT,88700,daily
2026-03-11,IDID,134000,daily
2026-03-11,Dragon Pony,37400,daily
2026-03-11,EASTSHINE,42600,daily
2026-03-11,BE BOYS,11800,daily
2026-03-11,HAWW,53000,daily
2026-03-11,ALLDAY PROJECT,1090000,daily
2026-03-11,AEONIT,19600,daily
2026-03-11,WATERFIRE,5480,daily
2026-03-11,CLOSE YOUR EYES,689000,daily
2026-03-11,idntt,824000,daily
2026-03-11,AxMxP,314000,daily
2026-03-11,B.D.U,34900,daily
2026-03-11,DayChild,3700,daily
2026-03-11,LNGSHOT,1110000,daily
2026-03-11,ALPHA DRIVE ONE,681000,daily
2026-03-12,MADEIN,191000,daily
2026-03-12,BABYMONSTER,11400000,daily
2026-03-12,ADYA,15500,daily
2026-03-12,TRI.BE,645000,daily
2026-03-12,BLACKSWAN,903000,daily
2026-03-12,IRRIS,48700,daily
2026-03-12,ARTBEAT v,4990000,daily
2026-03-12,CLASS:y,331000,daily
2026-03-12,IVE,4910000,daily
2026-03-12,tripleS,2920000,daily
2026-03-12,YOUNG POSSE,350000,daily
2026-03-12,Billlie,749000,daily
2026-03-12,Tracer,3630,daily
2026-03-12,BEWAVE,216000,daily
2026-03-12,LE SSERAFIM,7050000,daily
2026-03-12,ICHILLIN',109000,daily
2026-03-12,STAYC,1830000,daily
2026-03-12,ILY:1,167000,daily
2026-03-12,ILLIT,3720000,daily
2026-03-12,BADVILLAIN,172000,daily
2026-03-12,FIFTY FIFTY,2160000,daily
2026-03-12,PURPLE KISS,700000,daily
2026-03-12,WJSN,319000,daily
2026-03-12,CSR,135000,daily
2026-03-12,TWICE,19100000,daily
2026-03-12,BLACKPINK,100000000,daily
2026-03-12,izna,1980000,daily
2026-03-12,VIVIZ,742000,daily
2026-03-12,WOOAH,413000,daily
2026-03-12,ARTMS,1040000,daily
2026-03-12,KISS OF LIFE,2020000,daily
2026-03-12,NMIXX,4100000,daily
2026-03-12,fromis_9,1290000,daily
2026-03-12,Dreamcatcher,1780000,daily
2026-03-12,RESCENE,309000,daily
2026-03-12,ITZY,9750000,daily
2026-03-12,OH MY GIRL,1050000,daily
2026-03-12,i-dle,9620000,daily
2026-03-12,QWER,1310000,daily
2026-03-12,MEOVV,1140000,daily
2026-03-12,Red Velvet,5550000,daily
2026-03-12,NewJeans,8300000,daily
2026-03-12,Rocket Punch,200000,daily
2026-03-12,Candy Shop,33200,daily
2026-03-12,aespa,8250000,daily
2026-03-12,Kep1er,2520000,daily
2026-03-12,H1-KEY,424000,daily
2026-03-12,UNIS,827000,daily
2026-03-12,Weeekly,417000,daily
2026-03-12,SMN,476000,daily
2026-03-12,Xdinary Heroes,1210000,daily
2026-03-12,Ikon,8670000,daily
2026-03-12,PRIMROSE,133000,daily
2026-03-12,VVS,64200,daily
2026-03-12,BTS,82400000,daily
2026-03-12,ifeye,277000,daily
2026-03-12,TEMPEST,510000,daily
2026-03-12,Baby DONT Cry,164000,daily
2026-03-12,Stray Kids,23200000,daily
2026-03-12,SEVENTEEN,16800000,daily
2026-03-12,USPEER,29800,daily
2026-03-12,Hearts2Hearts,1780000,daily
2026-03-12,CRAXY,238000,daily
2026-03-12,SMORZ,138000,daily
2026-03-12,AtHeart,1350000,daily
2026-03-12,SECRET NUMBER,1600000,daily
2026-03-12,UDTT,107000,daily
2026-03-12,SF9,997000,daily
2026-03-12,HITGS,64600,daily
2026-03-12,We;Na,26600,daily
2026-03-12,NCT DREAM,7050000,daily
2026-03-12,UNICODE,1020,daily
2026-03-12,TXT,13300000,daily
2026-03-12,BOYNEXTDOOR,2190000,daily
2026-03-12,RIIZE,1970000,daily
2026-03-12,THE BOYZ,2260000,daily
2026-03-12,AB6IX,503000,daily
2026-03-12,MONSTA X,2600000,daily
2026-03-12,ALLDAY PROJECT,1090000,daily
2026-03-12,KiiiKiii,367000,daily
2026-03-12,ASTRO,5520000,daily
2026-03-12,Burvey,64300,daily
2026-03-12,ODD YOUTH,26100,daily
2026-03-12,ablume,94000,daily
2026-03-12,PLAVE,1140000,daily
2026-03-12,NCT 127,5630000,daily
2026-03-12,LOVEONE,22400,daily
2026-03-12,W!TCHX,8430,daily
2026-03-12,IRISÉ,87600,daily
2026-03-12,P1Harmony,1640000,daily
2026-03-12,TREASURE,7910000,daily
2026-03-12,Geenius,40200,daily
2026-03-12,PENTAGON,1670000,daily
2026-03-12,TWS,1730000,daily
2026-03-12,Loossemble,233000,daily
2026-03-12,I:MOND,15800,daily
2026-03-12,SPIA,2170,daily
2026-03-12,ENHYPEN,13400000,daily
2026-03-12,KIIRAS,141000,daily
2026-03-12,ZEROBASEONE,2090000,daily
2026-03-12,NouerA,210000,daily
2026-03-12,NOMAD,60600,daily
2026-03-12,DRIPPIN,512000,daily
2026-03-12,LUN8,939000,daily
2026-03-12,The KingDom,382000,daily
2026-03-12,DAY6,2280000,daily
2026-03-12,AMPERS&ONE,317000,daily
2026-03-12,YOUNITE,122000,daily
2026-03-12,NOWZ,163000,daily
2026-03-12,VANNER,99900,daily
2026-03-12,The Wind,737000,daily
2026-03-12,ARrC,414000,daily
2026-03-12,NEXZ,486000,daily
2026-03-12,OMEGA X,390000,daily
2026-03-12,"Golden Child, GNCD",380000,daily
2026-03-12,NINE.i,238000,daily
2026-03-12,n.SSign,96500,daily
2026-03-12,82MAJOR,526000,daily
2026-03-12,DXMON,63900,daily
2026-03-12,EPEX,555000,daily
2026-03-12,EVNNE,649000,daily
2026-03-12,SEVENUS,22400,daily
2026-03-12,ONF,277000,daily
2026-03-12,WAKER,78200,daily
2026-03-12,CRAVITY,869000,daily
2026-03-12,POW,182000,daily
2026-03-12,BLITZERS,218000,daily
2026-03-12,ATEEZ,4840000,daily
2026-03-12,WHIB,647000,daily
2026-03-12,ATBO,180000,daily
2026-03-12,ONE PACT,154000,daily
2026-03-12,AIMERS,61200,daily
2026-03-12,xikers,924000,daily
2026-03-12,WEi,697000,daily
2026-03-12,FANTASY BOYS,74600,daily
2026-03-12,MIRAE,395000,daily
2026-03-12,THE NEW SIX,807000,daily
2026-03-12,XODIAC,709000,daily
2026-03-12,KickFlip,624000,daily
2026-03-12,ONEUS,1590000,daily
2026-03-12,8TURN,1270000,daily
2026-03-12,ALL(H)OURS,346000,daily
2026-03-12,MCND,377000,daily
2026-03-12,TIOT,85000,daily
2026-03-12,TRENDZ,185000,daily
2026-03-12,CIX,1010000,daily
2026-03-12,NCHIVE,81600,daily
2026-03-12,DKB,217000,daily
2026-03-12,E'LAST,284000,daily
2026-03-12,BAE173,251000,daily
2026-03-12,XLOV,1000000,daily
2026-03-12,AEONIT,19600,daily
2026-03-12,ALPHA DRIVE ONE,681000,daily
2026-03-12,Dragon Pony,37500,daily
2026-03-12,idntt,824000,daily
2026-03-12,ASC2NT,93700,daily
2026-03-12,EASTSHINE,42600,daily
2026-03-12,LNGSHOT,1110000,daily
2026-03-12,YUHZ,16900,daily
2026-03-12,ALLDAY PROJECT,1090000,daily
2026-03-12,B.D.U,34900,daily
2026-03-12,CLOSE YOUR EYES,689000,daily
2026-03-12,AHOF,541000,daily
2026-03-12,AxMxP,314000,daily
2026-03-12,CORTIS,3260000,daily
2026-03-12,NEWBEAT,88700,daily
2026-03-12,IDID,134000,daily
2026-03-12,AM8IC,10600,daily
2026-03-12,BE BOYS,11800,daily
2026-03-12,PICKUS,8480,daily
2026-03-12,DayChild,3700,daily
2026-03-12,NAZE,1730,daily
2026-03-12,WATERFIRE,5480,daily
2026-03-12,HAWW,53000,daily
